질문 번호,구분,질문,실습 단계,질문 유형,정답 텍스트,G3 텍스트 정답 순위,G4 텍스트 정답 순위,G4 텍스트 평가,G4 텍스트 평가 근거,G4 검색 텍스트 Top-10,정답 이미지,G3 이미지 정답 순위,G4 이미지 정답 순위,G4 이미지 평가,G4 검색 이미지 Top-10
Q01,기존,로봇 케이블을 임의로 개조하거나 연장할 경우 발생할 수 있는 가장 큰 위험 두 가지는 무엇입니까?,안전/전원/케이블,안전 주의형,화재가 발생하거나 컨트롤러가 고장 날 수 있음,2,1,O,"keyword:발생,컨트롤러,고장","1. 일반 주의사항 | pages [11, 12] | keyword:발생,컨트롤러,고장 | stage= | 로봇을 사용하며 발생할 수 있는 일반적인 위험 및 경고 사항에 대해 설명합니다 . 경고 로봇과 전기 장치를 설치하는 경우 설치 매뉴얼을 참조하여 설치 하십시오 . 경고 로봇의 설치 시 툴에 장치를 장착하는 경우 적절한 볼트를 사용하여 체결하십시오 . 로봇의 설치 시에는 작업자와 로봇을 운용하는 사람을 보호하기 위한 안전 
2. 사용 시 주의사항 | pages [12, 13] | no_match keyword=0.25 semantic_rank=- | stage= | 로봇을 절대로 개조하지 마십시오 . 임의로 개조하여 발생한 사항에 대해서는 두산로보틱스에서 어떠한 책임도 지지 않습니다 . 로봇 작동하는 중에는 로봇이 닿는 범위 안으로 들어오거나 로봇을 만지지 마십시오 . 로봇과 충돌하여 로봇이 고장 나거나 상해를 입을 수 있습니다 . 경고 시스템을 사용할 때 , 항상 모든 설치 장비의
3. 산업안전보건기준에 관한 규칙 | pages [44, 45] | no_match keyword=0.12 semantic_rank=- | stage= | 제 222 조 ( 교시 등 ) 사업주는 산업용 로봇 ( 이하 "" 로봇 "" 이라 한다 ) 의 작동범위에서 해당 로봇에 대하여 교시 ( 敎示 ) 등 [ 매니퓰레이터 (manipulator) 의 작동순서 , 위치ㆍ속도의 설정ㆍ변경 또는 그 결과를 확인하는 것을 말한다 . 이하 같 다 ] 의 작업을 하는 경우에는 해당 로봇의 예
4. 안전 매뉴얼 | pages [9] | no_match keyword=0.00 semantic_rank=17 | stage= | 안전 매뉴얼에서는 사용자가 로봇을 설치하거나 사용하기 전에 숙지하여야 하는 안전 정보를 제공합니다 . 모든 로봇 에는 고압 , 전기 , 충돌 등으로 인한 위험이 포함되어 있습니다 . 그러므로 로봇과 해당 부품을 사용할 때는 부상과 기계 손상의 위험을 줄이기 위해 기본적인 안전 주의 사항을 반드시 준수해야 합니다 . 사용자
5. 사용 시 주의사항 | pages [12, 13] | keyword:발생,컨트롤러,고장; semantic_rank:1 | stage= | 로봇 및 컨트롤러의 작동 중에 로봇의 전원 플러그를 뽑거나 전원을 강제로 종료하는 경우 로봇 및 컨트 롤러의 고장의 원인이 될 수 있습니다 . 컨트롤러는 눕혀 놓고 사용하지 마십시오 . 덮개를 연 후 작업 시 부주의로 덮개가 닫혀 손 끼임 발생할 수 있으니 세워서 작업을 수행하십시오 . 위험 로봇에 이상이 생긴 경우 절대
6. 명판과 라벨 | pages [104] | no_match keyword=0.12 semantic_rank=16 | stage= | 로봇과 컨트롤러에 부착된 라벨을 제거하거나 손상되지 않도록 주의하십시오 .
7. 사용 시 주의사항 | pages [13, 14] | keyword:발생하거나,발생,컨트롤러,고장 | stage= | 안전 매뉴얼 직접교시 기능을 사용하기 전에 툴에 관련된 입력사항 ( 툴의 길이 , 무게 , 무게중심 등 ) 을 정확하게 입력 하십시오 . 실제 툴의 사양과 다른 정보가 입력되는 경우 직접교시 기능의 오류가 발생하거나 , 오동작을 유발할 수 있습니다 . 사용자의 안전을 위해 직접교시 기능 사용시 관절이 일정 속도 이상으로 
8. 이동 및 설치를 위한 인양 지점 | pages [97] | no_match keyword=0.12 semantic_rank=- | stage= | 설치 장소로 로봇을 옮기고자 하는 경우에는 아래 음영 표시된 부분을 들어 이동하십시오 . 안전 사고 예방을 위하 여 반드시 해당 지역 또는 국가의 중량 운반 작업 기준을 확인하고 , 지침을 준수하여 운반하시기 바랍니다 . 운반 중 낙하에 의해 사고가 발생하지 않도록 주의하십시오 . 경고 당해 산업용 로봇은 산업안전보건기준
9. 로봇 설치 준비 | pages [116, 117, 118] | no_match keyword=0.12 semantic_rank=- | stage= | 설치 매뉴얼 케이블 배치하기 케이블 배치 시 케이블의 곡률반경이 최소곡률반경 이상이 되도록 배치하십시오 . 각 케이블의 최소곡률반경 (R) 은 아래와 같습니다 . 케이블 최소곡률반경 (R) 티치 펜던트 케이블 120 mm 로봇 케이블 120 mm 경고 매니퓰레이터가 작동할 때 , 볼트가 풀리지 않도록 끝까지 조이십시오 .
10. (Robot Limits) | pages [40, 39] | no_match keyword=0.12 semantic_rank=- | stage= | 로봇 제한치 (Robot Limits) 에서는 로봇에 관련된 여러 안전기능의 전역 안전 제한치를 일반 모드와 감소 모드로 나누 어 설정할 수 있습니다 . 로봇의 각 파라미터가 설정된 안전 제한치를 초과할 경우 로봇은 보호 정지 합니다 . 로봇 제한치는 Robot Parameter> Safety Settings > Robo",page_403_img_0_0.jpeg,,,X,"1. page_116_img_0_0.jpeg | score=0.741 | stage=0.350 | keyword=설치
2. page_104_img_0_0.jpeg | score=0.716 | stage=0.000 | 
3. page_84_img_0_0.jpeg | score=0.703 | stage=0.293 | keyword=연결; section=케이블
4. page_397_img_0_0.jpeg | score=0.624 | stage=0.674 | page=1.00; keyword=연결; section=cs,12p
5. page_83_img_0_0.jpeg | score=0.614 | stage=0.262 | 
6. page_114_img_0_0.jpeg | score=0.604 | stage=0.324 | keyword=설치
7. page_398_img_0_0.jpeg | score=0.599 | stage=0.674 | page=1.00; keyword=연결; section=cs,12p
8. page_174_img_1_0.jpeg | score=0.593 | stage=0.221 | 
9. page_118_img_0_0.jpeg | score=0.534 | stage=0.223 | keyword=연결,케이블을,매니퓰레이터,컨트롤러의; section=케이블
10. page_405_img_1_0.jpeg | score=0.525 | stage=0.677 | page=1.00; keyword=설치,부록; section=케이블"
Q02,기존,제어기의 전원 공급을 위해 시스템에서 반드시 갖추어야 하는 최소 요구 조건(안전 장치)은 무엇입니까?,안전/전원/접지,안전 주의형,접지와 누전차단기,1,1,O,"keyword:접지와,접지,누전차단기","1. 컨트롤러와 전원 연결하기 | pages [86, 87] | keyword:접지와,접지,누전차단기 | stage= | 전원 공급을 위해서는 접지와 누전차단기 등 최소 요구 조건을 갖추어야 합니다 . 기본으로 제공되는 AC 컨트롤러의 전기 사양은 아래와 같습니다 . 매개변수 사양 입력전압 100 – 240 VAC 입력전원 퓨즈 (@100-240V) 15 A PART 2. 로봇 시작하기 매개변수 사양 입력주파수 47 – 63 Hz 옵션 컨트
2. (CS-12P) | pages [403] | keyword:접지와,접지,누전차단기 | stage= | DC 용 컨트롤러 사용 시 , 부하 및 모션에 따라 로봇의 동작이 제한될 수 있습니다 . 입력전압이 48V 이하일 경우 부하 및 모션에 따라 로봇의 동작이 제한될 수 있습니다 . 전원 공급을 위해서는 접지와 누전차단기 등 최소 요구 조건을 갖추어야 합니다 . 전기 사양은 아래와 같습니다 . 매개변수 사양 입력전압 22 –
3. 컨트롤러와 전원 연결하기 | pages [86, 87] | keyword:접지 | stage= | MANDATORY EASY 1 MIN 컨트롤러에 전원을 연결하려면 표준 IEC 전원 플러그에 케이블을 연결하십시오 . 전원 케이블을 연결한 후 로봇을 올바르게 접지가 되었는지 확인하십시오 ( 전기적 지면 연결 ). 컨트롤러 안의 접지 심볼과 관련된 나사 중에서 사용하지 않은 나사로 시스템의 모든 장비에 대하여 공통적인 접
4. 4.1.1 Schematic Diagram | pages [129] | no_match keyword=0.00 semantic_rank=- | stage= | 인터페이스 Parameter Min Type Max Unit Supply voltage (12V mode) 11.4 12 12.6 V Supply voltage (24V mode) 22.8 24 25.2 V Supply current - - 1.5 A 경고 전원 차단 시 어떠한 위험상황이 발생하지 않도록 Tool 과 그리
5. 시스템 연결 | pages [121, 122] | keyword:접지와,접지,누전차단기 | stage= | 설치 매뉴얼 매개변수 사양 입력전압 100 – 240 VAC 입력전원 퓨즈 (@100-240V) 15 A 주의 전원 케이블을 연결한 후 로봇을 올바르게 접지했는지 확인하십시오 ( 전기적 지면 연결 ). 컨트롤러 내부 의 접지 심볼과 관련된 나사 중에서 사용하지 않은 나사로 시스템의 모든 장비에 대하여 공통적인 접지 를 하
6. 안전검사 고시 | pages [46, 47] | no_match keyword=0.00 semantic_rank=- | stage= | 비상정지회로의 성능은 제 4 호 안전관련 제어시스템 성능요건을 만 족할 것 나 . 보호정지 기능 1. 로봇 시스템은 외부 보호장치와 연결하기 위한 하나 이상의 보호정 지회로를 구비하고 있을 것 2. 보호정지회로는 작동 시 로봇 동작 정지 , 액츄에이터 동력 제거 및 로 봇에 의해 제어되는 모든 위험원에 대한 제어가 가능할
7. 구성하기 | pages [147] | no_match keyword=0.00 semantic_rank=- | stage= | Safety Controller 는 테스트펄스가 포함된 안전신호를 연결 가능한 전용 안전 입력단자 (SI1, SI2, SI3, SI4) 를 제공합 니다 . Protective Device 는 위험상황을 감지했을 때 로봇 등의 기계에 신호를 전달하기 위한 출력을 갖고있습니다 . Protective Device 는 이 신호의
8. 전원 켜기 | pages [125] | no_match keyword=0.00 semantic_rank=- | stage= | 컨트롤러 하단에 전원 차단을 위한 전원 스위치가 설치되어 있습니다 . 컨트롤러 하단에 있는 전원 스위치를 누르십시 오 . 로봇 , 컨트롤러 , 티치펜던트와 같은 시스템에 필요한 전원이 켜집니다 .
9. 유지보수 | pages [162] | keyword:접지 | stage= | 전원 케이블을 분리하고 매니퓰레이터 또는 컨트롤러에 연결된 다른 전력 공급원에서 전력이 공급되지 않도록 합 니다 . 보수 작업 중 시스템에 전원을 연결하지 마십시오 . 시스템에 다시 전원 공급을 하기 전에는 반드시 접지를 확인하십시오 . 매니퓰레이터 또는 컨트롤러의 부품을 해체할 때에는 ESD 규정을 준수하여 작업하십시오
10. 플랜지 아날로그 입력 사양 | pages [132, 133] | no_match keyword=0.00 semantic_rank=- | stage= | 외부 기기로부터 전압 또는 전류 신호를 입력 받습니다 . 아날로그 입력 기능은 전압 모드 (0~10V) 또는 전류 모드 (4~20mA, default) 로 설정 가능합니다 . 상세 전원 사양은 아래 표를 참조하시어 연결하시기 바랍니다 . Parameter Min Type Max Unit 전압 모드에서의 입력 전압 0 - ",page_403_img_0_0.jpeg,,5,O,"1. page_86_img_0_0.jpeg | score=1.126 | stage=0.824 | page=1.00; keyword=전원,연결,케이블을,접지; section=전원,접지,컨트롤러와
2. page_88_img_1_0.jpeg | score=0.938 | stage=0.666 | page=1.00; keyword=전원,티치펜던트; section=전원
3. page_88_img_0_0.jpeg | score=0.931 | stage=0.700 | page=1.00; keyword=전원,티치펜던트,하십시오; section=전원
4. page_147_img_0_0.jpeg | score=0.864 | stage=0.341 | keyword=연결; section=안전
5. page_403_img_0_0.jpeg | score=0.801 | stage=0.647 | page=1.00; keyword=연결,로봇의
6. page_132_img_0_0.png | score=0.785 | stage=0.332 | 
7. page_125_img_0_0.jpeg | score=0.756 | stage=0.249 | keyword=전원,하십시오,반드시; section=전원
8. page_402_img_0_0.jpeg | score=0.744 | stage=0.647 | page=1.00; keyword=연결,로봇의
9. page_402_img_1_0.jpeg | score=0.742 | stage=0.647 | page=1.00; keyword=연결,로봇의
10. page_133_img_0_0.jpeg | score=0.730 | stage=0.346 | keyword=연결,매니퓰레이터,티치펜던트; section=안전,컨트롤러와"
Q03,기존,로봇 베이스를 바닥에 고정할 때 사용하는 볼트의 권장 규격과 체결 토크는 얼마입니까?,설치/기구 고정,설치 절차형,M8 육각 렌치 볼트 / 20Nm 토크 권장,1,1,O,"keyword:m8,볼트,20nm,토크; semantic_rank:4","1. 로봇 설치 준비 | pages [115, 116, 117, 118] | keyword:m8,볼트,20nm,토크; semantic_rank:4 | stage= | 로봇 고정하기 매니퓰레이터 베이스에 있는 Ø 8.5 mm 구멍 4 개에 M8 볼트를 이용하여 고정하십시오 . 볼트를 고정할 때에는 20Nm 의 토크로 볼트를 조이는 것을 권장합니다 . 진동에 의한 풀림 방지를 위해서 와셔 ( 스프 링 - 평 ) 사용하시기 바랍니다 . 매니퓰레이터를 고정된 위치에 정확하게 설치해야 하는 경
2. 툴 설치하기 | pages [93] | keyword:볼트,토크; semantic_rank:5 | stage= | MANDATORY EASY 5 MIN M6 볼트 4 개를 이용하여 툴 플랜지에 툴을 고정하십시오 . 볼트를 고정할 때에는 9 Nm 의 토크로 볼트를 조이는 것을 권장합니다 . 로봇을 고정된 위치에 정확하게 설치해야 하는 경우에는 Φ 6 의 위치 결정 핀을 이용하면 원하는 위치에 설치할 수 있습니다 . 번호 항목 1 툴 2
3. 로봇과 툴 연결하기 | pages [123, 124, 125] | keyword:볼트,토크; semantic_rank:6 | stage= | 번호 항목 1 툴 2 브라켓 3 케이블 4 툴 플랜지 1. M6 볼트 4 개를 이용하여 툴 플랜지에 툴을 고정하십시오 . 볼트를 고정할 때에는 9 Nm 의 토크로 볼트를 조이는 것을 권장합니다 . 로봇을 고정된 위치에 정확하게 설치해야 하는 경우에는 Φ 6 의 위치 결정 핀을 이용하면 원하는 위치에 설 치할 수 있습니다 
4. 로봇 설치 준비 | pages [116, 117, 118] | keyword:볼트,토크; semantic_rank:11 | stage= | 설치 매뉴얼 케이블 배치하기 케이블 배치 시 케이블의 곡률반경이 최소곡률반경 이상이 되도록 배치하십시오 . 각 케이블의 최소곡률반경 (R) 은 아래와 같습니다 . 케이블 최소곡률반경 (R) 티치 펜던트 케이블 120 mm 로봇 케이블 120 mm 경고 매니퓰레이터가 작동할 때 , 볼트가 풀리지 않도록 끝까지 조이십시오 .
5. 로봇 베이스 고정하기 | pages [84, 85] | keyword:m8,육각,렌치,볼트; semantic_rank:3 | stage= | MANDATORY EASY 3 MIN 로봇의 베이스를 고정할 때와 툴 플랜지에 툴을 장착하기 위해서는 아래와 같이 추가 부품이 필요합니다 . M8 육각 렌치 볼트 : 4 개 Φ 5 의 위치 결정 핀 : 2 개 로봇의 베이스에 있는 구멍 4 개에 M8 볼트를 이용하여 고정하십시오 . 자세한 내용은 로봇 고정하기 (p. 11
6. 로봇 베이스 고정하기 | pages [84, 85, 86] | no_match keyword=0.17 semantic_rank=- | stage= | 로봇을 고정된 위치에 정확하게 설치해야 하는 경우에는 2 개의 Φ 5 의 위치 결정 핀을 이용하면 원하는 위치에 설치 할 수 있습니다 . 주의 케이블을 연결할 때 , 핀 부분이 휘지 않도록 연결부 모양을 잘 확인한 후 연결하십시오 . 전자파 노이즈의 영향을 받거나 다른 기기에 영향을 줄 경우 정상적인 사용을 위해 페라이트
7. 컨트롤러 배치하기 | pages [88, 87] | no_match keyword=0.00 semantic_rank=- | stage= | MANDATORY EASY 1 MIN 컨트롤러를 바닥에 설치할 때에는 기기 내 환기를 위해 양쪽 면에서 50 mm 정도의 여유 공간을 확보해주세요 . 주의 케이블 배치 시 최소 곡률 반경 이상이 되도록 배치하십시오 . 자세한 내용은 케이블 배치하기 (p. 114) 를 참고하십시오 . PART 2. 로봇 시작하기
8. 시스템 연결 | pages [121, 122] | semantic_rank:7 | stage= | 설치 매뉴얼 매개변수 사양 입력전압 100 – 240 VAC 입력전원 퓨즈 (@100-240V) 15 A 주의 전원 케이블을 연결한 후 로봇을 올바르게 접지했는지 확인하십시오 ( 전기적 지면 연결 ). 컨트롤러 내부 의 접지 심볼과 관련된 나사 중에서 사용하지 않은 나사로 시스템의 모든 장비에 대하여 공통적인 접지 를 하
9. 설치 장소 확인하기 | pages [113] | no_match keyword=0.00 semantic_rank=- | stage= | 로봇을 설치할 때 , 로봇이 충분히 움직일 수 있도록 공간을 확보해야 합니다 . 로봇의 작업 영역을 확인하여 외부 물체 와 부딪히지 않도록 하십시오 . 바닥이 단단하고 수평인 장소에 설치하십시오 . 누수가 발생하지 않고 온도와 습도가 일정하게 유지될 수 있는 장소에 설치하십시오 . 로봇 설치 장소 주변에 인화성 및 폭발 
10. (Robot Limits) | pages [40, 41, 42] | no_match keyword=0.17 semantic_rank=- | stage= | 안전 매뉴얼 기계적 동력 (Power) : 로봇의 기계적 동력의 제한치를 설정합니다 . 기계적 동력은 로봇의 토크와 속도와 비례합니 다 . TCP 속력 (TCP Speed) : 로봇 끝단의 TCP 속력의 제한치를 설정합니다 . 속도 및 이격거리 감시 운전모드에 활용 될 수 있습니다 . 운동량 (Momentum) : 로봇의",page_115_img_0_0.jpeg,1,1,O,"1. page_115_img_0_0.jpeg | score=1.162 | stage=0.719 | page=1.00; keyword=설치,m8,고정할; section=설치,고정
2. page_116_img_0_0.jpeg | score=1.054 | stage=0.700 | page=1.00; keyword=설치,part,매뉴얼; section=설치
3. page_114_img_0_0.jpeg | score=0.986 | stage=0.786 | page=1.00; keyword=설치,part,작업,매뉴얼; section=설치,확인하기
4. page_93_img_0_0.jpeg | score=0.969 | stage=0.341 | keyword=설치,권장,로봇을,고정할; section=설치,고정
5. page_84_img_0_0.jpeg | score=0.930 | stage=0.346 | keyword=part; section=고정
6. page_123_img_0_0.jpeg | score=0.917 | stage=0.324 | keyword=180,part
7. page_113_img_0_0.jpeg | score=0.871 | stage=0.872 | page=1.00; keyword=설치,작업,로봇의,권장; section=설치,확인하기,장소
8. page_118_img_0_0.jpeg | score=0.856 | stage=0.633 | page=1.00; keyword=체결; section=고정
9. page_88_img_0_0.jpeg | score=0.782 | stage=0.235 | keyword=part
10. page_88_img_1_0.jpeg | score=0.780 | stage=0.235 | "
Q04,기존,외부 비상 정지 스위치를 연결하기 위한 안전용 접점 입력 단자블록의 명칭과 단자는 무엇입니까?,안전 I/O/비상정지 배선,배선 확인형,TBSFT 단자블록의 EM 단자,1,1,O,"keyword:tbsft,단자블록,em,단자; semantic_rank:1","1. 구성하기 | pages [145, 146, 147] | keyword:tbsft,단자블록,em,단자; semantic_rank:1 | stage= | 컨트롤러의 안전 입출력 (Safety I/O) 은 안전장치 연결을 위한 이중화된 전용 접점입력단자로 구성되어 있습니다 . 이 단자는 용도에 따라 두 영역으로 나누어져 있습니다 . 하부 2 쌍의 External Emergency Contact In: 외부 비상 스위치 등 비상정지에 필요한 장치 연결 상부 2 쌍의 Prote
2. 구성하기 | pages [142, 143] | keyword:tbsft,단자블록의,단자블록,단자 | stage= | 인터페이스 Negative common & Sink type 입력기기와 연결하는 경우 디지털 IO 의 출력을 Sink type 의 입력기기와 연결하는 경우 , TBCO1 ~ TBCO4 단자블록의 Oxx 단자를 외부기기의 입 력단자에 연결하고 , GIO 를 외부기기의 Negative common 에 연결하여 공통 groun
3. 연결 | pages [133, 134] | keyword:tbsft,단자블록,단자; semantic_rank:9 | stage= | 컨트롤러 I/O 단자를 이용하여 매니퓰레이터와 티치펜던트 이외에 외부 장비를 컨트롤러와 연결하여 사용할 수 있습 니다 . 비상정지 스위치 , 라이트 커튼 , 안전 매트와 같은 안전기기와 더불어 공압용 솔밸브 , 릴레이 , PLC, 컨베이어 벨 트 엔코더 등 로봇 작업 셀을 구성할 때 필요한 다양한 주변기기를 연결할 수 있
4. 안전정격 정지기능 | pages [24] | no_match keyword=0.20 semantic_rank=- | stage= | 알아두기 비상 정지는 방호조치 (Safeguarding) 가 아니라 , 추가적 보호조치 (complementary protective measure) 로 사용해야 합니다 . 비상 정지의 안전정지 모드는 SS1(Safe Stop 1) 이 기본으로 설정되어 있습니다 . 로봇 애플리케이션에 대한 위험성 평가 결과 , 필요하다고
5. (Safety I/O) | pages [32, 33, 34, 35, 36, 31] | keyword:em,단자 | stage= | 이중화된 단자로 안전 관련 신호를 입출력하는 기능입니다 . 안전 입출력 신호 중 어느 하나라도 이중화된 신호가 다 른 것이 감지되면 단선이나 하드웨어 고장으로 판단하여 로봇을 STO 정지 모드로 정지시킵니다 . 안전 신호 입출력 (Safety I/O) 은 Robot Parameter> Safety Settings > Sa
6. 안전정격 정지기능 | pages [24, 25] | keyword:tbsft,단자 | stage= | 안전 매뉴얼 비상 정지 사용자는 비상 상황에 대비하여 시스템을 정지시킬 수 있는 비상정지 버튼을 사용할 수 있습니다 . 비상 상황에서는 티치펜던트 우측 상단에 있는 비상정지 버튼을 눌러 시스템을 즉시 정지하십시오 . 보호 정지 안전매트 등의 압력식 방호 장치 (Pressure sensitive preotective equ
7. 이동 및 설치를 위한 인양 지점 | pages [97] | no_match keyword=0.20 semantic_rank=- | stage= | 컨트롤러와 연결하여 사용할 안전 장비는 반드시 안전용 접점입력 단자 또는 Safety IO 로 설정한 Configurable 디지털 IO 에 이중신호로 연결하십시오 . 일반 IO 에 연결하거나 단일신호로 연결하여 사용 할 경우 , 규정된 안전수준을 달성할 수 없습니다 .
8. (Safety I/O) | pages [34, 35, 36] | keyword:em,단자 | stage= | 안전 매뉴얼 TBCI - Protective Stop - STO (L) TBCI - Protective Stop - SS1 (L) TBCI - Protective Stop - SS2 (L) TBCI - Protective Stop (L) - Auto Reset & Resume (R) 보호정지 관련신호가 중단이 가능한 상태
9. 구성하기 | pages [147] | no_match keyword=0.20 semantic_rank=- | stage= | Safety Controller 는 테스트펄스가 포함된 안전신호를 연결 가능한 전용 안전 입력단자 (SI1, SI2, SI3, SI4) 를 제공합 니다 . Protective Device 는 위험상황을 감지했을 때 로봇 등의 기계에 신호를 전달하기 위한 출력을 갖고있습니다 . Protective Device 는 이 신호의
10. 6.7.3 Safety Settings | pages [211, 212, 213, 214, 215, 217, 219, 220, 222, 224, 226, 227, 229, 230, 232, 234, 236, 238, 240, 241, 242, 243, 244, 245] | no_match keyword=0.00 semantic_rank=- | stage= | 티치펜던트에 부착된 비상 정지 버튼을 누르거나 Safety I/O 에 연결한 안전 장치를 통해 로봇을 비상 정지할 수 있습 니다 . 티치펜던트 화면에서 Robot Parameters > Safety Settings > Safety I/O 기능을 활용하여 안전 장치를 비상 정지 또는 보호 정지로 연결할 수 있습니다 . 안전",page_145_img_0_0.jpeg,2,1,O,"1. page_145_img_0_0.jpeg | score=1.124 | stage=0.790 | page=1.00; keyword=safety,접점,입출력,단자는; section=안전,구성하기
2. page_147_img_0_0.jpeg | score=1.117 | stage=0.689 | page=1.00; keyword=safety; section=안전,구성하기
3. page_142_img_0_0.jpeg | score=1.069 | stage=0.685 | page=1.00; keyword=디지털,io; section=구성하기
4. page_142_img_1_0.jpeg | score=1.041 | stage=0.685 | page=1.00; keyword=디지털,io; section=구성하기
5. page_144_img_0_0.jpeg | score=0.964 | stage=0.786 | page=1.00; keyword=디지털,io,safety,24v; section=구성하기
6. page_144_img_1_0.jpeg | score=0.946 | stage=0.786 | page=1.00; keyword=디지털,io,safety,24v; section=구성하기
7. page_133_img_0_0.jpeg | score=0.866 | stage=0.337 | keyword=연결하여,외부,비상,정지; section=안전,비상정지
8. page_143_img_0_0.jpeg | score=0.832 | stage=0.685 | page=1.00; keyword=디지털,io; section=구성하기
9. page_143_img_1_0.jpeg | score=0.829 | stage=0.685 | page=1.00; keyword=디지털,io; section=구성하기
10. page_24_img_0_0.jpeg | score=0.826 | stage=0.258 | keyword=stop,정지; section=안전"
Q05,기존,엔드 이펙터(End-effector)를 제어하기 위한 툴 플랜지 커넥터의 전원 출력 핀 번호는 몇 번입니까?,툴 플랜지/I/O 배선,배선 확인형,핀 5번(Power) 및 핀 8번(GND),1,1,O,page; semantic_rank:3,"1. I/O | pages [127] | page; semantic_rank:3 | stage= | 로봇 끝 단 플랜지 커버에 M8 사양의 8pin 커넥터가 1 개 있으며 장착 위치 및 외형은 아래 그림을 참조하시기 바랍니 다 . 커넥터는 그리퍼나 특정 로봇 툴에 내장되어 있는 센서를 구동시키기 위한 전원과 제어 신호를 제공합니다 . 아래 예 시로 표시한 산업용 케이블과 같은 사양이 적용 가능합니다 .
2. 배선 연결하기 | pages [94] | semantic_rank:7 | stage= | MANDATORY NORMAL 10 MIN 툴을 고정한 후 플랜지 I/O 커넥터에 필요한 케이블을 연결하십시오 . 반드시 플랜지 I/O 의 핀 맵을 확인하십시오 . 로봇에 전원을 인가하게 되면 각 커넥터의 5 번 단자는 항상 24V 가 출력되게 됩니다 .
3. 플랜지 디지털 출력 사양 | pages [130, 131] | no_match keyword=0.00 semantic_rank=- | stage= | 플랜지 디지털 출력은 PNP 사양으로 Photo coupler 출력이 output 에 구성되어 있습니다 . 디지털 출력이 활성화되면 해당 출력 채널의 상태는 +24V 가 됩니다 . 디지털 출력이 비활성화 되면 해당 출력 채널의 상태는 open(floating) 됩니다 . 디지털 출력의 전기적 사양은 아래와 같습니다 . P
4. 플랜지 디지털 입력 사양 | pages [131, 132] | no_match keyword=0.00 semantic_rank=- | stage= | 플랜지 디지털 입력은 Photo coupler 입력으로 구성되어 있습니다 . 입력 24V 기준으로 전류는 내부 저항에 의해 5mA 로 제한됩니다 . 디지털 입력의 전기적 사양은 아래와 같습니다 . Parameter Min Type Max Unit Input voltage 0 - 26 V Logical high 4.4 - 
5. 4.1.1 Schematic Diagram | pages [129] | no_match keyword=0.00 semantic_rank=- | stage= | 인터페이스 Parameter Min Type Max Unit Supply voltage (12V mode) 11.4 12 12.6 V Supply voltage (24V mode) 22.8 24 25.2 V Supply current - - 1.5 A 경고 전원 차단 시 어떠한 위험상황이 발생하지 않도록 Tool 과 그리
6. 로봇 시스템 구성 및 설명 | pages [98, 99, 100, 101, 102, 103, 104] | no_match keyword=0.00 semantic_rank=- | stage= | 구성품 확인 매니퓰레이터 컨트롤러 ( 옵션 : 부록참조 ) PART 3. 설치 매뉴얼 티치펜던트 컨트롤러 전원케이블 매니퓰레이터 연결 케이블 사용자 매뉴얼 / 빠른 설명서 PART 3. 설치 매뉴얼 각 부 명칭과 기능 매니퓰레이터 각부의 명칭 No. 이름 No. 이름 1 베이스 (Base) 6 J4 2 J1 7 Link2
7. 6.10.2 I/O Overview | pages [336] | no_match keyword=0.00 semantic_rank=- | stage= | PART 6. DART-Platform 매뉴얼 1. 컨트롤러 아날로그 출력에 있는 드롭다운 목록을 눌러 설정할 항목을 선택하십시오 . 선택한 항목에 따라 드롭다운 목록 오른쪽에 아날로그 출력 정보가 표시됩니다 . 아날로그 출력 신호 타입의 기본값은 전압입니다 . 아날로그 출력 값을 변경하십시오 . 플랜지 입출력 플랜지 디
8. ................................................................ 126 | pages [4, 5] | semantic_rank:9 | stage= | - 3 - User manual (V3.4.0) 4.1 플랜지 I/O.......................................................................................... 126 4.1.1 Schematic Diagram .......................
9. 로봇과 툴 연결하기 | pages [123, 124, 125] | no_match keyword=0.00 semantic_rank=- | stage= | 번호 항목 1 툴 2 브라켓 3 케이블 4 툴 플랜지 1. M6 볼트 4 개를 이용하여 툴 플랜지에 툴을 고정하십시오 . 볼트를 고정할 때에는 9 Nm 의 토크로 볼트를 조이는 것을 권장합니다 . 로봇을 고정된 위치에 정확하게 설치해야 하는 경우에는 Φ 6 의 위치 결정 핀을 이용하면 원하는 위치에 설 치할 수 있습니다 
10. 구성하기 | pages [137] | no_match keyword=0.00 semantic_rank=- | stage= | 컨트롤러는 외부 엔코더를 입력할 수 있는 TBEN 2 개 단자를 제공합니다 . 엔코더의 A, B, Z 상을 입력 받을 수 있으며 입력전압 12Vdc 기준으로 카운트합니다 . 또한 S 상은 컨베이어의 Start 센서로 사용이 가능합니다 .",page_128_img_0_0.jpeg,,7,△,"1. page_127_img_0_0.jpeg | score=1.122 | stage=0.698 | page=1.00; keyword=플랜지,아래; section=플랜지,diagram
2. page_130_img_0_0.jpeg | score=1.029 | stage=0.765 | page=1.00; keyword=플랜지,출력,디지털,pnp; section=플랜지,diagram
3. page_123_img_0_0.jpeg | score=0.933 | stage=0.639 | page=1.00; keyword=part; section=diagram
4. page_94_img_0_0.jpeg | score=0.906 | stage=0.311 | keyword=전원; section=전원,끄기,diagram
5. page_132_img_0_0.png | score=0.834 | stage=0.591 | page=0.70; keyword=default,플랜지,모드,전압; section=플랜지,diagram
6. page_95_img_0_0.jpeg | score=0.834 | stage=0.297 | keyword=플랜지,전원; section=플랜지,전원,diagram
7. page_128_img_0_0.jpeg | score=0.833 | stage=0.698 | page=1.00; keyword=part,커넥터의; section=schematic,diagram
8. page_137_img_0_0.jpeg | score=0.806 | stage=0.324 | section=diagram
9. page_93_img_0_0.jpeg | score=0.778 | stage=0.223 | keyword=플랜지; section=플랜지,diagram
10. page_136_img_0_0.png | score=0.749 | stage=0.293 | keyword=출력,모드,전압; section=diagram"
Q06,기존,비상 상황 발생 시 즉각적인 조치를 위해 티치 펜던트에 위치한 비상 정지 버튼의 위치는 어디입니까?,티치 펜던트/비상정지,안전 조작형,티치 펜던트 상단 우측,1,1,O,"keyword:티치,펜던트","1. 비상 정지 버튼 해제하기 | pages [89] | keyword:티치,펜던트 | stage= | MANDATORY EASY 1 MIN 로봇 설치 후 첫 부팅이 완료되면 , 티치펜던트의 비상 정지 버튼이 눌려 있어 경고 팝업이 나타납니다 . 이때 , 비상 정 지 버튼을 해제해야 로봇을 사용할 수 있습니다 . 비상 정지 버튼을 시계 방향으로 돌려서 비상 정지 상태를 해제하십시오 .
2. 안전정격 정지기능 | pages [24, 25] | keyword:티치,펜던트,상단,우측; semantic_rank:12 | stage= | 안전 매뉴얼 비상 정지 사용자는 비상 상황에 대비하여 시스템을 정지시킬 수 있는 비상정지 버튼을 사용할 수 있습니다 . 비상 상황에서는 티치펜던트 우측 상단에 있는 비상정지 버튼을 눌러 시스템을 즉시 정지하십시오 . 보호 정지 안전매트 등의 압력식 방호 장치 (Pressure sensitive preotective equ
3. 6.7.3 Safety Settings | pages [211, 212, 213, 214, 215, 217, 219, 220, 222, 224, 226, 227, 229, 230, 232, 234, 236, 238, 240, 241, 242, 243, 244, 245] | keyword:티치,펜던트; semantic_rank:14 | stage= | 티치펜던트에 부착된 비상 정지 버튼을 누르거나 Safety I/O 에 연결한 안전 장치를 통해 로봇을 비상 정지할 수 있습 니다 . 티치펜던트 화면에서 Robot Parameters > Safety Settings > Safety I/O 기능을 활용하여 안전 장치를 비상 정지 또는 보호 정지로 연결할 수 있습니다 . 안전
4. (Safety Stop Modes) | pages [36, 37] | keyword:티치,펜던트; semantic_rank:10 | stage= | 안전 정지 모드 설명 1 비상 정지 (Emergency Stop) 티치 펜던트의 비상 정지 버튼 또는 추가적으로 설치된 외부 장치가 작 동하였을 때의 정지 모드를 설정합니다 . (STO 또는 SS1 만 선택할 수 있 습니다 .) 2 보호 정지 (Protective Stop) 외부에 연결된 보호 장비를 작동하였을 때의 정지
5. 로봇 시스템 구성 및 설명 | pages [103] | keyword:티치,펜던트 | stage= | 2 전원 LED 전원이 들어오면 LED 가 붉은색으로 점멸하기 시작하고 , 부팅이 완료되면 붉 은색으로 점등 됩니다 . 3 비상 정지 버튼 긴급한 상황이 발생한 경우 버튼을 눌러 로봇의 작동을 멈출 수 있습니다 . 4 핸드 가이딩 버 튼 (3PE 3 Position Enable) Switch) 버튼을 누른 상태로 로봇을 
6. 6.7.3 Safety Settings | pages [211, 212, 213, 214, 215, 216, 217, 218, 219, 220, 221, 222, 223, 224, 225, 226, 227, 228, 229, 230, 231, 232, 233, 234, 235, 236, 237, 238, 239, 240, 241, 242, 243, 244, 245, 246] | keyword:티치,펜던트 | stage= | 안전 정지 / 해제 방법 티치펜던트에 부착된 비상 정지 버튼을 누르거나 Safety I/O 에 연결한 안전 장치를 통해 로봇을 비상 정지할 수 있습 니다 . 티치펜던트 화면에서 Robot Parameters > Safety Settings > Safety I/O 기능을 활용하여 안전 장치를 비상 정지 또는 보호 정지로 연
7. 사용 시 주의사항 | pages [12] | keyword:티치,펜던트; semantic_rank:5 | stage= | 컨트롤러나 티치 펜던트에 오류가 나타나면 즉시 비상 정지시켜 오류가 발생한 원인을 확인한 후 오류 코드를 로그 화면에서 찾아 공급자에게 연락하십시오 . 로봇의 작동전에 로봇 사용 매뉴얼을 충분히 숙지한 후 사용하여 주시기 바랍니다 . 티치 펜던트에서 치명적인 에러를 경고하는 경우 즉시 로봇의 비상정지 스위치를 작동하여 로
8. 컨트롤러 전원 켜기 | pages [88, 89] | keyword:티치,펜던트; semantic_rank:15 | stage= | MANDATORY EASY 1 MIN 1. 컨트롤러 하단에 있는 전원 스위치를 누르십시오 . 로봇 , 컨트롤러 , 티치펜던트와 같은 시스템에 필요한 전원이 켜 집니다 . 티치펜던트 화면이 켜질 때까지 전원 버튼 ( 그림 2 번 ) 을 길게 누르십시오 . 로봇 제어기와의 네트워크 연결이 완료될 때까지 티치펜던트 LED( 그
9. 티치 펜던트를 사용할 경우 | pages [163] | keyword:티치,펜던트,상단; semantic_rank:1 | stage= | 티치 펜던트 좌측 상단에 있는 전원 버튼을 길게 누르십시오 . 로봇 , 컨트롤러 , 티치 펜던트와 같은 시스템에 필요한 전원이 켜집니다 . 시스템의 전원이 켜지면 로봇의 상태 LED 가 점등됩니다 . 전원을 끄려면 티치 펜던트 화면의 종료 버튼을 누르거나 티치펜던트 좌측 상단에 있는 전원 버튼을 2 초 정도 길게 누르십시
10. 시스템 전원 끄기 | pages [94] | keyword:티치,펜던트,상단; semantic_rank:9 | stage= | MANDATORY EASY 1 MIN 시스템의 전원을 끄려면 티치 펜던트 화면의 종료 버튼을 누르거나 티치펜던트 좌측 상단에 있는 전원 버튼을 2 초 정 도 길게 누르십시오 . 화면에 전원 종료 팝업이 나타납니다 . 전원 종료 팝업에서 확인 버튼을 눌러 시스템을 정상적으로 종료합니다 .",page_103_img_0_0.jpeg,,8,△,"1. page_89_img_1_0.jpeg | score=1.165 | stage=0.925 | page=1.00; keyword=비상,정지,버튼을,mandatory; section=해제하기,티치,펜던트
2. page_89_img_0_0.jpeg | score=1.106 | stage=0.925 | page=1.00; keyword=비상,정지,버튼을,mandatory; section=해제하기,티치,펜던트
3. page_88_img_1_0.jpeg | score=0.992 | stage=0.824 | page=1.00; keyword=mandatory,easy,min,티치; section=티치,펜던트,전원
4. page_88_img_0_0.jpeg | score=0.966 | stage=0.790 | page=1.00; keyword=티치,part,시작하기,전원; section=티치,펜던트,전원
5. page_24_img_0_0.jpeg | score=0.937 | stage=0.350 | keyword=정지
6. page_104_img_0_0.jpeg | score=0.895 | stage=0.614 | page=1.00; keyword=part
7. page_96_img_0_0.jpeg | score=0.889 | stage=0.511 | page=0.70; keyword=티치,시작하기; section=티치,펜던트
8. page_103_img_0_0.jpeg | score=0.871 | stage=0.737 | page=1.00; keyword=티치,part,전원; section=티치,펜던트,전원
9. page_95_img_0_0.jpeg | score=0.871 | stage=0.486 | page=0.45; keyword=mandatory,min,티치,전원; section=티치,펜던트,전원
10. page_163_img_0_0.jpeg | score=0.851 | stage=0.328 | keyword=led,버튼을,티치,전원; section=티치,펜던트,전원"
Q07,기존,협동로봇의 직접 교시(Direct Teaching)를 활성화하기 위해 조작기 툴 플랜지에서 눌러야 하는 버튼은 무엇입니까?,직접교시/Cockpit,조작 절차형,Cockpit 버튼,1,1,O,"page; keyword:cockpit,버튼; semantic_rank:3","1. 6.7.1 Robot Settings | pages [194] | page; keyword:cockpit,버튼; semantic_rank:3 | stage= | Cockpit 직접 교시는 로봇의 끝단을 손으로 잡고 직접 로봇을 밀거나 당겨서 원하는 자세로 움직이고 그 위치를 현재 선택한 모션에 적용하기 위해 사용합니다 . 직접 교시 방식은 크게 두 가지로 구분됩니다 . 자율이동 (Freedrive) : 사용자가 가한 힘의 방향으로 로봇의 각 관절이 이동 구속모션 (Constrai
2. 6.7.1 Robot Settings | pages [195] | keyword:버튼 | stage= | DART-Platform 매뉴얼 티치 펜던트 뒷면의 핸드가이드 버튼을 누르면 1 번 버튼을 누른 것과 동일하게 자율이동 모드로 로봇을 움직일 수 있 습니다 . 구속 모션 2 번과 3 번 버튼을 누른 상태에서는 임의의 방향으로 힘을 가하여도 로봇 끝단이 구속 조건과 일치하는 방향으로만 움직이게 됩니다 . 구속 조건은 그림과
3. 기능 | pages [323, 324, 325] | keyword:cockpit,버튼; semantic_rank:11 | stage= | DART-Platform 매뉴얼 알아두기 작업자 개입 기능을 사용하기 위해서는 아래 설정 중 하나를 완료 하여야 합니다 . Robot Parameters module - Normal I/O - Input - Request Intervention (F) PART 6. DART-Platform 매뉴얼 Classic Weldi
4. 사용 시 주의사항 | pages [13, 14] | no_match keyword=0.00 semantic_rank=- | stage= | 안전 매뉴얼 직접교시 기능을 사용하기 전에 툴에 관련된 입력사항 ( 툴의 길이 , 무게 , 무게중심 등 ) 을 정확하게 입력 하십시오 . 실제 툴의 사양과 다른 정보가 입력되는 경우 직접교시 기능의 오류가 발생하거나 , 오동작을 유발할 수 있습니다 . 사용자의 안전을 위해 직접교시 기능 사용시 관절이 일정 속도 이상으로 
5. 기능 | pages [324, 325] | keyword:cockpit,버튼 | stage= | Robot Parameters module - Normal I/O - Output - Operator Intervention (L) PART 6. DART-Platform 매뉴얼 사용 시나리오는 다음과 같습니다 . 프로그램 실행 중 유저 혹은 연결된 장치를 통해 디지털 입력 신호를 수신합니다 . 로봇은 일시 정지하며 , 
6. 1.14.2 A0912, A0912S | pages [81] | semantic_rank:12 | stage= | 로봇 시작하기
7. 비상 정지 버튼 해제하기 | pages [90] | keyword:버튼; semantic_rank:13 | stage= | 로봇 시작하기
8. 로봇과 툴 연결하기 | pages [123, 124, 125] | no_match keyword=0.00 semantic_rank=- | stage= | 번호 항목 1 툴 2 브라켓 3 케이블 4 툴 플랜지 1. M6 볼트 4 개를 이용하여 툴 플랜지에 툴을 고정하십시오 . 볼트를 고정할 때에는 9 Nm 의 토크로 볼트를 조이는 것을 권장합니다 . 로봇을 고정된 위치에 정확하게 설치해야 하는 경우에는 Φ 6 의 위치 결정 핀을 이용하면 원하는 위치에 설 치할 수 있습니다 
9. 사용 시 주의사항 | pages [12] | no_match keyword=0.00 semantic_rank=- | stage= | 컨트롤러나 티치 펜던트에 오류가 나타나면 즉시 비상 정지시켜 오류가 발생한 원인을 확인한 후 오류 코드를 로그 화면에서 찾아 공급자에게 연락하십시오 . 로봇의 작동전에 로봇 사용 매뉴얼을 충분히 숙지한 후 사용하여 주시기 바랍니다 . 티치 펜던트에서 치명적인 에러를 경고하는 경우 즉시 로봇의 비상정지 스위치를 작동하여 로
10. 힘 제어 개념 알아보기 | pages [281] | no_match keyword=0.00 semantic_rank=- | stage= | 이 모드가 활성화되면 현재 로봇에 작용하고 있는 외력 값을 0 으로 보정하여 힘 제어 정확성을 향상 시킵니다 . 상대 모드 비활성화 시 타겟에 실제 작용 힘은 설정한 힘과 외력의 합과 같습니다 . 상대 모드 활성화 시 타겟에 실제 작용 힘은 설정한 힘과 같습니다 . 힘 제어 상태에서 자세나 외력에 따라 오차가 발생할 수 ",page_195_img_0_0.jpeg,10,5,O,"1. page_195_img_2_0.jpeg | score=1.015 | stage=0.722 | page=1.00; keyword=mount,robot; section=robot,settings
2. page_323_img_0_0.jpeg | score=0.886 | stage=0.229 | keyword=part
3. page_325_img_0_0.jpeg | score=0.851 | stage=0.229 | keyword=part
4. page_323_img_1_0.jpeg | score=0.841 | stage=0.297 | 
5. page_195_img_0_0.jpeg | score=0.827 | stage=0.689 | page=1.00; keyword=robot; section=robot,settings
6. page_123_img_0_0.jpeg | score=0.821 | stage=0.324 | keyword=part
7. page_324_img_0_0.jpeg | score=0.806 | stage=0.229 | keyword=robot; section=robot
8. page_88_img_1_0.jpeg | score=0.767 | stage=0.337 | 
9. page_88_img_0_0.jpeg | score=0.753 | stage=0.328 | keyword=part
10. page_93_img_0_0.jpeg | score=0.727 | stage=0.319 | keyword=설치,플랜지"
Q08,기존,제어기의 디지털 입력(Digital Input) 단자에 NPN 타입 센서를 연결할 때 배선은 어떻게 해야 합니까?,제어기 I/O 배선,배선 확인형,24V/12V(VCC)에 PULL-UP 연결,2,1,O,"keyword:24v,vcc,연결","1. 구성하기 | pages [139, 140, 141, 142, 143, 144] | keyword:24v,vcc,연결 | stage= | 컨트롤러에는 디지털 입력 16 개 , 디지털 출력 16 개의 디지털 I/O 가 구성되어 있습니다 . 아래 그림과 같은 디지털 I/O 는 로봇 제어에 필요한 주변기기와 연결하여 사용하거나 이중화된 Safety IO 로 설정하여 안전신호 입출력 용도로 사 용할 수 있습니다 . Configurable 디지털 I/O 의 전기적 
2. 구성하기 | pages [137, 138, 139] | no_match keyword=0.17 semantic_rank=16 | stage= | 신호입력 정확도를 최대한 확보하기 위해 다음 사항을 준수하십시오 . 노이즈 저감을 위하여 쉴드 트위스트 페어 된 케이블을 사용하십시오 . 케이블 쉴드는 컨트롤러 내부 접지단자에 연결하십시오 . S 상 입력의 경우 플로팅 상태를 방지하기 위하여 센서 종류 (NPN/PNP) 에 따라 풀업 , 풀다운 저항을 연결하십시오 . 아
3. 구성하기 | pages [142, 143] | no_match keyword=0.17 semantic_rank=- | stage= | 인터페이스 Negative common & Sink type 입력기기와 연결하는 경우 디지털 IO 의 출력을 Sink type 의 입력기기와 연결하는 경우 , TBCO1 ~ TBCO4 단자블록의 Oxx 단자를 외부기기의 입 력단자에 연결하고 , GIO 를 외부기기의 Negative common 에 연결하여 공통 groun
4. 시스템 연결 | pages [121, 122] | semantic_rank:10 | stage= | 설치 매뉴얼 매개변수 사양 입력전압 100 – 240 VAC 입력전원 퓨즈 (@100-240V) 15 A 주의 전원 케이블을 연결한 후 로봇을 올바르게 접지했는지 확인하십시오 ( 전기적 지면 연결 ). 컨트롤러 내부 의 접지 심볼과 관련된 나사 중에서 사용하지 않은 나사로 시스템의 모든 장비에 대하여 공통적인 접지 를 하
5. 플랜지 디지털 입력 사양 | pages [131, 132] | keyword:24v,up,연결 | stage= | 플랜지 디지털 입력은 Photo coupler 입력으로 구성되어 있습니다 . 입력 24V 기준으로 전류는 내부 저항에 의해 5mA 로 제한됩니다 . 디지털 입력의 전기적 사양은 아래와 같습니다 . Parameter Min Type Max Unit Input voltage 0 - 26 V Logical high 4.4 - 
6. 연결 | pages [133, 134] | no_match keyword=0.17 semantic_rank=- | stage= | 컨트롤러 I/O 단자를 이용하여 매니퓰레이터와 티치펜던트 이외에 외부 장비를 컨트롤러와 연결하여 사용할 수 있습 니다 . 비상정지 스위치 , 라이트 커튼 , 안전 매트와 같은 안전기기와 더불어 공압용 솔밸브 , 릴레이 , PLC, 컨베이어 벨 트 엔코더 등 로봇 작업 셀을 구성할 때 필요한 다양한 주변기기를 연결할 수 있
7. 플랜지 디지털 출력 사양 | pages [130, 131] | keyword:24v,12v,up; semantic_rank:2 | stage= | 플랜지 디지털 출력은 PNP 사양으로 Photo coupler 출력이 output 에 구성되어 있습니다 . 디지털 출력이 활성화되면 해당 출력 채널의 상태는 +24V 가 됩니다 . 디지털 출력이 비활성화 되면 해당 출력 채널의 상태는 open(floating) 됩니다 . 디지털 출력의 전기적 사양은 아래와 같습니다 . P
8. ................................................................ 126 | pages [4, 5] | no_match keyword=0.17 semantic_rank=- | stage= | - 3 - User manual (V3.4.0) 4.1 플랜지 I/O.......................................................................................... 126 4.1.1 Schematic Diagram .......................
9. 6.10.2 I/O Overview | pages [336, 337, 334, 335] | no_match keyword=0.17 semantic_rank=- | stage= | 제어기 입출력 제어기 디지털 입력 1. 컨트롤러에 연결된 기기의 포트 번호를 확인하십시오 . 해당 번호의 디지털 입력 상태에 따라 다음과 같이 표시됩니다 . 디지털 신호가 High 신호일 경우 , 아이콘의 색상이 연두색으로 표시됩니다 . 디지털 신호가 Low 신호일 경우 , 아이콘 색상이 회색으로 표시됩니다 .
10. (CS-12P) | pages [397, 398, 399, 400, 401, 402, 403, 404] | semantic_rank:8 | stage= | 제품 소개 (CS-12P) 각 부 명칭과 기능 번호 항목 설명 1 I/O 연결 단자 ( 내부 ) 다른 로봇의 컨트롤러나 주변 기기와 연결할 수 있 습니다 . 2 전원 스위치 컨트롤러의 주 전원을 켜거나 끌 수 있습니다 . 3 티치펜던트 케이블 연결 단자 티치펜던트의 케이블을 컨트롤러와 연결합니다 . 4 로봇 케이블 연결 ",page_138_img_0_0.jpeg,4,4,O,"1. page_137_img_0_0.jpeg | score=1.115 | stage=0.689 | page=1.00; keyword=단자에; section=구성하기
2. page_139_img_0_0.jpeg | score=1.108 | stage=0.689 | page=1.00; keyword=디지털; section=구성하기
3. page_142_img_0_0.jpeg | score=1.086 | stage=0.689 | page=1.00; keyword=디지털; section=구성하기
4. page_138_img_0_0.jpeg | score=1.080 | stage=0.689 | page=1.00; keyword=단자에; section=구성하기
5. page_142_img_1_0.jpeg | score=1.059 | stage=0.689 | page=1.00; keyword=디지털; section=구성하기
6. page_144_img_0_0.jpeg | score=1.000 | stage=0.756 | page=1.00; keyword=gnd,디지털,24v; section=구성하기
7. page_144_img_1_0.jpeg | score=0.981 | stage=0.756 | page=1.00; keyword=gnd,디지털,24v; section=구성하기
8. page_145_img_0_0.jpeg | score=0.919 | stage=0.689 | page=1.00; keyword=입출력; section=구성하기
9. page_133_img_0_0.jpeg | score=0.910 | stage=0.580 | page=1.00
10. page_136_img_1_0.jpeg | score=0.897 | stage=0.857 | page=1.00; keyword=gnd,전압,전류,aox; section=구성하기"
Q09,기존,안전 I/O(Safety I/O) 포트를 사용하여 펜스나 라이트 커튼을 연결할 때 사용하는 입력 핀 번호는 무엇입니까?,안전 I/O/보호정지 배선,배선 확인형,TBSFT의 PR단자 (보호 정지),1,1,O,"keyword:tbsft,보호,정지","1. 구성하기 | pages [145, 146, 147] | keyword:tbsft,보호,정지 | stage= | 컨트롤러의 안전 입출력 (Safety I/O) 은 안전장치 연결을 위한 이중화된 전용 접점입력단자로 구성되어 있습니다 . 이 단자는 용도에 따라 두 영역으로 나누어져 있습니다 . 하부 2 쌍의 External Emergency Contact In: 외부 비상 스위치 등 비상정지에 필요한 장치 연결 상부 2 쌍의 Prote
2. 구성하기 | pages [142, 143] | keyword:tbsft,정지 | stage= | 인터페이스 Negative common & Sink type 입력기기와 연결하는 경우 디지털 IO 의 출력을 Sink type 의 입력기기와 연결하는 경우 , TBCO1 ~ TBCO4 단자블록의 Oxx 단자를 외부기기의 입 력단자에 연결하고 , GIO 를 외부기기의 Negative common 에 연결하여 공통 groun
3. 구성하기 | pages [144, 145] | page | stage= | VIO 와 GIO 는 컨트롤러 전면에 위치한 Safety Controller 의 디지털 I/O 에 사용되는 전원으로 , 컨트롤러 내부의 SMPS 에서 공급하는 VCC24V 와 GND 와 분리되어 있습니다 . 만약 , 사용자가 Configurable 디지털 I/O 용으로 2A 이하의 전류 를 사용하고 , IO 연결기기와 컨
4. 연결 | pages [133, 134] | keyword:tbsft,보호,정지 | stage= | 컨트롤러 I/O 단자를 이용하여 매니퓰레이터와 티치펜던트 이외에 외부 장비를 컨트롤러와 연결하여 사용할 수 있습 니다 . 비상정지 스위치 , 라이트 커튼 , 안전 매트와 같은 안전기기와 더불어 공압용 솔밸브 , 릴레이 , PLC, 컨베이어 벨 트 엔코더 등 로봇 작업 셀을 구성할 때 필요한 다양한 주변기기를 연결할 수 있
5. 구성하기 | pages [147] | semantic_rank:5 | stage= | Safety Controller 는 테스트펄스가 포함된 안전신호를 연결 가능한 전용 안전 입력단자 (SI1, SI2, SI3, SI4) 를 제공합 니다 . Protective Device 는 위험상황을 감지했을 때 로봇 등의 기계에 신호를 전달하기 위한 출력을 갖고있습니다 . Protective Device 는 이 신호의
6. 원격 제어 모드 실행 절차 | pages [256, 257, 255] | no_match keyword=0.00 semantic_rank=- | stage= | DART-Platform 매뉴얼 안전 출력 신호 STO( 안전 토크 오프 ), SOS( 안전 제한 속도 ) 신호 출력 포트를 지정합니다 . 제어 입력 신호 알아두기 각 신호에 대한 자세한 정보는 안전 신호 입출력 (Safety I/O) (p. 30) 을 참조하십시오 . PART 6.
7. 구성하기 | pages [139, 140, 141, 142, 143, 144] | page | stage= | 컨트롤러에는 디지털 입력 16 개 , 디지털 출력 16 개의 디지털 I/O 가 구성되어 있습니다 . 아래 그림과 같은 디지털 I/O 는 로봇 제어에 필요한 주변기기와 연결하여 사용하거나 이중화된 Safety IO 로 설정하여 안전신호 입출력 용도로 사 용할 수 있습니다 . Configurable 디지털 I/O 의 전기적 
8. 6.10.2 I/O Overview | pages [336, 337, 334, 335] | no_match keyword=0.00 semantic_rank=- | stage= | 안전 입력 1. 컨트롤러에 연결된 기기의 포트 번호를 확인하십시오 . 해당 번호의 디지털 입력 상태에 따라 다음과 같이 표시됩니다 . 디지털 신호가 High 신호일 경우 , 아이콘의 색상이 연두색으로 표시됩니다 . 디지털 신호가 Low 신호일 경우 , 아이콘 색상이 회색으로 표시됩니다 . 알아두기 디지털 입력을 안전 입력
9. (Safety I/O) | pages [32, 33, 34, 35, 36, 31] | no_match keyword=0.20 semantic_rank=- | stage= | 이중화된 단자로 안전 관련 신호를 입출력하는 기능입니다 . 안전 입출력 신호 중 어느 하나라도 이중화된 신호가 다 른 것이 감지되면 단선이나 하드웨어 고장으로 판단하여 로봇을 STO 정지 모드로 정지시킵니다 . 안전 신호 입출력 (Safety I/O) 은 Robot Parameter> Safety Settings > Sa
10. 6.7.3 Safety Settings | pages [241, 242, 245, 215, 216, 218] | no_match keyword=0.20 semantic_rank=- | stage= | Safety I/O 이중화된 단자로 안전 관련 신호를 입출력하는 기능입니다 . 안전 입출력 신호 중 어느 하나라도 이중화된 신호가 다 른 것이 감지되면 단선이나 하드웨어 고장으로 판단하여 로봇을 STO 정지 모드로 정지시킵니다 . 안전 신호 입출력 (Safety I/O) 를 설정하려면 Robot Parameters > S",page_145_img_0_0.jpeg,2,2,O,"1. page_147_img_0_0.jpeg | score=1.169 | stage=0.722 | page=1.00; keyword=safety,안전; section=안전,구성하기
2. page_145_img_0_0.jpeg | score=1.137 | stage=0.790 | page=1.00; keyword=safety,입출력,접점,안전; section=안전,구성하기
3. page_142_img_0_0.jpeg | score=1.059 | stage=0.685 | page=1.00; keyword=디지털,io; section=구성하기
4. page_144_img_0_0.jpeg | score=1.049 | stage=0.786 | page=1.00; keyword=디지털,io,safety,24v; section=구성하기
5. page_142_img_1_0.jpeg | score=1.034 | stage=0.685 | page=1.00; keyword=디지털,io; section=구성하기
6. page_144_img_1_0.jpeg | score=1.033 | stage=0.786 | page=1.00; keyword=디지털,io,safety,24v; section=구성하기
7. page_139_img_0_0.jpeg | score=0.946 | stage=0.651 | page=1.00; keyword=디지털; section=구성하기
8. page_133_img_0_0.jpeg | score=0.896 | stage=0.337 | keyword=연결하여,안전,라이트; section=안전
9. page_143_img_0_0.jpeg | score=0.829 | stage=0.685 | page=1.00; keyword=디지털,io; section=구성하기
10. page_143_img_1_0.jpeg | score=0.826 | stage=0.685 | page=1.00; keyword=디지털,io; section=구성하기"
Q10,기존,티치 펜던트 화면에서 로봇의 현재 각 관절 각도를 수치로 확인하는 메뉴 경로는 무엇입니까?,티치 펜던트/상태 확인,메뉴 경로형,Status 모듈 내 I/O Overview,8,8,△,keyword:모듈,"1. 6.7.1 Robot Settings | pages [192, 193, 194, 195, 196, 197, 198, 199, 200, 201, 188, 189, 190, 191] | no_match keyword=0.00 semantic_rank=- | stage= | DART-Platform 매뉴얼 항목 설명 5 I/O 이름 최대 40 자로 이름 설정이 가능합니다 . Mount 로봇 설치 자세 (Mount) 메뉴에서 로봇 설치 자세를 설정할 수 있습니다 . 로봇이 평평한 바닥에 설치되는 경우에는 이 과정을 건너뛸 수 있습니다 . 로봇 설치 자세는 Robot Parameters > Ro
2. 6.7.1 Robot Settings | pages [195] | no_match keyword=0.00 semantic_rank=- | stage= | DART-Platform 매뉴얼 티치 펜던트 뒷면의 핸드가이드 버튼을 누르면 1 번 버튼을 누른 것과 동일하게 자율이동 모드로 로봇을 움직일 수 있 습니다 . 구속 모션 2 번과 3 번 버튼을 누른 상태에서는 임의의 방향으로 힘을 가하여도 로봇 끝단이 구속 조건과 일치하는 방향으로만 움직이게 됩니다 . 구속 조건은 그림과
3. 화면 | pages [384, 385, 381, 382, 383] | no_match keyword=0.00 semantic_rank=- | stage= | 메뉴 구성 항목 설명 16 기준 좌표계 선택 18 번 Task 좌표에 사용될 기준 좌표계를 선택합니다 . Base, World, User coordinate 를 선택할 수 있습니다 . 17 조인트 자세 현재 로봇 자세와 목표가 될 조인트 자세를 표시합니다 . 18 태스크 자세 선택한 기준 좌표계에 맞는 현재 로봇 자세와 
4. 화면 | pages [386, 387, 388, 389] | no_match keyword=0.00 semantic_rank=- | stage= | 메뉴 구성 PART 6. DART-Platform 매뉴얼 항목 설명 1 로봇 자세 현재 로봇의 조인트 자세와 태스크 자세를 표시합니다 . 태스크 자 세의 경우 4 번에서 선택한 기준 좌표계에 따릅니다 .
5. 로봇 시스템 구성 및 설명 | pages [104] | no_match keyword=0.00 semantic_rank=- | stage= | 설치 매뉴얼 시스템 구성도 번호 이름 설명 1 티치펜던트 시스템 전체를 관리하는 기기로 로봇에게 특정 자세를 학습시키거나 매니퓰레이 터와 컨트롤러에 관련된 설정을 할 수 있습니다 . 2 컨트롤러 티치펜던트에서 설정한 자세나 움직임에 따라 로봇의 움직임을 조정합니다 . 다 양한 입출력 포트를 갖추고 있어 다양한 장비 및 장
6. 사용 시 주의사항 | pages [12] | no_match keyword=0.00 semantic_rank=- | stage= | 컨트롤러나 티치 펜던트에 오류가 나타나면 즉시 비상 정지시켜 오류가 발생한 원인을 확인한 후 오류 코드를 로그 화면에서 찾아 공급자에게 연락하십시오 . 로봇의 작동전에 로봇 사용 매뉴얼을 충분히 숙지한 후 사용하여 주시기 바랍니다 . 티치 펜던트에서 치명적인 에러를 경고하는 경우 즉시 로봇의 비상정지 스위치를 작동하여 로
7. 화면 | pages [386, 387, 388, 389, 390] | no_match keyword=0.00 semantic_rank=- | stage= | DART-Platform 매뉴얼 메뉴 구성 항목 설명 1 로봇 자세 현재 로봇의 조인트 자세와 태스크 자세를 표시합니다 . 태스크 자 세의 경우 4 번에서 선택한 기준 좌표계에 따릅니다 . PART 6.
8. 모듈 | pages [376, 373, 374, 375] | keyword:모듈 | stage= | PART 6. DART-Platform 매뉴얼 1. 조인트 탭을 선택합니다 . 움직이려는 축을 선택하십시오 . 예를 들어 J1 을 선택할 수 있습니다 . +/- 버튼을 눌러서 로봇을 움직일 수 있습니다 . +/- 버튼을 누르고 있는 동안 로봇이 움직이며 화면에는 현재 위치가 실시간으로 표시됩니다 . 조그 화면에서 태스크 
9. 테스트하기 | pages [96] | semantic_rank:6 | stage= | 로봇 시작하기 티치펜던트 화면에서 상태 > I/O 오버뷰 또는 I/O 테스트에서 다음과 같은 테스트를 진행할 수 있습니다 . 자세한 내용 은 각 항목을 참조하십시오 .
10. 6.7.2 Tool Settings | pages [209, 207] | keyword:모듈 | stage= | 로봇은 로봇 끝단의 TCP(Tool Center Point) 와 로봇 본체를 기준으로 공간 제한 위반 여부를 판단합니다 . 실제 로 봇에 설정된 TCP 보다 툴 형상이 더 큰 경우에는 툴 형상을 추가해야만 작업물과 툴을 보호할 수 있습니다 . 툴 형상을 너무 크게 설정하면 실제로 로봇을 움직일 수 있는 영역이 좁아지므로 ",page_332_img_0_0.jpeg,,,X,"1. page_195_img_2_0.jpeg | score=0.912 | stage=0.306 | keyword=메뉴
2. page_104_img_0_0.jpeg | score=0.864 | stage=0.244 | 
3. page_386_img_1_0.jpeg | score=0.849 | stage=0.254 | keyword=선택,dart,로봇의,현재
4. page_384_img_0_0.jpeg | score=0.834 | stage=0.239 | keyword=선택,dart
5. page_192_img_0_0.jpeg | score=0.795 | stage=0.034 | keyword=dart
6. page_96_img_0_0.jpeg | score=0.784 | stage=0.293 | keyword=티치,펜던트,화면에서; section=티치,펜던트,상태
7. page_376_img_0_0.jpeg | score=0.774 | stage=0.238 | keyword=모듈,dart,메뉴; section=모듈
8. page_196_img_0_0.jpeg | score=0.700 | stage=0.034 | keyword=dart
9. page_98_img_0_0.jpeg | score=0.686 | stage=0.237 | keyword=연결,티치,펜던트; section=티치,펜던트
10. page_98_img_1_0.jpeg | score=0.649 | stage=0.237 | "
Q11,기존,로봇을 천장(Ceiling)에 거꾸로 설치할 때 소프트웨어 설정 메뉴에서 입력해야 하는 마운팅 각도는 어떻게 설정합니까?,설치/마운팅 설정,설정 절차형,Y축 회전과 Z축 회전으로 각도 설정,1,1,O,"keyword:회전과,회전,회전으로,각도; semantic_rank:12","1. 6.7.1 Robot Settings | pages [192, 193, 194, 195, 196, 197, 198, 199, 200, 201, 188, 189, 190, 191] | keyword:회전과,회전,회전으로,각도; semantic_rank:12 | stage= | DART-Platform 매뉴얼 항목 설명 5 I/O 이름 최대 40 자로 이름 설정이 가능합니다 . Mount 로봇 설치 자세 (Mount) 메뉴에서 로봇 설치 자세를 설정할 수 있습니다 . 로봇이 평평한 바닥에 설치되는 경우에는 이 과정을 건너뛸 수 있습니다 . 로봇 설치 자세는 Robot Parameters > Ro
2. 소프트웨어 복구 모드 사용하기 | pages [184, 183] | no_match keyword=0.17 semantic_rank=- | stage= | PART 6. DART-Platform 매뉴얼 항목 설명 8 Joint/Task 원하는 값을 입력하여 로봇을 움직일 수 있습니다 . 소프트웨어 복구 모드를 사용하려면 : 1. 주 메뉴 창에서 Recovery 메뉴를 탭 하십시오 . Recovery 창에서 소프트웨어 복구 화면이 자동으로 활성화됩니다 . 소프트웨어 복구 화면
3. 모듈 | pages [181] | no_match keyword=0.17 semantic_rank=- | stage= | Recovery Module: 안전 위반이 지속되는 오류가 발생하거나 운반 / 운송을 위해 로봇을 포장할 경우 안전복구 모드를 이용해 사용자가 지정한 위치와 각도로 로봇을 설정할 수 있습니다 . Recovery 모듈은 하단의 Recovery 버튼을 통해 들어갈 수 있습니다 . 소프트웨어 복구 : 로봇이 운전 영역을 벗어나
4. 컨트롤러 배치하기 | pages [88, 87] | no_match keyword=0.00 semantic_rank=- | stage= | MANDATORY EASY 1 MIN 컨트롤러를 바닥에 설치할 때에는 기기 내 환기를 위해 양쪽 면에서 50 mm 정도의 여유 공간을 확보해주세요 . 주의 케이블 배치 시 최소 곡률 반경 이상이 되도록 배치하십시오 . 자세한 내용은 케이블 배치하기 (p. 114) 를 참고하십시오 . PART 2. 로봇 시작하기
5. 화면 | pages [378, 379] | semantic_rank:1 | stage= | DART-Platform 매뉴얼 로봇의 조인트 기준으로 실행하기 로봇의 조인트를 기준으로 각도를 조절하려면 : 1. 조인트 패널에서 각도를 조절할 축 (J1~J6) 을 선택하십시오 . 방향 버튼 ( , ) 을 길게 눌러 해당 축의 각도를 조절하십시오 . PART 6.
6. 패키징 자세 해제하기 | pages [91] | no_match keyword=0.00 semantic_rank=- | stage= | PART 2. 로봇 시작하기 패키징 자세를 설정하는 방법은 다음과 같습니다 . 헤더 창에서 Recovery 메뉴를 탭 하십시오 . 패키징 모드 탭을 선택하십시오 . Servo On to Start Recovery 버튼을 탭 해 패키징 모드를 활성화하십시오 . 설정된 패키징 포즈로 로봇이 자동으로 이동합니다 . Pack 버
7. 로봇과 툴 연결하기 | pages [123, 124, 125] | no_match keyword=0.00 semantic_rank=- | stage= | 번호 항목 1 툴 2 브라켓 3 케이블 4 툴 플랜지 1. M6 볼트 4 개를 이용하여 툴 플랜지에 툴을 고정하십시오 . 볼트를 고정할 때에는 9 Nm 의 토크로 볼트를 조이는 것을 권장합니다 . 로봇을 고정된 위치에 정확하게 설치해야 하는 경우에는 Φ 6 의 위치 결정 핀을 이용하면 원하는 위치에 설 치할 수 있습니다 
8. 소프트웨어 복구 모드 사용하기 | pages [183] | semantic_rank:15 | stage= | 설정 값을 변경하면 왼쪽 시뮬레이션 창에 실시간으로 반영됩니다 . 설정이 완료되면 왼쪽 상단의 X 버튼을 탭 해 창을 닫으십시오 . 주의 소프트웨어 복구 모드는 조인트 각도 제한이 3 도를 초과한 상태에서 사용할 수 없습니다 .
9. 설치 장소 확인하기 | pages [113] | no_match keyword=0.00 semantic_rank=- | stage= | 로봇을 설치할 때 , 로봇이 충분히 움직일 수 있도록 공간을 확보해야 합니다 . 로봇의 작업 영역을 확인하여 외부 물체 와 부딪히지 않도록 하십시오 . 바닥이 단단하고 수평인 장소에 설치하십시오 . 누수가 발생하지 않고 온도와 습도가 일정하게 유지될 수 있는 장소에 설치하십시오 . 로봇 설치 장소 주변에 인화성 및 폭발 
10. 로봇 설치 준비 | pages [116, 117, 118] | no_match keyword=0.00 semantic_rank=- | stage= | 설치 매뉴얼 케이블 배치하기 케이블 배치 시 케이블의 곡률반경이 최소곡률반경 이상이 되도록 배치하십시오 . 각 케이블의 최소곡률반경 (R) 은 아래와 같습니다 . 케이블 최소곡률반경 (R) 티치 펜던트 케이블 120 mm 로봇 케이블 120 mm 경고 매니퓰레이터가 작동할 때 , 볼트가 풀리지 않도록 끝까지 조이십시오 .",page_188_img_0_0.jpeg,,,X,"1. page_192_img_0_0.jpeg | score=1.134 | stage=0.758 | page=1.00; keyword=설명,dart,platform,매뉴얼; section=robot,settings
2. page_378_img_2_0.jpeg | score=0.878 | stage=0.276 | keyword=설명
3. page_195_img_2_0.jpeg | score=0.876 | stage=0.657 | page=1.00; keyword=mount; section=robot,settings
4. page_191_img_0_0.jpeg | score=0.870 | stage=0.758 | page=1.00; keyword=설명,dart,platform,매뉴얼; section=robot,settings
5. page_181_img_0_0.jpeg | score=0.867 | stage=0.324 | keyword=설정할,로봇을; section=모듈
6. page_196_img_0_0.jpeg | score=0.866 | stage=0.758 | page=1.00; keyword=설명,dart,platform,매뉴얼; section=robot,settings
7. page_189_img_0_0.jpeg | score=0.862 | stage=0.758 | page=1.00; keyword=설명,dart,platform,매뉴얼; section=robot,settings
8. page_378_img_0_0.jpeg | score=0.849 | stage=0.328 | keyword=dart,platform,매뉴얼
9. page_88_img_1_0.jpeg | score=0.824 | stage=0.240 | 
10. page_190_img_0_0.jpeg | score=0.820 | stage=0.724 | page=1.00; keyword=dart,platform,매뉴얼; section=robot,settings"
Q12,기존,전원이 꺼진 상태나 비상시 조작기 각 관절의 브레이크(Brake)를 수동으로 해제하는 방법은 무엇입니까?,비상/Backdrive,비상 조작형,Backdrive 모듈 사용,1,1,O,"keyword:backdrive,모듈; semantic_rank:3","1. 모듈 | pages [179, 180, 181] | keyword:backdrive,모듈; semantic_rank:3 | stage= | DART-Platform 매뉴얼 항목 설명 4 On/Off 토글 버튼 각 조인트마다 활성화 여부를 선택 가능합니다 . Backdrive 모드를 설정하는 방법은 아래와 같습니다 . 주 메뉴에서 상태 버튼을 탭 한 후 Backdrive 버튼을 탭 하십시오 . Backdrive 버튼이 활성화되지 않는다면 비상 정지 버튼을 눌렀
2. 모듈 | pages [178, 179, 180] | keyword:backdrive,모듈; semantic_rank:1 | stage= | Backdrive 란 모터 구동 전원을 차단한 상태로 브레이크만을 해제하여 외력에 의해 로봇의 조인트를 움직일 수 있습 니다 . Recovery 모드나 핸드가이딩으로 로봇을 정상 상태로 복귀시킬 수 없는 경우에 사용할 수 있습니다 . Backdrive 모드를 실행하면 로봇의 각 조인트의 브레이크를 사용자가 해제하거나 체결
3. 기타 안전 대책 | pages [42] | keyword:backdrive,모듈 | stage= | 무동력동작 : 모터 구동 전원을 차단한 상태로 브레이크만을 해제하여 외력에 의해 로봇의 조인트를 움직이는 기능 입니다 . 안전복구 모드나 핸드가이딩으로 로봇을 정상 상태로 복귀시킬 수 없는 경우에 사용할 수 있습니다 . 무동 력동작 모드를 실행하면 로봇의 각 조인트의 브레이크를 사용자가 해제하거나 체결할 수 있습니다 . 
4. 색상 | pages [19] | keyword:backdrive | stage= | 안전 매뉴얼 기타 상태 모드 상태 설명 플랜지 and/or 베이스 LED - Backdrive Hold 6 개 축의 브레이크가 모두 체결되어 , 무동력동작 잠김상태입 니다 . 노란색 깜박임 Backdrive Release 브레이크 해제를 선택하여 1 개 이상 조인트의 브레이크가 풀 린 상태입니다 . 브레이크를 다시 체결하
5. 전원 끄기 | pages [125] | no_match keyword=0.00 semantic_rank=- | stage= | 로봇과 컨트롤러를 청소하거나 유지 보수를 위해 분해할 경우에는 반드시 전원 스위치를 눌러 전원을 차단하십시오 .
6. 비상 정지 버튼 해제하기 | pages [89] | no_match keyword=0.00 semantic_rank=- | stage= | MANDATORY EASY 1 MIN 로봇 설치 후 첫 부팅이 완료되면 , 티치펜던트의 비상 정지 버튼이 눌려 있어 경고 팝업이 나타납니다 . 이때 , 비상 정 지 버튼을 해제해야 로봇을 사용할 수 있습니다 . 비상 정지 버튼을 시계 방향으로 돌려서 비상 정지 상태를 해제하십시오 .
7. 안전정격 정지하위기능 | pages [22] | no_match keyword=0.00 semantic_rank=- | stage= | 로봇의 브레이크는 감속을 위한 제동 용도가 아니라 구동력이 상실 ( 전원 차단 등 ) 되었을 때 현재 자세를 유 지하는 용도입니다 . STO 를 빈번히 사용할 경우 브레 이크 마모나 감속기 수명이 단축될 수 있으므로 불가 피한 경우가 아니면 SS1 사용을 권장합니다 .
8. 로봇의 모드 | pages [16] | no_match keyword=0.00 semantic_rank=- | stage= | 안전 매뉴얼 수동 모드에서는 Robot Parameter 로 로봇의 주변 장치에 대한 설정하거나 Task Editor 를 통해 로봇의 태스크 프로 그래밍을 할 수 있으며 , 로봇이 안전 제한치 초과 등의 이유로 정상 조작이 불가능할 때 정상 상태로 움직이기 위한 복 구 기능을 사용할 수 있습니다 . 자동 모드 (Autom
9. 6.7.1 Robot Settings | pages [194] | no_match keyword=0.00 semantic_rank=- | stage= | Cockpit 직접 교시는 로봇의 끝단을 손으로 잡고 직접 로봇을 밀거나 당겨서 원하는 자세로 움직이고 그 위치를 현재 선택한 모션에 적용하기 위해 사용합니다 . 직접 교시 방식은 크게 두 가지로 구분됩니다 . 자율이동 (Freedrive) : 사용자가 가한 힘의 방향으로 로봇의 각 관절이 이동 구속모션 (Constrai
10. 로봇의 모드 | pages [16, 15] | no_match keyword=0.00 semantic_rank=- | stage= | 수동 모드 (Manual Mode) 로봇이 사용자의 직접적인 개입을 통하여 작동되는 모드입니다 . 작동과 관련된 버튼을 누르고 있는 상태에서만 로봇 이 움직이며 , 버튼에서 손을 떼면 로봇이 작동을 멈춥니다 . 수동 모드에서는 로봇 안전 규정에 따라 TCP 의 이동 속도가 250 mm/s 이하로 제한됩니다 . 단 , 핸드",page_178_img_0_0.jpeg,1,1,O,"1. page_178_img_0_0.jpeg | score=1.123 | stage=0.741 | page=1.00; keyword=ry,backdrive,브레이크; section=backdrive,모듈
2. page_179_img_1_0.jpeg | score=1.102 | stage=0.741 | page=1.00; keyword=ry,backdrive,브레이크; section=backdrive,모듈
3. page_89_img_1_0.jpeg | score=0.873 | stage=0.341 | keyword=ry; section=비상
4. page_125_img_0_0.jpeg | score=0.834 | stage=0.328 | 
5. page_89_img_0_0.jpeg | score=0.814 | stage=0.337 | keyword=ry; section=비상
6. page_181_img_0_0.jpeg | score=0.798 | stage=0.644 | page=1.00; keyword=ry; section=모듈
7. page_177_img_1_0.jpeg | score=0.706 | stage=0.737 | page=1.00; keyword=서보,의미합니다; section=알아보기,비상,서보
8. page_24_img_0_0.jpeg | score=0.703 | stage=0.289 | 
9. page_94_img_0_0.jpeg | score=0.670 | stage=0.332 | keyword=ry
10. page_95_img_0_0.jpeg | score=0.635 | stage=0.267 | keyword=ry"
Q13,기존,티치 펜던트의 전원을 강제로 종료하는 물리적 버튼 조작법은 무엇입니까?,티치 펜던트/전원 조작,조작 절차형,전원 버튼을 4초 이상 길게 누름,1,1,O,"keyword:전원,버튼을,버튼,길게; semantic_rank:4","1. 시스템 전원 끄기 | pages [94] | keyword:전원,버튼을,버튼,길게; semantic_rank:4 | stage= | MANDATORY EASY 1 MIN 시스템의 전원을 끄려면 티치 펜던트 화면의 종료 버튼을 누르거나 티치펜던트 좌측 상단에 있는 전원 버튼을 2 초 정 도 길게 누르십시오 . 화면에 전원 종료 팝업이 나타납니다 . 전원 종료 팝업에서 확인 버튼을 눌러 시스템을 정상적으로 종료합니다 .
2. 테스트하기 | pages [96, 95] | semantic_rank:7 | stage= | MANDATORY NORMAL 10 MIN 티치펜던트에서는 플랜지 I/O 에 연결된 툴의 동작을 테스트할 수 있는 기능을 제공하고 있습니다 . 전원을 차단했을 때 툴에서 작업물이 낙하하는 등의 위험 상황이 발생하지 않도록 툴과 그리퍼를 구성 하십시오 . A 시리즈의 경우 로봇이 서보 오프될 때 Flange I/O 의 24
3. 티치 펜던트를 사용할 경우 | pages [163] | keyword:전원,버튼을,버튼,이상,길게; semantic_rank:3 | stage= | 티치 펜던트 좌측 상단에 있는 전원 버튼을 길게 누르십시오 . 로봇 , 컨트롤러 , 티치 펜던트와 같은 시스템에 필요한 전원이 켜집니다 . 시스템의 전원이 켜지면 로봇의 상태 LED 가 점등됩니다 . 전원을 끄려면 티치 펜던트 화면의 종료 버튼을 누르거나 티치펜던트 좌측 상단에 있는 전원 버튼을 2 초 정도 길게 누르십시
4. 안전정격 정지기능 | pages [24, 25] | semantic_rank:14 | stage= | 안전 매뉴얼 비상 정지 사용자는 비상 상황에 대비하여 시스템을 정지시킬 수 있는 비상정지 버튼을 사용할 수 있습니다 . 비상 상황에서는 티치펜던트 우측 상단에 있는 비상정지 버튼을 눌러 시스템을 즉시 정지하십시오 . 보호 정지 안전매트 등의 압력식 방호 장치 (Pressure sensitive preotective equ
5. 6.7.3 Safety Settings | pages [211, 212, 213, 214, 215, 217, 219, 220, 222, 224, 226, 227, 229, 230, 232, 234, 236, 238, 240, 241, 242, 243, 244, 245] | no_match keyword=0.29 semantic_rank=- | stage= | 티치펜던트에 부착된 비상 정지 버튼을 누르거나 Safety I/O 에 연결한 안전 장치를 통해 로봇을 비상 정지할 수 있습 니다 . 티치펜던트 화면에서 Robot Parameters > Safety Settings > Safety I/O 기능을 활용하여 안전 장치를 비상 정지 또는 보호 정지로 연결할 수 있습니다 . 안전
6. 6.7.3 Safety Settings | pages [211, 212, 213, 214, 215, 216, 217, 218, 219, 220, 221, 222, 223, 224, 225, 226, 227, 228, 229, 230, 231, 232, 233, 234, 235, 236, 237, 238, 239, 240, 241, 242, 243, 244, 245, 246] | no_match keyword=0.29 semantic_rank=- | stage= | 안전 정지 / 해제 방법 티치펜던트에 부착된 비상 정지 버튼을 누르거나 Safety I/O 에 연결한 안전 장치를 통해 로봇을 비상 정지할 수 있습 니다 . 티치펜던트 화면에서 Robot Parameters > Safety Settings > Safety I/O 기능을 활용하여 안전 장치를 비상 정지 또는 보호 정지로 연
7. 비상 정지 버튼 해제하기 | pages [89] | semantic_rank:13 | stage= | MANDATORY EASY 1 MIN 로봇 설치 후 첫 부팅이 완료되면 , 티치펜던트의 비상 정지 버튼이 눌려 있어 경고 팝업이 나타납니다 . 이때 , 비상 정 지 버튼을 해제해야 로봇을 사용할 수 있습니다 . 비상 정지 버튼을 시계 방향으로 돌려서 비상 정지 상태를 해제하십시오 .
8. 컨트롤러 전원 켜기 | pages [88, 89] | keyword:전원,버튼,길게; semantic_rank:12 | stage= | MANDATORY EASY 1 MIN 1. 컨트롤러 하단에 있는 전원 스위치를 누르십시오 . 로봇 , 컨트롤러 , 티치펜던트와 같은 시스템에 필요한 전원이 켜 집니다 . 티치펜던트 화면이 켜질 때까지 전원 버튼 ( 그림 2 번 ) 을 길게 누르십시오 . 로봇 제어기와의 네트워크 연결이 완료될 때까지 티치펜던트 LED( 그
9. 시스템 전원 켜기 | pages [95] | keyword:전원,버튼을,버튼,길게; semantic_rank:2 | stage= | MANDATORY EASY 1 MIN 다시 시스템 전원을 켭니다 . 티치펜던트 화면이 켜질 때까지 전원 버튼을 길게 누르십시오 .
10. 로봇 시스템 구성 및 설명 | pages [103] | no_match keyword=0.29 semantic_rank=16 | stage= | PART 3. 설치 매뉴얼 티치펜던트 No. 항목 설명 1 전원 버튼 티치펜던트의 주 전원을 켜거나 끌 수 있습니다 . 자세한 내용은 시스템 전원 온 / 오프 (p. 162) 를 참고하십시오 .",page_24_img_0_0.jpeg,5,10,△,"1. page_94_img_0_0.jpeg | score=1.188 | stage=0.925 | page=1.00; keyword=전원,버튼을,티치,길게; section=전원,티치,펜던트
2. page_95_img_0_0.jpeg | score=1.112 | stage=0.891 | page=1.00; keyword=전원,플랜지,티치,mandatory; section=전원,티치,펜던트
3. page_96_img_0_0.jpeg | score=1.057 | stage=0.771 | page=1.00; keyword=자세한,티치,시작하기,펜던트; section=티치,펜던트,하기
4. page_89_img_1_0.jpeg | score=1.018 | stage=0.699 | page=0.70; keyword=버튼을,티치,mandatory,min; section=티치,펜던트,하기
5. page_163_img_0_0.jpeg | score=0.966 | stage=0.350 | keyword=전원,버튼을,티치,길게; section=전원,티치,펜던트
6. page_89_img_0_0.jpeg | score=0.953 | stage=0.699 | page=0.70; keyword=버튼을,티치,mandatory,min; section=티치,펜던트,하기
7. page_163_img_1_0.jpeg | score=0.915 | stage=0.346 | keyword=전원,버튼을,티치,길게; section=전원,티치,펜던트
8. page_88_img_1_0.jpeg | score=0.907 | stage=0.505 | page=0.45; keyword=전원,티치,mandatory,min; section=전원,티치,펜던트
9. page_88_img_0_0.jpeg | score=0.902 | stage=0.542 | page=0.45; keyword=전원,티치,part,시작하기; section=전원,티치,펜던트
10. page_24_img_0_0.jpeg | score=0.878 | stage=0.332 | "
Q14,기존,로봇이 특이점(Singularity) 영역에 도달했을 때 제어를 보호하기 위해 발생하는 현상은 무엇입니까?,안전/특이점/동작 제한,안전 상태형,조인트 속력/각도 제한 위반으로 에러 발생 후 정지,1,1,O,"keyword:조인트,각도,제한,위반,에러,발생","1. 알아보기 | pages [174, 175] | keyword:조인트,각도,제한,위반,에러,발생 | stage= | DART-Platform 매뉴얼 특이점 근처에서는 로봇의 움직임이 평면 , 점 , 직선에 해당하여 움직임이 원활하지 않고 로봇 끝단의 직선 이동이 유 지되지 않을 수 있으며 제어 시 위치 오차가 증가할 수 있습니다 . 로봇 관절이 일직선인 경우를 포함하여 그림에서 보 는 것과 같이 3 가지 경우에 특이점이 발생합니다 . 
2. 알아보기 | pages [173, 174, 175] | page | stage= | 다관절 로봇에서 특이점 (Singularity) 란 간단하게 설명하면 로봇이 이동 중 자신의 다음 자세를 계산하기 어려워하는 위치 ( 또는 점 ) 입니다 . 다관절 로봇의 경우 로봇의 끝단을 기준으로 이동하는 동안의 각 관절의 각도를 계산합니다 . 예를 들면 아래 그림 1 의 상태에서 로봇이 빨간 점으로 이동하고자 할 때
3. (Space Limit) | pages [39] | keyword:조인트,각도,제한,위반,정지; semantic_rank:10 | stage= | 로봇 제한치 (Robot Limits) (p. 210) 의 로봇의 조인트 각도 제한치 외에 , 직교 좌표상에서 로봇이 작동 공간을 제한할 수 있습니다 . 로봇 또는 TCP 가 자동운전 또는 수동모드에서 공간제한을 위반하면 안전 정지 모드 (Safety Stop Mode) 설정에 따라 정지합니다 . 핸드가이딩으로 직접교시 
4. 안전검사 고시 | pages [48, 45, 46, 47] | no_match keyword=0.22 semantic_rank=- | stage= | “ 별표 14 산업용 로봇 검사기준 ” 중 발췌 자동운전모드 가 . 자동운전모드에서는 방책 등 안전장치가 정상기능을 유지하고 있어 야 하며 , 보호영역 안으로 사람이 들어가면 보호정지 기능이 작동될 것 나 . 자동운전모드 선택으로 보호정지 또는 비상정지가 리셋 또는 무효화 되지 않을 것 다 . 정지신호가 부여되면 자동운전
5. 힘 제어 개념 알아보기 | pages [277, 278, 279, 280, 281, 282, 283] | keyword:제한,발생,정지 | stage= | DART-Platform 매뉴얼 순응 (Compliance) 제어 순응 제어 (Compliance Control) 란 로봇 끝단의 TCP 에 힘이 가해질 때 설정된 강성에 따라 외력에 순응 하는 기능입 니다 . 목표점에서 힘 평형을 이루며 평형점을 기준으로 변위가 발생했을 때 반력 발생하는 제어 방식이며 순응 제어 를 상
6. (Robot Limits) | pages [40, 39] | keyword:제한,발생,정지 | stage= | 로봇 제한치 (Robot Limits) 에서는 로봇에 관련된 여러 안전기능의 전역 안전 제한치를 일반 모드와 감소 모드로 나누 어 설정할 수 있습니다 . 로봇의 각 파라미터가 설정된 안전 제한치를 초과할 경우 로봇은 보호 정지 합니다 . 로봇 제한치는 Robot Parameter> Safety Settings > Robo
7. (Safety Stop Modes) | pages [37] | keyword:속력,각도,제한,위반,정지 | stage= | 안전 매뉴얼 안전 정지 모드 설명 6 TCP/ 로봇 위치 제한 위반 (TCP/ Robot Position Limit Violation) 공구중심점 (TCP) 과 로봇의 위치가 워크셀 매니저의 로봇에서 설정한 공 간 제한을 위반할 때 활성화되는 정지 모드를 설정합니다 . 또한 TCP 가 안전 영역 ( 협동 작업 구역 (Co
8. 안전정격 감시기능 | pages [25, 26, 27] | keyword:조인트,속력,각도,제한,정지 | stage= | 두산로봇은 위험성평가를 통한 위험 저감조치로 사용할 수 있는 안전정격 감시기능을 제공합니다 . 각 감시기능이 감 지하는 제한치는 티치펜던트 UI 의 Robot Parameter > Safety Settings > Robot Limits 에서 설정할 수 있습니다 . 안전 기능 안전기능 동작조건 Triggering Event
9. 6.7.3 Safety Settings | pages [242] | keyword:제한,위반,발생,정지 | stage= | DART-Platform 매뉴얼 협동 작업 구역 (Collaborative Zone) 설정하기 협동 작업 구역 (Collaborative Zone) 은 로봇과 안전하게 함께 작업할 수 있도록 설계된 구역입니다 . 근접 작업에 필 요한 감속률 등의 로봇 제한 , 안전 정지 모드 설정을 제공합니다 . Robot Paramet
10. (Zone) | pages [38] | no_match keyword=0.11 semantic_rank=- | stage= | 응용에 따라 특정 공간에서는 로봇 제한치 (Robot Limits) 설정 (p. 210) 에서 지정한 전역 안전제한치와는 다른 안전제 한치 적용이 필요할 수 있습니다 . 구역설정 기능을 이용하면 지정한 구역에만 별도의 안전제한치를 설정할 수 있습니 다 . 구역의 종류에 따라 오버라이드가 가능한 안전제한치가 지정되어있습니다",page_173_img_1_0.jpeg,1,1,O,"1. page_173_img_1_0.jpeg | score=1.171 | stage=0.758 | page=1.00; keyword=특이점,on,로봇이,singularity; section=특이점,알아보기
2. page_174_img_1_0.jpeg | score=1.140 | stage=0.724 | page=1.00; keyword=특이점,on,제어; section=특이점,알아보기
3. page_48_img_0_0.jpeg | score=0.876 | stage=0.337 | keyword=on,모드; section=안전
4. page_277_img_0_0.jpeg | score=0.844 | stage=0.254 | keyword=on,제어; section=알아보기
5. page_278_img_1_0.jpeg | score=0.839 | stage=0.315 | keyword=on,제어; section=알아보기
6. page_175_img_1_0.jpeg | score=0.815 | stage=0.635 | page=1.00; keyword=on; section=알아보기
7. page_175_img_4_0.jpeg | score=0.812 | stage=0.635 | page=1.00; keyword=on; section=알아보기
8. page_175_img_3_0.jpeg | score=0.808 | stage=0.635 | page=1.00; keyword=on; section=알아보기
9. page_175_img_2_0.jpeg | score=0.803 | stage=0.635 | page=1.00; keyword=on; section=알아보기
10. page_242_img_0_0.jpeg | score=0.783 | stage=0.293 | keyword=on"
Q15,기존,시스템의 과거 에러 로그를 추출하는 메뉴 경로는 어디입니까?,시스템 관리/로그,메뉴 경로형,Logs 모듈,1,1,O,semantic_rank:7,"1. 설명 | pages [341, 342] | semantic_rank:7 | stage= | 6 Warning 경고 로그를 확인할 수 있습니다 . 7 Information 정보 로그를 확인할 수 있습니다 . 8 Comment 코멘트 로그를 확인할 수 있습니다 . 9 Filter Reset 새로고침하여 로그의 종류 선택을 초기화할 수 있습니다 . 10 Code or Keyword 원하는 코드나 키워드를 검색할 수 
2. 로봇 업데이트 및 복원 | pages [363] | no_match keyword=0.00 semantic_rank=- | stage= | DART-Platform 매뉴얼 메뉴 구성 항목 설명 1 Current Version Info 현재 어플리케이션 / 시스템 /OS 버전 정보를 보여줍니다 . 2 Backup List 백업 가능한 복원 버전들의 리스트를 보여줍니다 . 리스트 상의 항목 들은 업데이트 기능을 이용해 업데이트 할 경우 생성됩니다 . 3 Rest
3. 데이터 관리하기 | pages [366, 367, 368, 369, 370, 371] | keyword:모듈; semantic_rank:3 | stage= | 설치된 모듈 리스트 이 메뉴에서는 설치된 모듈들을 확인하고 관리할 수 있습니다 . 메뉴 구성 항목 설명 1 카테고리 모듈 리스트에서 보고 싶은 모듈의 타입이나 상태 카테고리를 선택할 수 있고 , 직접 검색도 가능합니다 . 2 Install from File 사용자의 파일에서 모듈 설치가 가능합니다 . 3 Module Na
4. 로봇 업데이트 및 복원 | pages [362, 363] | no_match keyword=0.00 semantic_rank=- | stage= | DART-Platform 매뉴얼 시스템 복원 Robot Update > System Restore 메뉴에서는 업데이트 정보를 기반으로 시스템을 복원할 수 있는 기능을 제공합니 다 . 백업 리스트에서 원하는 복원 지점을 선택한 뒤 , 복원 버튼을 클릭합니다 .
5. 데이터 관리하기 | pages [370] | no_match keyword=0.00 semantic_rank=- | stage= | DART-Platform 매뉴얼 공장 초기화 공장 초기화는 로봇에 저장된 사용자 데이터 및 로그를 삭제하는 기능입니다 . 공장 초기화가 실행되면 데이터 베이 스 , 로그 파일 , 워크셀 아이템 , 태스크 파일이 삭제됩니다 . 주 메뉴의 Settings Module 버튼을 탭 한 후 Factory Reset 을 선택하십시오
6. 소프트웨어 복구 모드 사용하기 | pages [182, 183] | keyword:모듈 | stage= | 소프트웨어 복구 모드 메뉴 구성 항목 설명 1 Servo On to Start Recovery Recovery 모드를 시작하기 전에 서보를 활성화하는 버튼입니다 . 2 Exit Recovery Recovery 모듈에서 나갈 수 있는 버튼입니다 . 3 Header 소프트웨어 복구 모드 혹은 팩 / 언팩 모드 중 하나를 선택
7. 데이터 관리하기 | pages [368] | no_match keyword=0.00 semantic_rank=- | stage= | DART-Platform 매뉴얼 메뉴 구성 항목 설명 1 로그 기간 선택 내보내기 대상 로그의 기간을 선택 할 수 있습니다 . 2 로그 타입 선택 내보내고 싶은 대상을 체크합니다 . 3 로그 내보내기 버튼 선택한 로그가 한개 이상일 때 활성화 됩니다 . 데이터 내보내기 & 가져오기 이 메뉴에서는 다트 플랫폼의 데이터를 내
8. 원격 제어 모드 | pages [257, 258, 259, 260, 261, 262] | semantic_rank:5 | stage= | DART-Platform 매뉴얼 로그 시스템 로그 정보를 표시합니다 . 변수 실행되고 있는 태스크에서 사용된 변수 값을 표시합니다 .
9. 로봇 업데이트 및 복원 | pages [360, 361, 362, 363, 364, 365, 366] | no_match keyword=0.00 semantic_rank=- | stage= | 업데이트 Robot Update > Update 메뉴에서는 업데이트 파일을 사용하여 시스템을 업데이트 하는 기능을 제공합니다 . 업데이트 영역에서 원하는 업데이트 파일을 업로드합니다 . 업로드가 완료되면 업데이트 버튼이 표시되며 , 해당 버 튼을 통해서 업데이트를 수행할 수 있습니다 . 메뉴 구성 항목 설명 1 Curre
10. 알아보기 | pages [169] | keyword:모듈 | stage= | DART-Platform 매뉴얼 항목 설명 8 메뉴 버튼 메뉴 버튼을 클릭하면 아래와 같은 메뉴들이 표시됩니다 . 작업자 : 작업자 권한으로 변경합니다 . 관리자 : 관리자 권한으로 변경합니다 . 관리자 권한으로 변경 시 관리자 비밀번호를 입력해야 합니다 . 무동력 동작 모드 : Backdrive 모듈을 실행 합니다 . ",page_340_img_0_0.jpeg,,2,O,"1. page_342_img_0_0.jpeg | score=0.945 | stage=0.385 | page=0.45; keyword=dart,메뉴; section=10,관리,모듈
2. page_340_img_0_0.jpeg | score=0.927 | stage=0.734 | page=1.00; keyword=dart,platform,매뉴얼,메뉴; section=모듈
3. page_366_img_0_0.jpeg | score=0.891 | stage=0.311 | keyword=메뉴; section=관리,모듈
4. page_342_img_2_0.jpeg | score=0.870 | stage=0.385 | page=0.45; keyword=dart,메뉴; section=10,관리,모듈
5. page_368_img_0_0.jpeg | score=0.864 | stage=0.346 | keyword=dart,platform,매뉴얼,메뉴; section=관리,로그
6. page_182_img_0_0.jpeg | score=0.850 | stage=0.332 | keyword=메뉴
7. page_369_img_0_0.jpeg | score=0.829 | stage=0.324 | keyword=dart,platform,매뉴얼; section=관리
8. page_363_img_0_0.jpeg | score=0.814 | stage=0.221 | keyword=메뉴; section=시스템
9. page_370_img_0_0.jpeg | score=0.809 | stage=0.276 | keyword=part; section=관리
10. page_364_img_1_0.jpeg | score=0.792 | stage=0.220 | keyword=메뉴; section=시스템"
Q16,기존,티치 펜던트 케이블을 배선할 때 케이블이 손상되지 않도록 유지해야 하는 최소 곡률반경은 얼마입니까?,설치/케이블 배선,설치 주의형,120mm,1,1,O,semantic_rank:4,"1. 로봇 설치 준비 | pages [116, 117, 118] | semantic_rank:4 | stage= | 설치 매뉴얼 케이블 배치하기 케이블 배치 시 케이블의 곡률반경이 최소곡률반경 이상이 되도록 배치하십시오 . 각 케이블의 최소곡률반경 (R) 은 아래와 같습니다 . 케이블 최소곡률반경 (R) 티치 펜던트 케이블 120 mm 로봇 케이블 120 mm 경고 매니퓰레이터가 작동할 때 , 볼트가 풀리지 않도록 끝까지 조이십시오 .
2. 시스템 연결 | pages [119, 120, 121, 122, 123] | no_match keyword=0.00 semantic_rank=- | stage= | 설치 매뉴얼 컨트롤러와 티치펜던트 연결하기 티치펜던트 케이블을 컨트롤러의 해당 연결부에 딸깍 소리가 날 때까지 연결하여 케이블이 빠지지 않도록 하십시오 . 컨트롤러가 전자파 노이즈의 영향을 받거나 다른 기기에 영향을 줄 경우 정상적인 사용을 위해 매니퓰 레이터 케이블 양단에 페라이트코어를 설치하는 것을 권장합니다 . 설치
3. 컨트롤러 배치하기 | pages [88, 87] | semantic_rank:6 | stage= | MANDATORY EASY 1 MIN 컨트롤러를 바닥에 설치할 때에는 기기 내 환기를 위해 양쪽 면에서 50 mm 정도의 여유 공간을 확보해주세요 . 주의 케이블 배치 시 최소 곡률 반경 이상이 되도록 배치하십시오 . 자세한 내용은 케이블 배치하기 (p. 114) 를 참고하십시오 . PART 2. 로봇 시작하기
4. 컨트롤러에 케이블 연결하기 | pages [83] | no_match keyword=0.00 semantic_rank=- | stage= | MANDATORY EASY 1 MIN 티치펜던트와 로봇의 케이블을 컨트롤러에 연결합니다 . 티치펜던트 케이블을 컨트롤러의 해당 연결부에 딸깍 소리가 날 때까지 연결하여 케이블이 빠지지 않도록 하십시 오 . 로봇 케이블의 반대편 끝을 컨트롤러의 해당 연결부에 딸깍 소리가 날 때까지 연결하여 케이블이 빠지지 않도록 하 십시오
5. 테스트하기 | pages [96, 95] | no_match keyword=0.00 semantic_rank=- | stage= | MANDATORY NORMAL 10 MIN 티치펜던트에서는 플랜지 I/O 에 연결된 툴의 동작을 테스트할 수 있는 기능을 제공하고 있습니다 . 전원을 차단했을 때 툴에서 작업물이 낙하하는 등의 위험 상황이 발생하지 않도록 툴과 그리퍼를 구성 하십시오 . A 시리즈의 경우 로봇이 서보 오프될 때 Flange I/O 의 24
6. 기본 사양 | pages [110, 111] | no_match keyword=0.00 semantic_rank=- | stage= | 모델명 A0509 A0509S* A0912 A0912S* 중량 21 kg 31 kg 작업 반경내 에서의 가반 하중 5 kg 9 kg 최대 작업 반 경 900 mm 903 mm 1200 mm 1203 mm 축의 개수 6 최대 TCP 속 도 Over 1 m/s 위치 반복정 밀도 (ISO 9283) ±0.03 mm ±0.05 
7. (Safety Stop Modes) | pages [36, 37] | no_match keyword=0.00 semantic_rank=- | stage= | 안전 정지 모드 설명 1 비상 정지 (Emergency Stop) 티치 펜던트의 비상 정지 버튼 또는 추가적으로 설치된 외부 장치가 작 동하였을 때의 정지 모드를 설정합니다 . (STO 또는 SS1 만 선택할 수 있 습니다 .) 2 보호 정지 (Protective Stop) 외부에 연결된 보호 장비를 작동하였을 때의 정지
8. 로봇 베이스 고정하기 | pages [84] | no_match keyword=0.00 semantic_rank=- | stage= | 볼트를 고정할 때에는 20Nm 정도의 토크로 볼트를 조이는 것을 권장합니다 . 진동에 의한 풀림 방지를 위해서 와셔 ( 스프링 - 평 ) 사용하시기 바랍니다 .
9. 시스템 연결 | pages [121, 122] | no_match keyword=0.00 semantic_rank=- | stage= | 설치 매뉴얼 매개변수 사양 입력전압 100 – 240 VAC 입력전원 퓨즈 (@100-240V) 15 A 주의 전원 케이블을 연결한 후 로봇을 올바르게 접지했는지 확인하십시오 ( 전기적 지면 연결 ). 컨트롤러 내부 의 접지 심볼과 관련된 나사 중에서 사용하지 않은 나사로 시스템의 모든 장비에 대하여 공통적인 접지 를 하
10. 로봇 모션 속성 알아보기 | pages [270] | no_match keyword=0.00 semantic_rank=- | stage= | 반경은 기본 값 으로 0mm 로 설정되어 있습니다 . 블렌딩 모드 (Blending Mode) 선행 모션의 옵션에 반경 (Radius) 을 적용했을 때 후행 모션의 블렌딩 모드 (Blending Mode) 에 따라 선행 모션을 유지 할지 선행 모션을 무시하고 덮어쓰는 방식으로 후행 모션을 실행할지를 결정하는 옵션입니다 주",page_116_img_0_0.jpeg,1,1,O,"1. page_116_img_0_0.jpeg | score=1.099 | stage=0.719 | page=1.00; keyword=설치,part,매뉴얼; section=설치,준비
2. page_119_img_1_0.jpeg | score=0.998 | stage=0.526 | page=0.70; keyword=케이블,매니퓰레이터,케이블을; section=케이블
3. page_121_img_0_0.jpeg | score=0.914 | stage=0.473 | page=0.70; keyword=part,매니퓰레이터
4. page_88_img_1_0.jpeg | score=0.855 | stage=0.258 | keyword=있는,티치,펜던트
5. page_88_img_0_0.jpeg | score=0.851 | stage=0.276 | keyword=part,티치,펜던트
6. page_115_img_0_0.jpeg | score=0.843 | stage=0.752 | page=1.00; keyword=설치,mm,매니퓰레이터,있는; section=설치,준비
7. page_83_img_0_0.jpeg | score=0.819 | stage=0.280 | 
8. page_96_img_0_0.jpeg | score=0.818 | stage=0.293 | keyword=티치,펜던트
9. page_84_img_0_0.jpeg | score=0.812 | stage=0.227 | keyword=케이블,part; section=케이블
10. page_110_img_0_0.jpeg | score=0.808 | stage=0.332 | page=0.45; keyword=작업; section=작업,영역"
Q17,기존,플랜지의 RS-485 통신 포트를 사용할 때 X1 커넥터의 핀 번호는 무엇입니까?,툴 플랜지/통신 배선,배선 확인형,4번(RS-485+) 및 6번(RS-485-),1,1,O,"keyword:rs,485","1. 4.1.1 Schematic Diagram | pages [128, 129, 130] | keyword:rs,485 | stage= | 인터페이스 X1 커넥터가 제공하는 상세한 I/O 구성은 아래 표를 참조하시기 바랍니다 . X1 구성 No Signal type Description 1 디지털 입력 1 PNP (Source Type, default) 2 디지털 출력 1 PNP (Source Type, default) / NPN (Sink Type) 선택 
2. I/O | pages [127] | page | stage= | 로봇 끝 단 플랜지 커버에 M8 사양의 8pin 커넥터가 1 개 있으며 장착 위치 및 외형은 아래 그림을 참조하시기 바랍니 다 . 커넥터는 그리퍼나 특정 로봇 툴에 내장되어 있는 센서를 구동시키기 위한 전원과 제어 신호를 제공합니다 . 아래 예 시로 표시한 산업용 케이블과 같은 사양이 적용 가능합니다 .
3. ................................................................ 126 | pages [4, 5] | no_match keyword=0.00 semantic_rank=- | stage= | - 3 - User manual (V3.4.0) 4.1 플랜지 I/O.......................................................................................... 126 4.1.1 Schematic Diagram .......................
4. 6.7.1 Robot Settings | pages [200] | keyword:rs,485 | stage= | DART-Platform 매뉴얼 항목 설명 3 Analog Input/RS485 모드 설정 Analog Input 또는 RS485 를 선택할 수 있도록 기능을 제공합니다 . 로봇 모델이 A 모델일 경우에는 Analog Input/RS485 항목에서 X1 포 트만 지원합니다 . 로봇 모델이 M/H 모델일 경우에는 Analo
5. 플랜지 디지털 입력 사양 | pages [131, 132] | no_match keyword=0.00 semantic_rank=- | stage= | 플랜지 디지털 입력은 Photo coupler 입력으로 구성되어 있습니다 . 입력 24V 기준으로 전류는 내부 저항에 의해 5mA 로 제한됩니다 . 디지털 입력의 전기적 사양은 아래와 같습니다 . Parameter Min Type Max Unit Input voltage 0 - 26 V Logical high 4.4 - 
6. 로봇과 툴 연결하기 | pages [123, 124, 125] | no_match keyword=0.00 semantic_rank=- | stage= | 번호 항목 1 툴 2 브라켓 3 케이블 4 툴 플랜지 1. M6 볼트 4 개를 이용하여 툴 플랜지에 툴을 고정하십시오 . 볼트를 고정할 때에는 9 Nm 의 토크로 볼트를 조이는 것을 권장합니다 . 로봇을 고정된 위치에 정확하게 설치해야 하는 경우에는 Φ 6 의 위치 결정 핀을 이용하면 원하는 위치에 설 치할 수 있습니다 
7. 컨트롤러 사양 | pages [393, 394] | keyword:rs,485 | stage= | CS-11P (AC Controller) 항목 사양 정보 Weight 21.7 kg Dimensions 606 X 306.9 X 446 mm Material Zinc Plated Steel Protection Rating IP54 Interfaces RS232/RS422/RS485, TCP/IP (*RS232/RS422/
8. 플랜지 디지털 출력 사양 | pages [130, 131] | no_match keyword=0.00 semantic_rank=- | stage= | 플랜지 디지털 출력은 PNP 사양으로 Photo coupler 출력이 output 에 구성되어 있습니다 . 디지털 출력이 활성화되면 해당 출력 채널의 상태는 +24V 가 됩니다 . 디지털 출력이 비활성화 되면 해당 출력 채널의 상태는 open(floating) 됩니다 . 디지털 출력의 전기적 사양은 아래와 같습니다 . P
9. 배선 연결하기 | pages [94] | no_match keyword=0.00 semantic_rank=- | stage= | MANDATORY NORMAL 10 MIN 툴을 고정한 후 플랜지 I/O 커넥터에 필요한 케이블을 연결하십시오 . 반드시 플랜지 I/O 의 핀 맵을 확인하십시오 . 로봇에 전원을 인가하게 되면 각 커넥터의 5 번 단자는 항상 24V 가 출력되게 됩니다 .
10. 배선 연결하기 | pages [94] | no_match keyword=0.00 semantic_rank=- | stage= | 자세한 내용은 플랜지 I/O (p. 126) 를 참고하십시오 .",page_128_img_0_0.jpeg,2,2,O,"1. page_127_img_0_0.jpeg | score=1.092 | stage=0.690 | page=1.00; keyword=아래,플랜지; section=플랜지,diagram
2. page_128_img_0_0.jpeg | score=1.078 | stage=0.690 | page=1.00; keyword=part,커넥터의; section=schematic,diagram
3. page_130_img_0_0.jpeg | score=1.027 | stage=0.758 | page=1.00; keyword=디지털,pnp,플랜지,출력; section=플랜지,diagram
4. page_123_img_0_0.jpeg | score=0.961 | stage=0.635 | page=1.00; keyword=part; section=diagram
5. page_201_img_1_0.jpeg | score=0.852 | stage=0.297 | keyword=플랜지; section=플랜지,diagram
6. page_132_img_0_0.png | score=0.750 | stage=0.550 | page=0.70; keyword=default,모드,플랜지; section=플랜지,diagram
7. page_141_img_1_0.jpeg | score=0.720 | stage=0.337 | keyword=출력; section=diagram
8. page_95_img_0_0.jpeg | score=0.715 | stage=0.222 | keyword=플랜지; section=플랜지,전원,diagram
9. page_201_img_0_0.jpeg | score=0.700 | stage=0.315 | keyword=플랜지; section=플랜지,diagram
10. page_124_img_0_0.jpeg | score=0.699 | stage=0.657 | page=1.00; keyword=플랜지; section=플랜지,diagram"
Q18,기존,작업자의 손가락 끼임 사고를 방지하기 위해 설정할 수 있는 안전 구역의 명칭은 무엇입니까?,안전 설정/협착 방지 구역,안전 설정형,협착 방지 구역 (Crushing Prevention Zone),1,1,O,"keyword:협착,방지,구역,crushing,prevention,zone; semantic_rank:1","1. 6.7.3 Safety Settings | pages [242] | keyword:협착,방지,구역,crushing,prevention,zone; semantic_rank:1 | stage= | DART-Platform 매뉴얼 협동 작업 구역 (Collaborative Zone) 설정하기 협동 작업 구역 (Collaborative Zone) 은 로봇과 안전하게 함께 작업할 수 있도록 설계된 구역입니다 . 근접 작업에 필 요한 감속률 등의 로봇 제한 , 안전 정지 모드 설정을 제공합니다 . Robot Paramet
2. 안전기능의 설정 | pages [29, 30, 31] | keyword:협착,방지,구역,crushing,prevention,zone; semantic_rank:6 | stage= | 구분 안전 설정 기능 설명 1 기본 / 전역 설정 월드 좌표계 (World Coordinates) 설정 (p. 189) 로봇 및 작업대상을 포함한 작업영역을 대표하 는 좌표계를 설정할 수 있습니다 . 로봇 제한치 (Robot Limits) 설정 (p. 210) 조인트와 로봇 /TCP 안전 정격 감시기능의 전역 안전 제한치
3. (Zone) | pages [38] | keyword:협착,방지,구역,crushing,prevention,zone; semantic_rank:5 | stage= | 응용에 따라 특정 공간에서는 로봇 제한치 (Robot Limits) 설정 (p. 210) 에서 지정한 전역 안전제한치와는 다른 안전제 한치 적용이 필요할 수 있습니다 . 구역설정 기능을 이용하면 지정한 구역에만 별도의 안전제한치를 설정할 수 있습니 다 . 구역의 종류에 따라 오버라이드가 가능한 안전제한치가 지정되어있습니다
4. 안전정격 정지기능 | pages [24, 25, 23] | keyword:구역,zone | stage= | 안전 기능 안전기능 동작조건 Triggering Event 의도된 동작 Intended Result PFHd PL, SIL 1 Emergency Stop TBSFT 의 EM 단자에 연결된 비상 정지 스위치가 눌린 경 우 티치 펜던트의 비상 정지 스 위치가 눌린 경우 설정된 안전 정지모드에 따 라 비상정지합니다 . STO 
5. 보증의 제한 및 예외 | pages [21] | semantic_rank:10 | stage= | PART 1. 안전 매뉴얼
6. 안전정격 정지기능 | pages [24, 25, 23] | semantic_rank:11 | stage= | PART 1. 안전 매뉴얼
7. (Nudge) | pages [38] | semantic_rank:12 | stage= | PART 1. 안전 매뉴얼
8. (Safety I/O) | pages [34, 35, 36] | keyword:구역,zone | stage= | 안전 매뉴얼 TBCI - Protective Stop - STO (L) TBCI - Protective Stop - SS1 (L) TBCI - Protective Stop - SS2 (L) TBCI - Protective Stop (L) - Auto Reset & Resume (R) 보호정지 관련신호가 중단이 가능한 상태
9. 유효성 및 책임 | pages [43] | semantic_rank:13 | stage= | PART 1. 안전 매뉴얼
10. Declaration of Incorporation (Original) | pages [49] | semantic_rank:14 | stage= | PART 1. 안전 매뉴얼",page_242_img_0_0.jpeg,1,1,O,"1. page_242_img_0_0.jpeg | score=1.111 | stage=0.664 | page=1.00; keyword=safety; section=safety,settings
2. page_241_img_0_0.jpeg | score=0.885 | stage=0.664 | page=1.00; keyword=safety; section=safety,settings
3. page_243_img_0_0.jpeg | score=0.852 | stage=0.664 | page=1.00; keyword=safety; section=safety,settings
4. page_24_img_0_0.jpeg | score=0.835 | stage=0.319 | keyword=정지,안전,stop; section=안전
5. page_224_img_0_0.jpeg | score=0.818 | stage=0.664 | page=1.00; keyword=safety; section=safety,settings
6. page_243_img_1_0.jpeg | score=0.804 | stage=0.664 | page=1.00; keyword=safety; section=safety,settings
7. page_245_img_0_0.jpeg | score=0.786 | stage=0.815 | page=1.00; keyword=모드,정지,안전,safety; section=안전,구역,safety
8. page_240_img_0_0.jpeg | score=0.772 | stage=0.731 | page=1.00; keyword=safety,설정할,있는; section=safety,settings
9. page_244_img_0_0.jpeg | score=0.743 | stage=0.664 | page=1.00; keyword=safety; section=safety,settings
10. page_49_img_0_0.jpeg | score=0.735 | stage=0.219 | keyword=안전; section=안전"
Q19,기존,목표 위치를 향해 끝 단이 선형으로 이동하는 수동 이동(Jog) 방식은 무엇입니까?,수동 조작/Jog,개념 확인형,태스크 모션 (Task Motion),1,1,O,"keyword:태스크,모션; semantic_rank:4","1. 모듈 | pages [373, 374, 375] | keyword:태스크,모션; semantic_rank:4 | stage= | 조그 플러스 탭에서 사용자가 원하는 수동 이동의 방식을 선택할 수 있습니다 . 조그 (Jog) : 로봇의 관절 또는 TCP 를 사용자가 선택한 관절축 또는 좌표축 기준으로 이동 이동 (Move) : 로봇의 관절 또는 TCP 를 사용자가 입력한 목표위치로 이동 로봇의 이동은 크게 두 가지로 구별 됩니다 . 조인트 모션 : 
2. 모듈 | pages [376, 373, 374, 375] | keyword:태스크,모션; semantic_rank:7 | stage= | PART 6. DART-Platform 매뉴얼 1. 조인트 탭을 선택합니다 . 움직이려는 축을 선택하십시오 . 예를 들어 J1 을 선택할 수 있습니다 . +/- 버튼을 눌러서 로봇을 움직일 수 있습니다 . +/- 버튼을 누르고 있는 동안 로봇이 움직이며 화면에는 현재 위치가 실시간으로 표시됩니다 . 조그 화면에서 태스크 
3. 모듈 | pages [375] | no_match keyword=0.25 semantic_rank=- | stage= | 조그 플러스 (Jog Plus) 모듈에서는 수동 모드로 전체 작업 공간을 탐색 (exploring) 하거나 사용자가 설정한 작동 공간 (Operation Space) 을 로봇 작업 공간으로 선택하여 탐색할 수 있습니다 . 각 축의 이동 각도는 로봇의 사양 , 조그 화면 에서 선택한 작동 공간 , 설정 화면의 안전 설정 중
4. 기본 개념 알아보기 | pages [275] | keyword:모션,motion | stage= | DART-Platform 매뉴얼 Type MoveJ MoveL 1 이동 방 식 로봇의 모든 관절이 현재 각도에서 목표 각 도로 동시에 이동 후 동시에 멈춤 로봇 끝단의 TCP 가 선택한 좌표계에 대해 선형 모션 (Linear motion) 으로 이동 2 장점 이동 속도가 빠름 로봇 특이점 (Singularity) 의 영향
5. 기본 개념 알아보기 | pages [274, 275] | no_match keyword=0.25 semantic_rank=- | stage= | MoveL 에서 L 은 선형 (Linear) 의 약자입니다 . 이 모션은 로봇 끝단의 TCP 가 목표 자세 ( 위치 및 회전 각도 ) 로 선형으 로 이동합니다 . PART 6.
6. 6.7.1 Robot Settings | pages [194] | keyword:모션,motion | stage= | Cockpit 직접 교시는 로봇의 끝단을 손으로 잡고 직접 로봇을 밀거나 당겨서 원하는 자세로 움직이고 그 위치를 현재 선택한 모션에 적용하기 위해 사용합니다 . 직접 교시 방식은 크게 두 가지로 구분됩니다 . 자율이동 (Freedrive) : 사용자가 가한 힘의 방향으로 로봇의 각 관절이 이동 구속모션 (Constrai
7. 명령어 | pages [320, 321, 318, 319] | keyword:태스크,모션,task; semantic_rank:1 | stage= | Task Editor 에서는 이동 명령어 , 플로우 컨트롤 , 신호 명령어 , 기타 명령어 , 힘 제어 명령어 , 고급 명령어를 사용하여 태스크 프로그램을 만들 수 있습니다 . 모션 명령어 로봇의 자세를 조정하거나 변경할 수 있습니다 . Move 사용자가 선택한 모션 타입 (Move J, Move L) 을 이용해 저장된 
8. 로봇의 모드 | pages [16, 15] | no_match keyword=0.00 semantic_rank=- | stage= | 수동 모드 (Manual Mode) 로봇이 사용자의 직접적인 개입을 통하여 작동되는 모드입니다 . 작동과 관련된 버튼을 누르고 있는 상태에서만 로봇 이 움직이며 , 버튼에서 손을 떼면 로봇이 작동을 멈춥니다 . 수동 모드에서는 로봇 안전 규정에 따라 TCP 의 이동 속도가 250 mm/s 이하로 제한됩니다 . 단 , 핸드
9. 화면 | pages [384, 385, 386, 382, 383] | keyword:태스크,모션,task; semantic_rank:6 | stage= | DART-Platform 매뉴얼 항목 설명 22 태스크 모션 버튼 목표 Task 자세로 이동할 수 있습니다 . 각도 설정해서 움직이기 특정 각도로 로봇을 이동하려면 : 1. 이동 탭을 선택하십시오 . 로봇 조인트의 목표 각도를 입력하십시오 .
10. 명령어 예제 따라하기 | pages [299, 306, 307, 308, 309, 310] | no_match keyword=0.25 semantic_rank=- | stage= | 태스크 리스트에서 7 번 줄의 Force 명령어를 선택하십시오 . 모드 (Mode) 를 다음과 같이 설정합니다 . Mode Off 는 힘 제어를 비활성화 합니다 . Mode : Off 22. 로봇의 동작 Mode 를 Auto 로 변경하십시오 . 그러면 속성 탭은 자동으로 Monitoring 탭으로 전환됩니다 . PART ",page_373_img_0_0.jpeg,,7,△,"1. page_374_img_1_0.jpeg | score=1.109 | stage=0.704 | page=1.00; keyword=수동,jog; section=모듈,수동,jog
2. page_375_img_0_0.jpeg | score=1.104 | stage=0.704 | page=1.00; keyword=수동,jog; section=모듈,수동,jog
3. page_379_img_2_0.jpeg | score=0.883 | stage=0.681 | page=1.00; keyword=dart,platform,매뉴얼
4. page_374_img_0_0.jpeg | score=0.875 | stage=0.734 | page=1.00; keyword=part,dart,platform,매뉴얼; section=모듈
5. page_379_img_1_0.jpeg | score=0.843 | stage=0.715 | page=1.00; keyword=part,dart,platform,매뉴얼
6. page_276_img_0_0.jpeg | score=0.824 | stage=0.302 | keyword=part
7. page_373_img_0_0.jpeg | score=0.789 | stage=0.599 | page=1.00; section=모듈
8. page_378_img_2_0.jpeg | score=0.788 | stage=0.633 | page=1.00; keyword=위치를; section=위치
9. page_376_img_0_0.jpeg | score=0.772 | stage=0.580 | page=1.00
10. page_281_img_1_0.jpeg | score=0.759 | stage=0.324 | "
Q20,기존,TCP(Tool Center Point) 설정 화면에서 Z축 방향의 오프셋(Offset)만 적용하려면 어떤 항목에 값을 입력해야 합니까?,TCP/툴 좌표 설정,설정 절차형,Z 값에 거리 입력,2,1,O,semantic_rank:2,"1. 6.7.2 Tool Settings | pages [202, 203, 204, 205, 206, 207, 208, 209, 210, 211] | semantic_rank:2 | stage= | PART 6. DART-Platform 매뉴얼 1. 플랜지 좌표계의 z 축을 따라 A 각도 회전 2. 1) 을 통해 회전된 좌표계의 y’ 축을 따라 B 각도 회전 3. 2) 를 통해 회전된 좌표계의 z’’ 축을 따라 C 각도 회전 위의 방법을 따라 TCP 값을 설정하는 몇 가지 예를 들어보겠습니다 . [X, Y, Z, A
2. 6.7.2 Tool Settings | pages [201, 202, 203, 204, 205, 206, 207, 208, 209] | keyword:거리; semantic_rank:7 | stage= | Tool Center Point 공구중심점 (TCP) 를 설정할 때에 플랜지 좌표계를 기준으로 위치와 함께 회전각을 함께 정의해야 합니다 . 이때 , 플랜 지좌표계 기준 원점에서 공구중심점 (TCP) 까지 X, Y, Z 각 방향 별 거리가 10000mm 이상이 되도록 공구중심점 (TCP) 를 설정할 수 없습니다 . 그리고
3. 6.7.3 Safety Settings | pages [244] | no_match keyword=0.00 semantic_rank=- | stage= | DART-Platform 매뉴얼 툴 방향 전환 제한 구역 (Tool Orientation Limit Zone) 설정하기 툴 방향 제한 구역 (Tool Orientation Limit Zone) 은 TCP 의 방향을 제한하는 구역입니다 . TCP 가 특정 방향을 향하도 록 보장하며 , 방향과 각도 마진을 정의하여 안전하지 
4. 화면 | pages [380] | semantic_rank:5 | stage= | Rx, Ry, Rz 는 TCP(Tool Center Position) 기준으로 실행됩니다 .
5. 안전기능의 설정 | pages [29, 30, 31] | no_match keyword=0.00 semantic_rank=- | stage= | 구분 안전 설정 기능 설명 1 기본 / 전역 설정 월드 좌표계 (World Coordinates) 설정 (p. 189) 로봇 및 작업대상을 포함한 작업영역을 대표하 는 좌표계를 설정할 수 있습니다 . 로봇 제한치 (Robot Limits) 설정 (p. 210) 조인트와 로봇 /TCP 안전 정격 감시기능의 전역 안전 제한치
6. 화면 | pages [387, 389] | no_match keyword=0.00 semantic_rank=- | stage= | 2 홈 포지션 버튼 버튼 클릭 시 홈 포지션으로 이동합니다 . 3 정렬 버튼 버튼 클릭 시 정렬합니다 . 4 기준 좌표계 선택 포지션의 기준 좌표계를 선택합니다 . 5 툴 축 TCP 의 어떤 축을 정렬 시킬지 선택합니다 . 6 목표 방향 정렬 시킬 때의 방향을 선택합니다 . 7 정렬 방법 선택 정렬 방법을 선택합니다 . 
7. 6.7.2 Tool Settings | pages [209, 207] | no_match keyword=0.00 semantic_rank=- | stage= | 로봇은 로봇 끝단의 TCP(Tool Center Point) 와 로봇 본체를 기준으로 공간 제한 위반 여부를 판단합니다 . 실제 로 봇에 설정된 TCP 보다 툴 형상이 더 큰 경우에는 툴 형상을 추가해야만 작업물과 툴을 보호할 수 있습니다 . 툴 형상을 너무 크게 설정하면 실제로 로봇을 움직일 수 있는 영역이 좁아지므로 
8. 6.9.11 Signal Commands | pages [326, 327, 328, 329, 330, 331] | no_match keyword=0.00 semantic_rank=- | stage= | 통신 설정 : 기본값 모드 : 장치별 세부 설정 직접 입력 모듈 모드 : 사전 설정된 값 선택 주의사항 연결 이름은 프로젝트 내에서 고유해야 합니다 IP 주소와 포트가 올바른지 확인하세요 대상 장치가 선택한 프로토콜을 지원하는지 확인하세요 Get Signal (Input/Read) 기능 외부 장치로부터 데이터를 읽어오는 
9. 6.7.2 Tool Settings | pages [208, 203, 206, 207] | no_match keyword=0.00 semantic_rank=- | stage= | 2 3D Simulation 설정한 Tool Center Point 를 시뮬레이션 할 수 있습니다 . 3 추가하기 TCP 를 추가할 수 있습니다 . 4 삭제하기 선택한 TCP 를 삭제할 수 있습니다 . 5 Save 설정 값을 저장할 수 있는 버튼입니다 . 설정이 잠금되었을 때 화면은 다음과 같습니다 .
10. 6.9.11 Signal Commands | pages [330, 331] | no_match keyword=0.00 semantic_rank=- | stage= | 디바이스 모듈 설정하기 TCPServer 모듈 설정 설치된 TCPServer 모듈을 실행합니다 . 서버 포트 번호를 임의로 입력합니다 . ( 예 : 9999) 연결 버튼을 눌러 연결이 잘되는지 확인합니다 . 연결을 끊지 않고 유지합니다 . TCPClient 모듈 설정 설치된 TCPClient 모듈을 실행합니다 . 서버 I",page_201_img_1_0.jpeg,2,1,O,"1. page_201_img_1_0.jpeg | score=1.162 | stage=0.902 | page=1.00; keyword=설정할,플랜지,tool,tcp; section=settings,tcp,좌표
2. page_203_img_0_0.jpeg | score=1.115 | stage=0.771 | page=1.00; keyword=플랜지,part,tool; section=settings,좌표,tool
3. page_202_img_0_0.jpeg | score=1.081 | stage=0.771 | page=1.00; keyword=플랜지,part,tool; section=settings,좌표,tool
4. page_201_img_0_0.jpeg | score=1.078 | stage=0.902 | page=1.00; keyword=설정할,플랜지,tool,tcp; section=settings,tcp,좌표
5. page_208_img_0_0.jpeg | score=1.064 | stage=0.771 | page=1.00; keyword=플랜지,part,tool; section=settings,좌표,tool
6. page_204_img_1_0.jpeg | score=1.032 | stage=0.737 | page=1.00; keyword=tool,tcp; section=settings,tcp,tool
7. page_244_img_0_0.jpeg | score=0.922 | stage=0.284 | section=settings
8. page_202_img_1_0.jpeg | score=0.912 | stage=0.902 | page=1.00; keyword=설정할,플랜지,tool,tcp; section=settings,tcp,좌표
9. page_209_img_0_0.jpeg | score=0.872 | stage=0.771 | page=1.00; keyword=플랜지,part,tool; section=settings,좌표,tool
10. page_206_img_0_0.jpeg | score=0.858 | stage=0.809 | page=1.00; keyword=설명,값을,메뉴,구성; section=settings,tool"
Q21,기존,안전 영역(Zone) 설정 시 선택할 수 있는 3D 도형 모양 5가지는 무엇입니까?,안전 설정/Zone 형상,개념 확인형,"구, 원기둥, 직육면체, 기울어진 다면상자",1,1,O,page,"1. 6.7.3 Safety Settings | pages [224, 225, 226, 227, 229, 230, 231, 232, 234, 235, 236, 238, 245] | page | stage= | DART-Platform 매뉴얼 Safety Zone Safety Zone 설정 화면 메뉴 구성 항목 설명 1 Lock 토글 버튼 설정된 값이 잠금 상태 됩니다 . 수정을 위해서는 Safety Password 입력 이 필요합니다 . 2 활성화 여부 선택 생성된 안전 영역을 적용 / 적용해제 할 수 있습니다 . 3 Zone
2. 안전기능의 설정 | pages [29, 30, 31] | no_match keyword=0.00 semantic_rank=- | stage= | 구분 안전 설정 기능 설명 1 기본 / 전역 설정 월드 좌표계 (World Coordinates) 설정 (p. 189) 로봇 및 작업대상을 포함한 작업영역을 대표하 는 좌표계를 설정할 수 있습니다 . 로봇 제한치 (Robot Limits) 설정 (p. 210) 조인트와 로봇 /TCP 안전 정격 감시기능의 전역 안전 제한치
3. 6.7.3 Safety Settings | pages [240, 241, 242, 243, 244] | keyword:원기둥,직육면체,기울어진,다면상자 | stage= | DART-Platform 매뉴얼 공간 제한과 구역의 설정 공통 사항 유효 면적 (Effective Area) 은 내부 / 외부 중 하나를 선택할 수 있습니다 . 모양 유형 (Shape Type) 은 구 , 원기둥 , 직육면체 , 기울어진 직육면체 , 다면상자 중 하나를 선택할 수 있으며 자세한 내용은 공간 제한과 구역의 
4. (Safety I/O) | pages [33, 35, 36] | no_match keyword=0.00 semantic_rank=- | stage= | 안전 매뉴얼 신호명 설명 Safety Zone Dynamic Enable (H) 안전 공간 제한 ( Space Limit ) 또는 구역 ( Zone ) 을 동적으로 활성화 또는 비활성화 시킬 때 사용 가능합니다 . 공간제한 , 구역 설정 시 동적 구역 활성화를 설정한 경우에만 이 신 호를 사용할 수 있습니다 . High 
5. 6.7.3 Safety Settings | pages [240, 237, 238, 239] | semantic_rank:3 | stage= | 안전 매뉴얼 (p. 8) 에서 다음의 내용을 참고하십 시오 . 공간 제한 (Space Limit) (p. 38) 구역 (Zone) (p. 37) 공간 제한과 구역의 형태 알아보기 공간 제한 (Space Limit) / 구역 (Zone) 의 형태에 대한 설정 방법은 다음과 같습니다 . 항목 설명 직육면체 공간 제한 (Spa
6. 6.7.3 Safety Settings | pages [224, 219, 220, 221, 222] | no_match keyword=0.00 semantic_rank=- | stage= | DART-Platform 매뉴얼 항목 설명 3 Signal Setting 각 port 에 설정한 옵션입니다 . 설정할 수 있는 옵션은 다음과 같습니다 . Not Used Emergence Stop (L) Emergence Stop - No Loopback (L) Safe Torque Off (L) Safe Operatin
7. 6.7.3 Safety Settings | pages [242] | no_match keyword=0.00 semantic_rank=- | stage= | DART-Platform 매뉴얼 협동 작업 구역 (Collaborative Zone) 설정하기 협동 작업 구역 (Collaborative Zone) 은 로봇과 안전하게 함께 작업할 수 있도록 설계된 구역입니다 . 근접 작업에 필 요한 감속률 등의 로봇 제한 , 안전 정지 모드 설정을 제공합니다 . Robot Paramet
8. 안전기능의 설정 | pages [31] | no_match keyword=0.00 semantic_rank=- | stage= | 안전 매뉴얼 구분 안전 설정 기능 설명 사용자 정의 구역 (Custom Zone) 설정하기 (p. 239) 로봇 응용의 필요에 따라 안전 제한치들을 구 역별로 다르게 적용하는데 사용될 수 있습니 다 . 선택한 안전 제한치들이 , 구역 (Zone) 내에 서 별도적용 (Override) 됩니다 . 협동 작업 구역 혹은 높은 
9. (Zone) | pages [38] | no_match keyword=0.00 semantic_rank=- | stage= | 응용에 따라 특정 공간에서는 로봇 제한치 (Robot Limits) 설정 (p. 210) 에서 지정한 전역 안전제한치와는 다른 안전제 한치 적용이 필요할 수 있습니다 . 구역설정 기능을 이용하면 지정한 구역에만 별도의 안전제한치를 설정할 수 있습니 다 . 구역의 종류에 따라 오버라이드가 가능한 안전제한치가 지정되어있습니다
10. 6.7.3 Safety Settings | pages [240, 239] | semantic_rank:1 | stage= | DART-Platform 매뉴얼 항목 설명 원기둥 공간 제한 (Space Limit) / 구역 (Zone) 의 형태를 원기둥으로 구성합니다 . 원기둥의 반지름 거리의 점 , 윗면의 한 점 , 밑면의 한 점을 입력한 후 , 포즈 저장 버튼을 탭 하십시오 . 다면 상자 공간 제한 (Space Limit) / 구역 (Zone)",page_241_img_0_0.jpeg,4,4,O,"1. page_224_img_0_0.jpeg | score=1.119 | stage=0.674 | page=1.00; keyword=safety; section=safety,settings
2. page_242_img_0_0.jpeg | score=1.071 | stage=0.674 | page=1.00; keyword=safety; section=safety,settings
3. page_240_img_0_0.jpeg | score=1.069 | stage=0.708 | page=1.00; keyword=safety,있는; section=safety,settings
4. page_241_img_0_0.jpeg | score=1.036 | stage=0.674 | page=1.00; keyword=safety; section=safety,settings
5. page_236_img_0_0.jpeg | score=0.963 | stage=0.674 | page=1.00; keyword=safety; section=safety,settings
6. page_245_img_0_0.jpeg | score=0.927 | stage=0.805 | page=1.00; keyword=정지,모드,안전,safety; section=안전,safety,settings
7. page_244_img_0_0.jpeg | score=0.910 | stage=0.674 | page=1.00; keyword=safety; section=safety,settings
8. page_226_img_2_0.jpeg | score=0.908 | stage=0.674 | page=1.00; keyword=safety; section=safety,settings
9. page_243_img_0_0.jpeg | score=0.889 | stage=0.674 | page=1.00; keyword=safety; section=safety,settings
10. page_235_img_1_0.jpeg | score=0.877 | stage=0.674 | page=1.00; keyword=safety; section=safety,settings"
Q22,기존,다양한 프로그램 명령어를 조립하여 로봇 동작을 구성하는 두산로보틱스의 프로그래밍 모듈 명칭은 무엇입니까?,프로그래밍/Task Editor,개념 확인형,Task Editor (태스크 에디터),10,9,△,"keyword:task,editor,태스크; semantic_rank:4","1. 기본 개념 알아보기 | pages [272, 273, 274, 275, 276] | no_match keyword=0.25 semantic_rank=- | stage= | 두산 로봇은 총 9 종류의 모션을 제공하고 있습니다 . 기본 모션인 MoveJ , MoveL 및 이 두 가지 모션에서 파생되는 7 가지의 모션으로 로봇의 움직임을 제어하게 됩니다 . 로봇 모션의 종류 Motion Feature 1 MoveJ 로봇의 각 관절이 현재 각도에서 목표 각도로 동시에 이동 후 동시에 멈춤 목표 관
2. 설정하기 | pages [158, 159] | no_match keyword=0.00 semantic_rank=- | stage= | 두산로보틱스의 ModbusTCP Slave 기능은 로봇 파라미터 모니터링 , General Purpose Register(GPR) ( General Purpose Register(GPR) 사용하기 (p. 158) 참고 ) 기능을 지원합니다 . 해당 기능은 로봇 제어기가 정상 부팅시 자동으로 시작하는 기능입니다 . 따라서 
3. 6.9.7 SubTask / CallSubTask | pages [316, 317] | no_match keyword=0.25 semantic_rank=- | stage= | 두산 로봇에서는 SubTask 명령어와 , SubTask 문을 호출 하기 위한 CallSubTask 명령어를 제공합니다 . SubTask 명령어 추가하기 1. Command 탭에서 Flow Control 그룹 안에 있는 SubTask 명령어를 찾아서 클릭합니다 . 속성 탭에서 SubTask 이름을 작성합니다 . 기존에 작
4. 안전기능 | pages [21] | no_match keyword=0.00 semantic_rank=- | stage= | 사용자 / 시스템 통합자는 두산로봇이 제공하는 다양한 안전 정격 정지기능 , 감시기능 및 인터페이스 기능을 사용하 여 , 작업자와 기계를 보호하고 , 다른 기계 및 안전 방호장치를 연결할 수 있습니다 . 각 안전 정격 정지기능 , 감시기능 및 인터페이스 기능은 ISO 13849-1 에서 설명하는 Category 3, Pe
5. 힘 제어 개념 알아보기 | pages [277, 278, 279, 280, 281, 282, 283] | no_match keyword=0.00 semantic_rank=- | stage= | DART-Platform 매뉴얼 순응 (Compliance) 제어 순응 제어 (Compliance Control) 란 로봇 끝단의 TCP 에 힘이 가해질 때 설정된 강성에 따라 외력에 순응 하는 기능입 니다 . 목표점에서 힘 평형을 이루며 평형점을 기준으로 변위가 발생했을 때 반력 발생하는 제어 방식이며 순응 제어 를 상
6. 안전정격 입출력 | pages [27] | no_match keyword=0.00 semantic_rank=- | stage= | 두산로봇은 안전보호장치로부터 보호 장치 , 비상 정지 스위치 , 활성화 스위치 및 제어 장치 등을 연결할 수 있는 안전 정격 입력 인터페이스를 제공합니다 . 또한 로봇의 모드 및 상태 정보는 물론 TCP 가 다양한 유형의 안전 영역에 있는 지 여부를 출력할 수 있는 안전 정격 출력 인터페이스를 제공합니다 . 안전 기능 기
7. 알아보기 | pages [312, 313, 314, 315] | no_match keyword=0.00 semantic_rank=- | stage= | Sub 는 서브루틴 (Subroutine) 의 약어입니다 . 서브루틴이란 2 회 이상 중복 사용되는 부분이 있을 때 그 부분을 별도로 필요할 때마다 호출하여 사용함으로써 프로그램의 스텝수를 절약하는 처리를 의미 합니다 . 두산 로봇에서는 Sub 명령어와 해당 Sub 문을 호출 하기 위한 CallSub 명령어를 제공합니다 
8. ...................................................................................... 389 | pages [8, 9, 7] | no_match keyword=0.00 semantic_rank=- | stage= | 7.1 부록 . 시스템 사양 ................................................................................ 389 7.1.1 매니퓰레이터 사양 ...............................................................
9. 명령어 | pages [320, 321, 318, 319] | keyword:task,editor,태스크; semantic_rank:4 | stage= | Task Editor 에서는 이동 명령어 , 플로우 컨트롤 , 신호 명령어 , 기타 명령어 , 힘 제어 명령어 , 고급 명령어를 사용하여 태스크 프로그램을 만들 수 있습니다 . 모션 명령어 로봇의 자세를 조정하거나 변경할 수 있습니다 . Move 사용자가 선택한 모션 타입 (Move J, Move L) 을 이용해 저장된 
10. 로봇 시작하기 | pages [81] | no_match keyword=0.00 semantic_rank=- | stage= | 로봇 시작하기에서 사용자는 로봇의 설치에서 실행까지 전반적인 과정을 학습할 수 있습니다 . Step1. 로봇 설치하기 : 로봇을 설치하고 컨트롤러와 티치펜던트를 연결합니다 . 두산 로봇을 설치하고 초기 구동하 는 방법을 학습할 수 있습니다 . Step2. 툴 설치 및 I/O 테스트하기 : 두산 로봇 끝 단의 플랜지에 툴을",page_262_img_0_0.jpeg,,,X,"1. page_316_img_0_0.jpeg | score=0.879 | stage=0.350 | keyword=명령어를; section=task
2. page_278_img_1_0.jpeg | score=0.807 | stage=0.315 | keyword=dart,platform,매뉴얼; section=제어
3. page_312_img_0_0.jpeg | score=0.804 | stage=0.341 | 
4. page_275_img_0_0.jpeg | score=0.661 | stage=0.346 | 
5. page_174_img_1_0.jpeg | score=0.652 | stage=0.219 | keyword=dart,platform,매뉴얼; section=제어
6. page_104_img_0_0.jpeg | score=0.648 | stage=0.267 | keyword=part
7. page_83_img_0_0.jpeg | score=0.609 | stage=0.328 | 
8. page_154_img_1_0.jpeg | score=0.569 | stage=0.337 | keyword=두산로보틱스의; section=제어
9. page_271_img_1_0.jpeg | score=0.565 | stage=0.217 | keyword=값을
10. page_277_img_0_0.jpeg | score=0.559 | stage=0.219 | keyword=part; section=제어"
Q23,기존,로봇 시스템의 시간 기능을 확인하는 곳은 화면의 어디입니까?,UI/시스템 정보 확인,화면 위치형,Header의 현재 시간 정보,4,3,O,"keyword:시간,정보","1. 원격 제어 모드 | pages [258, 259, 260, 261, 262] | no_match keyword=0.20 semantic_rank=- | stage= | DART-Platform 매뉴얼 대시보드 메뉴 구성 항목 설명 1 입력 신호 안전입출력에서 설정 된 안전 입력 신호 항목 중 , 원격 제어 활성화 시그 널을 받아 표시합니다 . 2 전체 시간 태스크가 실행된 시간을 표시합니다 . 3 사이클 횟수 태스크 반복 횟수를 표시합니다 . 4 사이클 시간 태스크의 원 사이클 시간을 
2. 1.14.2 A0912, A0912S | pages [81] | no_match keyword=0.00 semantic_rank=- | stage= | 로봇 시작하기
3. 설정하기 | pages [357, 358, 359] | keyword:시간,정보 | stage= | Robot 정보 설정하기 메뉴 구성 항목 설명 1 제어기 시리얼 번호 제어기 시리얼 번호가 보여집니다 . 2 제어기 시리얼 번호 복사 시리얼 번호를 복사할 수 있습니다 . 3 로봇 시리얼 번호 로봇 시리얼 번호가 보여집니다 . 4 로봇 모델 로봇 모델명이 나타납니다 . Robot 유휴 서보 오프 일정 시간 동안 로봇 유휴
4. 비상 정지 버튼 해제하기 | pages [90] | no_match keyword=0.00 semantic_rank=- | stage= | 로봇 시작하기
5. 컨트롤러에 케이블 연결하기 | pages [83, 84] | no_match keyword=0.00 semantic_rank=- | stage= | PART 2. 로봇 시작하기
6. 배선 연결하기 | pages [95] | no_match keyword=0.00 semantic_rank=- | stage= | PART 2. 로봇 시작하기
7. ................................................ 162 | pages [5, 6, 7] | keyword:header,정보 | stage= | 6.1 시스템 전원 온 / 오프 ............................................................................. 162 6.1.1 티치 펜던트를 사용할 경우 ...........................................................
8. 모듈 | pages [376, 373, 374, 375] | keyword:현재,시간 | stage= | PART 6. DART-Platform 매뉴얼 1. 조인트 탭을 선택합니다 . 움직이려는 축을 선택하십시오 . 예를 들어 J1 을 선택할 수 있습니다 . +/- 버튼을 눌러서 로봇을 움직일 수 있습니다 . +/- 버튼을 누르고 있는 동안 로봇이 움직이며 화면에는 현재 위치가 실시간으로 표시됩니다 . 조그 화면에서 태스크 
9. (Space Limit) | pages [39] | no_match keyword=0.00 semantic_rank=- | stage= | 로봇 제한치 (Robot Limits) (p. 210) 의 로봇의 조인트 각도 제한치 외에 , 직교 좌표상에서 로봇이 작동 공간을 제한할 수 있습니다 . 로봇 또는 TCP 가 자동운전 또는 수동모드에서 공간제한을 위반하면 안전 정지 모드 (Safety Stop Mode) 설정에 따라 정지합니다 . 핸드가이딩으로 직접교시 
10. 알아보기 | pages [168, 169, 167] | page; keyword:현재,시간,정보 | stage= | 항목 설명 1 로봇 모드 스위치 Auto ↔ Manual 모드로 변경할 수 있습니다 . 2 로봇 상태 표시 링크 참고 PART 6. DART-Platform 매뉴얼 항목 설명 3 로봇 파라미터 파일 정보 현재 설정된 로봇 파라미터 파일의 이름이 표시됩니다 . 로봇 파라미터 파일의 설정값과 제어기에 설정된 정보가 일치하지 ",page_167_img_3_0.jpeg,,7,△,"1. page_168_img_0_0.jpeg | score=0.915 | stage=0.838 | page=1.00; keyword=part,설명,dart,platform; section=알아보기
2. page_165_img_0_0.jpeg | score=0.838 | stage=0.699 | page=1.00; keyword=part; section=알아보기,화면,프로그램
3. page_357_img_0_0.jpeg | score=0.831 | stage=0.337 | keyword=설명,정보; section=정보,구성
4. page_96_img_0_0.jpeg | score=0.772 | stage=0.328 | section=화면
5. page_167_img_2_0.jpeg | score=0.696 | stage=0.825 | page=1.00; keyword=즐겨찾기,모듈,설명,dart; section=알아보기,화면
6. page_309_img_1_0.jpeg | score=0.691 | stage=0.271 | 
7. page_167_img_3_0.jpeg | score=0.691 | stage=0.838 | page=1.00; keyword=part,설명,dart,platform; section=알아보기
8. page_308_img_1_0.jpeg | score=0.683 | stage=0.233 | keyword=part,dart,platform,매뉴얼
9. page_168_img_1_0.png | score=0.650 | stage=0.838 | page=1.00; keyword=part,설명,dart,platform; section=알아보기
10. page_169_img_1_0.png | score=0.647 | stage=0.838 | page=1.00; keyword=part,설명,dart,platform; section=알아보기"
Q24,기존,로봇의 이동 경로를 티칭할 때 직선으로 이동하도록 강제하는 모션 명령어는 무엇입니까?,프로그래밍/모션 명령,명령어 확인형,MoveL,1,1,O,semantic_rank:4,"1. 명령어 | pages [320, 321, 318, 319] | semantic_rank:4 | stage= | Task Editor 에서는 이동 명령어 , 플로우 컨트롤 , 신호 명령어 , 기타 명령어 , 힘 제어 명령어 , 고급 명령어를 사용하여 태스크 프로그램을 만들 수 있습니다 . 모션 명령어 로봇의 자세를 조정하거나 변경할 수 있습니다 . Move 사용자가 선택한 모션 타입 (Move J, Move L) 을 이용해 저장된 
2. 6.7.1 Robot Settings | pages [194] | no_match keyword=0.00 semantic_rank=- | stage= | Cockpit 직접 교시는 로봇의 끝단을 손으로 잡고 직접 로봇을 밀거나 당겨서 원하는 자세로 움직이고 그 위치를 현재 선택한 모션에 적용하기 위해 사용합니다 . 직접 교시 방식은 크게 두 가지로 구분됩니다 . 자율이동 (Freedrive) : 사용자가 가한 힘의 방향으로 로봇의 각 관절이 이동 구속모션 (Constrai
3. 명령어 | pages [321, 318, 319] | semantic_rank:9 | stage= | 직선을 따라 움직 이지 않습니다 . Move Spiral 나선의 중심에서 바깥쪽으로 뻗어나가는 경로를 따라 로봇을 이동시키기 위해 사용됩니다 . Move Periodic 주기적으로 반복되는 경로를 따라 로봇을 이동시키기 위해 사용됩니다 . Stop Motion 태스크 실행 중 정지하기 위해 사용됩니다 . Wait Moti
4. 힘 제어 개념 알아보기 | pages [276, 277, 278, 279, 280, 281, 282] | no_match keyword=0.00 semantic_rank=- | stage= | 힘 제어 (Force Control) 와 순응 제어 (Compliance Control) 는 로봇의 힘을 제어하는 기능입니다 . 또한 모션 명령어를 추가하는 경우 모션 이동과 동시에 힘을 제어할 수 있습니다 . 순응 제어와 힘 제어 방식은 아래와 같은 차이점이 있습 니다 . 순응 제어 순응 제어 시에는 로봇 끝단 TCP 
5. 6.7.1 Robot Settings | pages [195] | no_match keyword=0.00 semantic_rank=- | stage= | DART-Platform 매뉴얼 티치 펜던트 뒷면의 핸드가이드 버튼을 누르면 1 번 버튼을 누른 것과 동일하게 자율이동 모드로 로봇을 움직일 수 있 습니다 . 구속 모션 2 번과 3 번 버튼을 누른 상태에서는 임의의 방향으로 힘을 가하여도 로봇 끝단이 구속 조건과 일치하는 방향으로만 움직이게 됩니다 . 구속 조건은 그림과
6. 명령어 예제 따라하기 | pages [299, 306, 307, 308, 309, 310] | no_match keyword=0.00 semantic_rank=- | stage= | 태스크 리스트에서 7 번 줄의 Force 명령어를 선택하십시오 . 모드 (Mode) 를 다음과 같이 설정합니다 . Mode Off 는 힘 제어를 비활성화 합니다 . Mode : Off 22. 로봇의 동작 Mode 를 Auto 로 변경하십시오 . 그러면 속성 탭은 자동으로 Monitoring 탭으로 전환됩니다 . PART 
7. 기본 개념 알아보기 | pages [272, 273, 274, 275, 276] | keyword:movel; semantic_rank:5 | stage= | 두산 로봇은 총 9 종류의 모션을 제공하고 있습니다 . 기본 모션인 MoveJ , MoveL 및 이 두 가지 모션에서 파생되는 7 가지의 모션으로 로봇의 움직임을 제어하게 됩니다 . 로봇 모션의 종류 Motion Feature 1 MoveJ 로봇의 각 관절이 현재 각도에서 목표 각도로 동시에 이동 후 동시에 멈춤 목표 관
8. (Space Limit) | pages [39] | no_match keyword=0.00 semantic_rank=- | stage= | 로봇 제한치 (Robot Limits) (p. 210) 의 로봇의 조인트 각도 제한치 외에 , 직교 좌표상에서 로봇이 작동 공간을 제한할 수 있습니다 . 로봇 또는 TCP 가 자동운전 또는 수동모드에서 공간제한을 위반하면 안전 정지 모드 (Safety Stop Mode) 설정에 따라 정지합니다 . 핸드가이딩으로 직접교시 
9. 로봇의 모드 | pages [16, 15] | no_match keyword=0.00 semantic_rank=- | stage= | 수동 모드 (Manual Mode) 로봇이 사용자의 직접적인 개입을 통하여 작동되는 모드입니다 . 작동과 관련된 버튼을 누르고 있는 상태에서만 로봇 이 움직이며 , 버튼에서 손을 떼면 로봇이 작동을 멈춥니다 . 수동 모드에서는 로봇 안전 규정에 따라 TCP 의 이동 속도가 250 mm/s 이하로 제한됩니다 . 단 , 핸드
10. 기본 개념 알아보기 | pages [275] | keyword:movel; semantic_rank:3 | stage= | DART-Platform 매뉴얼 Type MoveJ MoveL 1 이동 방 식 로봇의 모든 관절이 현재 각도에서 목표 각 도로 동시에 이동 후 동시에 멈춤 로봇 끝단의 TCP 가 선택한 좌표계에 대해 선형 모션 (Linear motion) 으로 이동 2 장점 이동 속도가 빠름 로봇 특이점 (Singularity) 의 영향",page_275_img_0_0.jpeg,,5,O,"1. page_277_img_0_0.jpeg | score=0.848 | stage=0.225 | section=알아보기,개념
2. page_299_img_0_0.jpeg | score=0.842 | stage=0.293 | keyword=mode,로봇의; section=명령
3. page_276_img_0_0.jpeg | score=0.839 | stage=0.231 | section=알아보기,개념
4. page_195_img_2_0.jpeg | score=0.801 | stage=0.226 | 
5. page_275_img_0_0.jpeg | score=0.786 | stage=0.801 | page=1.00; keyword=모션,movel,movej,로봇의; section=모션,알아보기,기본
6. page_374_img_1_0.jpeg | score=0.766 | stage=0.306 | keyword=이동,기준으로,로봇의
7. page_174_img_1_0.jpeg | score=0.729 | stage=0.328 | keyword=이동,로봇의; section=알아보기
8. page_267_img_1_0.jpeg | score=0.728 | stage=0.801 | page=1.00; keyword=모션,movel,movej,명령어의; section=모션,알아보기,명령
9. page_281_img_1_0.jpeg | score=0.680 | stage=0.254 | keyword=로봇의; section=알아보기,개념
10. page_278_img_1_0.jpeg | score=0.668 | stage=0.227 | section=알아보기,개념"
Q25,기존,조인트 각도를 기준으로 목표 위치까지 가장 빠른 경로로 이동하는 모션 명령어는 무엇입니까?,프로그래밍/모션 명령,명령어 확인형,MoveJ,3,2,O,page; keyword:movej; semantic_rank:1,"1. 화면 | pages [378, 379] | no_match keyword=0.00 semantic_rank=- | stage= | DART-Platform 매뉴얼 로봇의 조인트 기준으로 실행하기 로봇의 조인트를 기준으로 각도를 조절하려면 : 1. 조인트 패널에서 각도를 조절할 축 (J1~J6) 을 선택하십시오 . 방향 버튼 ( , ) 을 길게 눌러 해당 축의 각도를 조절하십시오 . PART 6.
2. 로봇 모션 속성 알아보기 | pages [267, 268, 269, 270, 271, 272] | page; keyword:movej; semantic_rank:1 | stage= | 대표적인 모션인 MoveJ 와 MoveL 명령어의 속성 (Property) 화면입니다 . 이 외의 모션에서도 거의 유사한 속성들을 확인할 수 있습니다 . 최소한의 설정으로 모션을 생성하는 경우 자세 정보 ( 아래 그림의 5 번 ) 만 입력하시면 됩니다 . 메뉴 구성 PART 6. DART-Platform 매뉴얼 이름 설명
3. 화면 | pages [384, 385, 386, 382, 383] | no_match keyword=0.00 semantic_rank=- | stage= | DART-Platform 매뉴얼 항목 설명 22 태스크 모션 버튼 목표 Task 자세로 이동할 수 있습니다 . 각도 설정해서 움직이기 특정 각도로 로봇을 이동하려면 : 1. 이동 탭을 선택하십시오 . 로봇 조인트의 목표 각도를 입력하십시오 .
4. 모듈 | pages [373, 374, 375] | semantic_rank:8 | stage= | 조그 플러스 탭에서 사용자가 원하는 수동 이동의 방식을 선택할 수 있습니다 . 조그 (Jog) : 로봇의 관절 또는 TCP 를 사용자가 선택한 관절축 또는 좌표축 기준으로 이동 이동 (Move) : 로봇의 관절 또는 TCP 를 사용자가 입력한 목표위치로 이동 로봇의 이동은 크게 두 가지로 구별 됩니다 . 조인트 모션 : 
5. 모듈 | pages [376, 373, 374, 375] | semantic_rank:11 | stage= | PART 6. DART-Platform 매뉴얼 1. 조인트 탭을 선택합니다 . 움직이려는 축을 선택하십시오 . 예를 들어 J1 을 선택할 수 있습니다 . +/- 버튼을 눌러서 로봇을 움직일 수 있습니다 . +/- 버튼을 누르고 있는 동안 로봇이 움직이며 화면에는 현재 위치가 실시간으로 표시됩니다 . 조그 화면에서 태스크 
6. 기본 개념 알아보기 | pages [275] | keyword:movej; semantic_rank:4 | stage= | DART-Platform 매뉴얼 Type MoveJ MoveL 1 이동 방 식 로봇의 모든 관절이 현재 각도에서 목표 각 도로 동시에 이동 후 동시에 멈춤 로봇 끝단의 TCP 가 선택한 좌표계에 대해 선형 모션 (Linear motion) 으로 이동 2 장점 이동 속도가 빠름 로봇 특이점 (Singularity) 의 영향
7. 명령어 | pages [320, 321, 318, 319] | semantic_rank:2 | stage= | Task Editor 에서는 이동 명령어 , 플로우 컨트롤 , 신호 명령어 , 기타 명령어 , 힘 제어 명령어 , 고급 명령어를 사용하여 태스크 프로그램을 만들 수 있습니다 . 모션 명령어 로봇의 자세를 조정하거나 변경할 수 있습니다 . Move 사용자가 선택한 모션 타입 (Move J, Move L) 을 이용해 저장된 
8. (Robot Limits) | pages [40, 41, 42] | no_match keyword=0.00 semantic_rank=- | stage= | 안전 매뉴얼 기계적 동력 (Power) : 로봇의 기계적 동력의 제한치를 설정합니다 . 기계적 동력은 로봇의 토크와 속도와 비례합니 다 . TCP 속력 (TCP Speed) : 로봇 끝단의 TCP 속력의 제한치를 설정합니다 . 속도 및 이격거리 감시 운전모드에 활용 될 수 있습니다 . 운동량 (Momentum) : 로봇의
9. 화면 | pages [384, 385, 381, 382, 383] | no_match keyword=0.00 semantic_rank=- | stage= | 메뉴 구성 항목 설명 16 기준 좌표계 선택 18 번 Task 좌표에 사용될 기준 좌표계를 선택합니다 . Base, World, User coordinate 를 선택할 수 있습니다 . 17 조인트 자세 현재 로봇 자세와 목표가 될 조인트 자세를 표시합니다 . 18 태스크 자세 선택한 기준 좌표계에 맞는 현재 로봇 자세와 
10. 명령어 예제 따라하기 | pages [288, 289, 290, 291, 292, 283, 285, 287] | keyword:movej; semantic_rank:5 | stage= | PART 6. DART-Platform 매뉴얼 12. Task 이름을 Task_demo_compliance_ctrl 로 수정하십시오 . 수정한 Task 이름을 저장하십시오 . MoveJ 명령어를 추가하십시오 . 이 명령어는 로봇의 순응 제어 시작 위치로 이동하는데 사용될 예정입니다 . PART 6. DART-Platfor",page_275_img_0_0.jpeg,,7,△,"1. page_267_img_1_0.jpeg | score=0.954 | stage=0.801 | page=1.00; keyword=모션,movel,movej,명령어의; section=모션,알아보기,명령
2. page_378_img_2_0.jpeg | score=0.930 | stage=0.324 | keyword=로봇의
3. page_378_img_0_0.jpeg | score=0.896 | stage=0.346 | keyword=기준으로,로봇의,조인트
4. page_374_img_1_0.jpeg | score=0.882 | stage=0.341 | keyword=이동,기준으로,로봇의
5. page_384_img_0_0.jpeg | score=0.831 | stage=0.225 | keyword=이동,기준으로
6. page_379_img_2_0.jpeg | score=0.830 | stage=0.350 | keyword=기준으로,로봇의,조인트
7. page_275_img_0_0.jpeg | score=0.809 | stage=0.801 | page=1.00; keyword=모션,movel,movej,로봇의; section=모션,알아보기,기본
8. page_375_img_0_0.jpeg | score=0.791 | stage=0.328 | keyword=모드
9. page_269_img_0_0.jpeg | score=0.758 | stage=0.699 | page=1.00; keyword=모션; section=모션,알아보기,명령
10. page_271_img_1_0.jpeg | score=0.757 | stage=0.767 | page=1.00; keyword=모션,radius,명령어는; section=모션,알아보기,명령"
Q26,기존,소프트웨어 업데이트 모듈을 설치할 때 사용하는 패키지 파일의 확장자는 무엇입니까?,시스템 관리/소프트웨어 업데이트,파일 형식 확인형,.dm (다운로드 받은 모듈 패키지 설치 파일),1,1,O,"keyword:dm,다운로드,받은,모듈,패키지,설치; semantic_rank:1","1. 화면 알아보기 | pages [167] | keyword:dm,다운로드,받은,모듈,패키지,설치; semantic_rank:1 | stage= | DART-Platform 매뉴얼 항목 설명 2 즐겨찾기 수정 Footer 의 즐겨찾기 모듈 목록에 표시할 모듈을 선택할 수 있습니다 . 즐겨찾기 수정 버튼을 클릭하여 모듈을 선택 / 해제하면 , Footer 즐겨찾기 모 듈 목록에 바로 적용됩니다 . 즐겨찾기 저장 버튼을 클릭하여 즐겨찾기 수정을 끝낼 수 있습니다 . 3 
2. 로봇 업데이트 및 복원 | pages [360, 361, 362, 363, 364, 365, 366] | keyword:다운로드,패키지,파일 | stage= | 업데이트 Robot Update > Update 메뉴에서는 업데이트 파일을 사용하여 시스템을 업데이트 하는 기능을 제공합니다 . 업데이트 영역에서 원하는 업데이트 파일을 업로드합니다 . 업로드가 완료되면 업데이트 버튼이 표시되며 , 해당 버 튼을 통해서 업데이트를 수행할 수 있습니다 . 메뉴 구성 항목 설명 1 Curre
3. 모듈 업데이트 | pages [372, 373] | semantic_rank:3 | stage= | Data Management → Installed Module List 메뉴에서는 플랫폼에 설치된 모듈의 버전이 Dr.Dart-Store 에 배포된 모듈보다 버전이 낮을 경우 , 업데이트 버튼이 활성화됩니다 . 해당 버튼을 통해서 사용자는 모듈을 최신 버전으로 업 데이트할 수 있습니다 . 알아두기 모듈 업데이트는 관리자 
4. 모듈 | pages [373, 375] | semantic_rank:15 | stage= | 알아두기 기존에 모듈을 설치한 계정과 로그인한 계정이 달라서 모듈을 업데이트할 수 없다면 , 기존에 설치한 모듈을 삭제한 뒤 , 구매한 계정으로부터 최신 모듈을 설치하십시오 .
5. 이동 및 설치를 위한 인양 지점 | pages [98] | semantic_rank:6 | stage= | PART 3. 설치 매뉴얼
6. 명판과 라벨 | pages [105] | semantic_rank:7 | stage= | PART 3. 설치 매뉴얼
7. 작업영역내에서의 최대 가반하중 | pages [108, 109, 110] | semantic_rank:8 | stage= | PART 3. 설치 매뉴얼
8. 로봇 작업 영역 확인하기 | pages [113, 114, 115] | semantic_rank:9 | stage= | PART 3. 설치 매뉴얼
9. 데이터 관리하기 | pages [366, 367, 368, 369, 370, 371] | keyword:모듈,설치,파일; semantic_rank:2 | stage= | 설치된 모듈 리스트 이 메뉴에서는 설치된 모듈들을 확인하고 관리할 수 있습니다 . 메뉴 구성 항목 설명 1 카테고리 모듈 리스트에서 보고 싶은 모듈의 타입이나 상태 카테고리를 선택할 수 있고 , 직접 검색도 가능합니다 . 2 Install from File 사용자의 파일에서 모듈 설치가 가능합니다 . 3 Module Na
10. 로봇 설치 준비 | pages [115, 116, 117, 118] | semantic_rank:10 | stage= | PART 3. 설치 매뉴얼",page_167_img_2_0.jpeg,3,1,O,"1. page_167_img_2_0.jpeg | score=1.110 | stage=0.854 | page=1.00; keyword=모듈,즐겨찾기,설명,dart; section=알아보기,화면
2. page_167_img_3_0.jpeg | score=1.030 | stage=0.801 | page=1.00; keyword=설명,part,dart,platform; section=알아보기
3. page_373_img_0_0.jpeg | score=0.905 | stage=0.350 | keyword=모듈,dart,platform,매뉴얼; section=업데이트
4. page_361_img_0_0.jpeg | score=0.887 | stage=0.302 | keyword=업데이트; section=시스템,업데이트
5. page_166_img_1_0.jpeg | score=0.874 | stage=0.771 | page=1.00; keyword=모듈,설명,part,모듈을; section=알아보기,화면,프로그램
6. page_366_img_0_0.jpeg | score=0.870 | stage=0.346 | keyword=모듈,설명; section=관리,구성
7. page_360_img_0_0.jpeg | score=0.848 | stage=0.315 | keyword=업데이트; section=시스템,업데이트
8. page_168_img_0_0.jpeg | score=0.771 | stage=0.801 | page=1.00; keyword=설명,part,dart,platform; section=알아보기
9. page_168_img_1_0.png | score=0.750 | stage=0.801 | page=1.00; keyword=설명,part,dart,platform; section=알아보기
10. page_343_img_0_0.jpeg | score=0.746 | stage=0.337 | keyword=모듈; section=화면,관리"
Q27,기존,공장 출하 상태로 시스템을 복원하는 '공장 초기화(Factory Reset)' 진행 시 삭제되는 데이터는 무엇입니까?,시스템 관리/공장 초기화,주의 사항형,"데이터 베이스, 로그파일, 워크셀 아이템, 태스크 파일",1,1,O,"keyword:데이터,워크셀,아이템,태스크,파일; semantic_rank:4","1. 데이터 관리하기 | pages [370] | keyword:데이터,워크셀,아이템,태스크,파일; semantic_rank:4 | stage= | DART-Platform 매뉴얼 공장 초기화 공장 초기화는 로봇에 저장된 사용자 데이터 및 로그를 삭제하는 기능입니다 . 공장 초기화가 실행되면 데이터 베이 스 , 로그 파일 , 워크셀 아이템 , 태스크 파일이 삭제됩니다 . 주 메뉴의 Settings Module 버튼을 탭 한 후 Factory Reset 을 선택하십시오
2. 로봇 업데이트 및 복원 | pages [362] | no_match keyword=0.00 semantic_rank=- | stage= | 알아두기 관리자 모드 필요 수동 모드 상태 실제 제어기와 연결된 상태 주의 설치된 유료 모듈이 존재하는 경우 , 비활성화가 권장됩니다 . 복원 과정에서 제어권을 변경하지 마세요 . 복원 과정에서 프로그램 종료한다면 , 현재 버전이 유지됩니다 . 공장 초기화를 수행하면 , 복원 지점이 삭제됩니다 .
3. 데이터 관리하기 | pages [369] | page | stage= | DART-Platform 매뉴얼 항목 설명 2 Import Data 해당 라디오 버튼 선택 시 가져오기 버튼이 활성화 됩니다 . 3 Data to Export 내보낼 데이터를 선택 할 수 있습니다 . 가져오기 라디오 버튼 선택 시 우측 데이터 선택 화면이 비활성화 됩니다 .
4. 6.7.3 Safety Settings | pages [227, 229, 232, 234, 236, 237, 238, 239, 240, 241, 242, 244, 213, 214, 215, 222] | no_match keyword=0.00 semantic_rank=- | stage= | 3 Reset 설정을 초기화 할 수 있습니다 . 4 J1 Normal 모드 , Reduced 모드 각각에 대한 설정이 가능합니다 . 5 J2 Normal 모드 , Reduced 모드 각각에 대한 설정이 가능합니다 . 6 J3 Normal 모드 , Reduced 모드 각각에 대한 설정이 가능합니다 . 7 J4 (P seri
5. 로봇 업데이트 및 복원 | pages [362, 363] | no_match keyword=0.00 semantic_rank=- | stage= | DART-Platform 매뉴얼 시스템 복원 Robot Update > System Restore 메뉴에서는 업데이트 정보를 기반으로 시스템을 복원할 수 있는 기능을 제공합니 다 . 백업 리스트에서 원하는 복원 지점을 선택한 뒤 , 복원 버튼을 클릭합니다 .
6. 폐기 및 환경 | pages [162] | no_match keyword=0.00 semantic_rank=- | stage= | 제품의 전체 또는 일부를 폐기할 때는 해당 국가의 제정된 법규를 반드시 준수하여야 하며 , 폐기 처분과 관련된 사 항은 판매자 or 두산로보틱스에게 문의하십시오 . 유럽 내 판매자는 Directive 2012/19 EU – Waste Electrical and Electronic Equipment (WEEE) 에 따라 반
7. 6.7.3 Safety Settings | pages [211, 212, 213, 214, 215, 216, 217, 218, 219, 220, 221, 222, 223, 224, 225, 226, 227, 228, 229, 230, 231, 232, 233, 234, 235, 236, 237, 238, 239, 240, 241, 242, 243, 244, 245, 246] | no_match keyword=0.00 semantic_rank=- | stage= | 3 Reset 설정을 초기화 할 수 있습니다 . 4 J1 Normal 모드 , Reduced 모드 각각에 대한 설정이 가능합니다 . 5 J2 Normal 모드 , Reduced 모드 각각에 대한 설정이 가능합니다 . 6 J3 Normal 모드 , Reduced 모드 각각에 대한 설정이 가능합니다 . 7 J4 (P seri
8. 로봇 업데이트 및 복원 | pages [363] | no_match keyword=0.00 semantic_rank=- | stage= | DART-Platform 매뉴얼 메뉴 구성 항목 설명 1 Current Version Info 현재 어플리케이션 / 시스템 /OS 버전 정보를 보여줍니다 . 2 Backup List 백업 가능한 복원 버전들의 리스트를 보여줍니다 . 리스트 상의 항목 들은 업데이트 기능을 이용해 업데이트 할 경우 생성됩니다 . 3 Rest
9. 소프트웨어 복구 모드 사용하기 | pages [182, 183] | no_match keyword=0.00 semantic_rank=- | stage= | 소프트웨어 복구 모드 메뉴 구성 항목 설명 1 Servo On to Start Recovery Recovery 모드를 시작하기 전에 서보를 활성화하는 버튼입니다 . 2 Exit Recovery Recovery 모듈에서 나갈 수 있는 버튼입니다 . 3 Header 소프트웨어 복구 모드 혹은 팩 / 언팩 모드 중 하나를 선택
10. 데이터 관리하기 | pages [368] | no_match keyword=0.14 semantic_rank=- | stage= | DART-Platform 매뉴얼 메뉴 구성 항목 설명 1 로그 기간 선택 내보내기 대상 로그의 기간을 선택 할 수 있습니다 . 2 로그 타입 선택 내보내고 싶은 대상을 체크합니다 . 3 로그 내보내기 버튼 선택한 로그가 한개 이상일 때 활성화 됩니다 . 데이터 내보내기 & 가져오기 이 메뉴에서는 다트 플랫폼의 데이터를 내",page_370_img_0_0.jpeg,1,2,O,"1. page_369_img_0_0.jpeg | score=1.059 | stage=0.876 | page=1.00; keyword=선택,dart,platform,데이터; section=관리,데이터
2. page_370_img_0_0.jpeg | score=1.053 | stage=0.708 | page=1.00; keyword=데이터,part; section=관리,데이터
3. page_363_img_0_0.jpeg | score=0.939 | stage=0.644 | page=1.00; keyword=시스템을; section=시스템
4. page_364_img_1_0.jpeg | score=0.922 | stage=0.644 | page=1.00; keyword=시스템을; section=시스템
5. page_368_img_0_0.jpeg | score=0.921 | stage=0.910 | page=1.00; keyword=선택,dart,platform,로그; section=관리,데이터
6. page_361_img_0_0.jpeg | score=0.813 | stage=0.644 | page=1.00; keyword=시스템을; section=시스템
7. page_182_img_0_0.jpeg | score=0.788 | stage=0.337 | keyword=설명,버튼
8. page_228_img_0_0.jpeg | score=0.785 | stage=0.206 | 
9. page_181_img_0_0.jpeg | score=0.719 | stage=0.315 | 
10. page_361_img_1_0.jpeg | score=0.706 | stage=0.644 | page=1.00; keyword=시스템을; section=시스템"
Q28,기존,로봇 큐브 모듈 케이블을 결합할 때 방수 등급 강화를 위해 케이블에 결합해야 하는 부품은 무엇입니까?,설치/케이블 방수,부품 확인형,그로밋 (Grommet),2,1,O,page,"1. (CS-12P) | pages [397, 398, 399, 400, 401, 402, 403, 404] | page | stage= | 제품 소개 (CS-12P) 각 부 명칭과 기능 번호 항목 설명 1 I/O 연결 단자 ( 내부 ) 다른 로봇의 컨트롤러나 주변 기기와 연결할 수 있 습니다 . 2 전원 스위치 컨트롤러의 주 전원을 켜거나 끌 수 있습니다 . 3 티치펜던트 케이블 연결 단자 티치펜던트의 케이블을 컨트롤러와 연결합니다 . 4 로봇 케이블 연결 
2. 로봇과 툴 연결하기 | pages [123, 124, 125] | no_match keyword=0.00 semantic_rank=- | stage= | 번호 항목 1 툴 2 브라켓 3 케이블 4 툴 플랜지 1. M6 볼트 4 개를 이용하여 툴 플랜지에 툴을 고정하십시오 . 볼트를 고정할 때에는 9 Nm 의 토크로 볼트를 조이는 것을 권장합니다 . 로봇을 고정된 위치에 정확하게 설치해야 하는 경우에는 Φ 6 의 위치 결정 핀을 이용하면 원하는 위치에 설 치할 수 있습니다 
3. 설치 가이드 | pages [405, 406] | keyword:그로밋,grommet | stage= | 초기 상태 큐브모듈 프레임 커버 분해 케이블에 그로밋 (Grommet) 결합 큐브모듈 프레임에 케이블 결합 프레임 커버 조립 설치 완료 부록
4. 시스템 연결 | pages [120, 121, 118, 119] | no_match keyword=0.00 semantic_rank=- | stage= | 매니퓰레이터와 컨트롤러 연결하기 설명 1 매니퓰레이터 연결 케이블 연결 후 고정용 고리 체결 매니퓰레이터 연결 케이블을 컨트롤러의 해당 연결부에 연결한 후 고정용 고리를 걸어 케이블이 빠지지 않 도록 하십시오 . 2 매니퓰레이터 연결 케이블의 반대편 끝을 컨트롤러에 연결 매니퓰레이터 연결 케이블의 반대편 끝을 컨트롤러의 
5. 시스템 연결 | pages [121, 122] | no_match keyword=0.00 semantic_rank=- | stage= | 설치 매뉴얼 매개변수 사양 입력전압 100 – 240 VAC 입력전원 퓨즈 (@100-240V) 15 A 주의 전원 케이블을 연결한 후 로봇을 올바르게 접지했는지 확인하십시오 ( 전기적 지면 연결 ). 컨트롤러 내부 의 접지 심볼과 관련된 나사 중에서 사용하지 않은 나사로 시스템의 모든 장비에 대하여 공통적인 접지 를 하
6. I/O | pages [127] | no_match keyword=0.00 semantic_rank=- | stage= | 로봇 끝 단 플랜지 커버에 M8 사양의 8pin 커넥터가 1 개 있으며 장착 위치 및 외형은 아래 그림을 참조하시기 바랍니 다 . 커넥터는 그리퍼나 특정 로봇 툴에 내장되어 있는 센서를 구동시키기 위한 전원과 제어 신호를 제공합니다 . 아래 예 시로 표시한 산업용 케이블과 같은 사양이 적용 가능합니다 .
7. 배선 연결하기 | pages [94] | no_match keyword=0.00 semantic_rank=- | stage= | MANDATORY NORMAL 10 MIN 툴을 고정한 후 플랜지 I/O 커넥터에 필요한 케이블을 연결하십시오 . 반드시 플랜지 I/O 의 핀 맵을 확인하십시오 . 로봇에 전원을 인가하게 되면 각 커넥터의 5 번 단자는 항상 24V 가 출력되게 됩니다 .
8. 컨트롤러와 전원 연결하기 | pages [86, 87] | no_match keyword=0.00 semantic_rank=- | stage= | MANDATORY EASY 1 MIN 컨트롤러에 전원을 연결하려면 표준 IEC 전원 플러그에 케이블을 연결하십시오 . 전원 케이블을 연결한 후 로봇을 올바르게 접지가 되었는지 확인하십시오 ( 전기적 지면 연결 ). 컨트롤러 안의 접지 심볼과 관련된 나사 중에서 사용하지 않은 나사로 시스템의 모든 장비에 대하여 공통적인 접
9. 컨트롤러에 케이블 연결하기 | pages [83] | no_match keyword=0.00 semantic_rank=- | stage= | MANDATORY EASY 1 MIN 티치펜던트와 로봇의 케이블을 컨트롤러에 연결합니다 . 티치펜던트 케이블을 컨트롤러의 해당 연결부에 딸깍 소리가 날 때까지 연결하여 케이블이 빠지지 않도록 하십시 오 . 로봇 케이블의 반대편 끝을 컨트롤러의 해당 연결부에 딸깍 소리가 날 때까지 연결하여 케이블이 빠지지 않도록 하 십시오
10. 로봇 베이스 고정하기 | pages [84, 85] | no_match keyword=0.00 semantic_rank=- | stage= | MANDATORY EASY 3 MIN 로봇의 베이스를 고정할 때와 툴 플랜지에 툴을 장착하기 위해서는 아래와 같이 추가 부품이 필요합니다 . M8 육각 렌치 볼트 : 4 개 Φ 5 의 위치 결정 핀 : 2 개 로봇의 베이스에 있는 구멍 4 개에 M8 볼트를 이용하여 고정하십시오 . 자세한 내용은 로봇 고정하기 (p. 11",page_405_img_0_0.jpeg,,,X,"1. page_405_img_1_0.jpeg | score=1.072 | stage=0.847 | page=1.00; keyword=설치,케이블,부록,큐브; section=설치,케이블,가이드
2. page_397_img_0_0.jpeg | score=1.062 | stage=0.657 | page=1.00; keyword=연결; section=cs,12p
3. page_405_img_5_0.jpeg | score=1.060 | stage=0.847 | page=1.00; keyword=설치,케이블,부록,큐브; section=설치,케이블,가이드
4. page_398_img_0_0.jpeg | score=1.038 | stage=0.657 | page=1.00; keyword=연결; section=cs,12p
5. page_123_img_0_0.jpeg | score=0.935 | stage=0.315 | keyword=연결
6. page_127_img_0_0.jpeg | score=0.850 | stage=0.284 | 
7. page_120_img_0_0.jpeg | score=0.846 | stage=0.226 | keyword=연결,케이블,매니퓰레이터,컨트롤러의; section=케이블
8. page_84_img_0_0.jpeg | score=0.827 | stage=0.324 | keyword=연결,케이블; section=케이블
9. page_405_img_3_0.jpeg | score=0.819 | stage=0.847 | page=1.00; keyword=설치,케이블,부록,큐브; section=설치,케이블,가이드
10. page_405_img_2_0.jpeg | score=0.815 | stage=0.847 | page=1.00; keyword=설치,케이블,부록,큐브; section=설치,케이블,가이드"
Q29,기존,엔드 이펙터 툴의 중심 좌표계(Tool Coordinate)의 기준이 되는 z축의 방향은 플랜지 좌표계에서 어느 방향을 따라 회전합니까?,TCP/툴 좌표 설정,개념 확인형,플랜지 좌표계의 z축,1,1,O,"keyword:플랜지,좌표계; semantic_rank:2","1. 6.7.2 Tool Settings | pages [201, 202, 203, 204, 205, 206, 207, 208, 209] | keyword:플랜지,좌표계; semantic_rank:2 | stage= | Tool Center Point 공구중심점 (TCP) 를 설정할 때에 플랜지 좌표계를 기준으로 위치와 함께 회전각을 함께 정의해야 합니다 . 이때 , 플랜 지좌표계 기준 원점에서 공구중심점 (TCP) 까지 X, Y, Z 각 방향 별 거리가 10000mm 이상이 되도록 공구중심점 (TCP) 를 설정할 수 없습니다 . 그리고
2. 6.7.2 Tool Settings | pages [202, 203, 204, 205, 206, 207, 208, 209, 210, 211] | keyword:플랜지,좌표계의,좌표계; semantic_rank:1 | stage= | PART 6. DART-Platform 매뉴얼 1. 플랜지 좌표계의 z 축을 따라 A 각도 회전 2. 1) 을 통해 회전된 좌표계의 y’ 축을 따라 B 각도 회전 3. 2) 를 통해 회전된 좌표계의 z’’ 축을 따라 C 각도 회전 위의 방법을 따라 TCP 값을 설정하는 몇 가지 예를 들어보겠습니다 . [X, Y, Z, A
3. 툴의 중심 위치 | pages [110] | semantic_rank:12 | stage= | 툴의 중심 위치는 아래 그림을 참조하세요 .
4. 알아보기 | pages [176, 175] | semantic_rank:10 | stage= | 오일러 각 (Euler Angle) 이란 물체의 방향을 서로 수직인 X, Y, Z 축의 각도로 표현하는 방법 중 하나 입니다 . 이때 A, B, C 는 순차적인 회전 각도를 의미합니다 . 로봇 브랜드 마다 이 A, B, C 회전의 순서를 Rz-Ry-Rz, Rz-Ry-Rx 그리고 Rx- Ry-Rz 등으로 다르게 정의합니다 
5. 화면 | pages [377, 378, 379, 380, 381] | semantic_rank:4 | stage= | DART-Platform 매뉴얼 항목 설명 8 Force Monitoring Base, Tool, World, Reference 등을 기준으로 X, Y, Z 축의 힘을 설정 할 수 있습니다 . 9 기준 좌표계 선택 11 번의 Task 좌표를 표시하거나 jog 할 기준 좌표계를 선택합니다 . Base, World, User
6. 화면 | pages [380] | semantic_rank:13 | stage= | Rx, Ry, Rz 는 TCP(Tool Center Position) 기준으로 실행됩니다 .
7. 6.7.3 Safety Settings | pages [244] | no_match keyword=0.00 semantic_rank=- | stage= | DART-Platform 매뉴얼 툴 방향 전환 제한 구역 (Tool Orientation Limit Zone) 설정하기 툴 방향 제한 구역 (Tool Orientation Limit Zone) 은 TCP 의 방향을 제한하는 구역입니다 . TCP 가 특정 방향을 향하도 록 보장하며 , 방향과 각도 마진을 정의하여 안전하지 
8. 화면 | pages [384, 385, 381, 382, 383] | semantic_rank:8 | stage= | 메뉴 구성 항목 설명 16 기준 좌표계 선택 18 번 Task 좌표에 사용될 기준 좌표계를 선택합니다 . Base, World, User coordinate 를 선택할 수 있습니다 . 17 조인트 자세 현재 로봇 자세와 목표가 될 조인트 자세를 표시합니다 . 18 태스크 자세 선택한 기준 좌표계에 맞는 현재 로봇 자세와 
9. 화면 | pages [379, 380] | no_match keyword=0.25 semantic_rank=- | stage= | DART-Platform 매뉴얼 로봇 베이스 기준으로 실행하기 로봇의 베이스 좌표를 기준으로 로봇을 이동하려면 : 1. 참조 좌표계를 베이스로 선택하십시오 . 태스크 패널에서 각도를 조절할 축 (X~RX) 을 선택하십시오 . 방향 버튼 (+,_) 을 길게 눌러 해당 축을 이동하십시오 . 월드 좌표계를 기준으로 실행하기 월
10. 화면 | pages [387, 389] | keyword:좌표계의,좌표계 | stage= | 2 홈 포지션 버튼 버튼 클릭 시 홈 포지션으로 이동합니다 . 3 정렬 버튼 버튼 클릭 시 정렬합니다 . 4 기준 좌표계 선택 포지션의 기준 좌표계를 선택합니다 . 5 툴 축 TCP 의 어떤 축을 정렬 시킬지 선택합니다 . 6 목표 방향 정렬 시킬 때의 방향을 선택합니다 . 7 정렬 방법 선택 정렬 방법을 선택합니다 . ",page_202_img_0_0.jpeg,4,4,O,"1. page_201_img_1_0.jpeg | score=1.208 | stage=0.902 | page=1.00; keyword=설정할,플랜지,tool,tcp; section=settings,tcp,좌표
2. page_201_img_0_0.jpeg | score=1.129 | stage=0.902 | page=1.00; keyword=설정할,플랜지,tool,tcp; section=settings,tcp,좌표
3. page_203_img_0_0.jpeg | score=1.127 | stage=0.771 | page=1.00; keyword=플랜지,part,tool; section=settings,좌표,tool
4. page_202_img_0_0.jpeg | score=1.090 | stage=0.771 | page=1.00; keyword=플랜지,part,tool; section=settings,좌표,tool
5. page_204_img_1_0.jpeg | score=0.961 | stage=0.737 | page=1.00; keyword=tool,tcp; section=settings,tcp,tool
6. page_208_img_0_0.jpeg | score=0.933 | stage=0.771 | page=1.00; keyword=플랜지,part,tool; section=settings,좌표,tool
7. page_202_img_1_0.jpeg | score=0.897 | stage=0.902 | page=1.00; keyword=설정할,플랜지,tool,tcp; section=settings,tcp,좌표
8. page_206_img_0_0.jpeg | score=0.887 | stage=0.809 | page=1.00; keyword=설명,값을,메뉴,구성; section=settings,tool
9. page_209_img_0_0.jpeg | score=0.854 | stage=0.771 | page=1.00; keyword=플랜지,part,tool; section=settings,좌표,tool
10. page_205_img_1_0.jpeg | score=0.853 | stage=0.674 | page=1.00; keyword=tool; section=settings,tool"
Q30,기존,전원 입력 시 극성이 잘못 결선되었을 때 컨트롤러 고장을 막기 위해 주의해야 할 항목은 무엇입니까?,안전/전원/극성,안전 주의형,입력 전압의 극성이 반대로 연결되지 않도록 주의,1,1,O,semantic_rank:2,"1. 시스템 연결 | pages [121, 122] | semantic_rank:2 | stage= | 설치 매뉴얼 매개변수 사양 입력전압 100 – 240 VAC 입력전원 퓨즈 (@100-240V) 15 A 주의 전원 케이블을 연결한 후 로봇을 올바르게 접지했는지 확인하십시오 ( 전기적 지면 연결 ). 컨트롤러 내부 의 접지 심볼과 관련된 나사 중에서 사용하지 않은 나사로 시스템의 모든 장비에 대하여 공통적인 접지 를 하
2. 사용 시 주의사항 | pages [12, 13] | semantic_rank:10 | stage= | 로봇 및 컨트롤러의 작동 중에 로봇의 전원 플러그를 뽑거나 전원을 강제로 종료하는 경우 로봇 및 컨트 롤러의 고장의 원인이 될 수 있습니다 . 컨트롤러는 눕혀 놓고 사용하지 마십시오 . 덮개를 연 후 작업 시 부주의로 덮개가 닫혀 손 끼임 발생할 수 있으니 세워서 작업을 수행하십시오 . 위험 로봇에 이상이 생긴 경우 절대
3. 사용 시 주의사항 | pages [13, 14] | semantic_rank:7 | stage= | 안전 매뉴얼 직접교시 기능을 사용하기 전에 툴에 관련된 입력사항 ( 툴의 길이 , 무게 , 무게중심 등 ) 을 정확하게 입력 하십시오 . 실제 툴의 사양과 다른 정보가 입력되는 경우 직접교시 기능의 오류가 발생하거나 , 오동작을 유발할 수 있습니다 . 사용자의 안전을 위해 직접교시 기능 사용시 관절이 일정 속도 이상으로 
4. 유지보수 | pages [162] | semantic_rank:9 | stage= | 전원 케이블을 분리하고 매니퓰레이터 또는 컨트롤러에 연결된 다른 전력 공급원에서 전력이 공급되지 않도록 합 니다 . 보수 작업 중 시스템에 전원을 연결하지 마십시오 . 시스템에 다시 전원 공급을 하기 전에는 반드시 접지를 확인하십시오 . 매니퓰레이터 또는 컨트롤러의 부품을 해체할 때에는 ESD 규정을 준수하여 작업하십시오
5. 컨트롤러와 전원 연결하기 | pages [86, 87] | semantic_rank:11 | stage= | MANDATORY EASY 1 MIN 컨트롤러에 전원을 연결하려면 표준 IEC 전원 플러그에 케이블을 연결하십시오 . 전원 케이블을 연결한 후 로봇을 올바르게 접지가 되었는지 확인하십시오 ( 전기적 지면 연결 ). 컨트롤러 안의 접지 심볼과 관련된 나사 중에서 사용하지 않은 나사로 시스템의 모든 장비에 대하여 공통적인 접
6. 사용 시 주의사항 | pages [12] | no_match keyword=0.12 semantic_rank=- | stage= | 컨트롤러나 티치 펜던트에 오류가 나타나면 즉시 비상 정지시켜 오류가 발생한 원인을 확인한 후 오류 코드를 로그 화면에서 찾아 공급자에게 연락하십시오 . 로봇의 작동전에 로봇 사용 매뉴얼을 충분히 숙지한 후 사용하여 주시기 바랍니다 . 티치 펜던트에서 치명적인 에러를 경고하는 경우 즉시 로봇의 비상정지 스위치를 작동하여 로
7. (CS-12P) | pages [397, 398, 399, 400, 401, 402, 403, 404] | page; keyword:전압의,전압,극성이,극성,반대로,연결되지 | stage= | 제품 소개 (CS-12P) 각 부 명칭과 기능 번호 항목 설명 1 I/O 연결 단자 ( 내부 ) 다른 로봇의 컨트롤러나 주변 기기와 연결할 수 있 습니다 . 2 전원 스위치 컨트롤러의 주 전원을 켜거나 끌 수 있습니다 . 3 티치펜던트 케이블 연결 단자 티치펜던트의 케이블을 컨트롤러와 연결합니다 . 4 로봇 케이블 연결 
8. 구성하기 | pages [137, 138, 139] | semantic_rank:3 | stage= | 신호입력 정확도를 최대한 확보하기 위해 다음 사항을 준수하십시오 . 노이즈 저감을 위하여 쉴드 트위스트 페어 된 케이블을 사용하십시오 . 케이블 쉴드는 컨트롤러 내부 접지단자에 연결하십시오 . S 상 입력의 경우 플로팅 상태를 방지하기 위하여 센서 종류 (NPN/PNP) 에 따라 풀업 , 풀다운 저항을 연결하십시오 . 아
9. 전원 끄기 | pages [125] | no_match keyword=0.00 semantic_rank=19 | stage= | 로봇과 컨트롤러를 청소하거나 유지 보수를 위해 분해할 경우에는 반드시 전원 스위치를 눌러 전원을 차단하십시오 .
10. 이동 및 설치를 위한 인양 지점 | pages [97] | semantic_rank:6 | stage= | 컨트롤러와 연결하여 사용할 안전 장비는 반드시 안전용 접점입력 단자 또는 Safety IO 로 설정한 Configurable 디지털 IO 에 이중신호로 연결하십시오 . 일반 IO 에 연결하거나 단일신호로 연결하여 사용 할 경우 , 규정된 안전수준을 달성할 수 없습니다 .",page_403_img_0_0.jpeg,,,X,"1. page_121_img_0_0.jpeg | score=0.877 | stage=0.227 | keyword=연결,매니퓰레이터
2. page_397_img_0_0.jpeg | score=0.851 | stage=0.674 | page=1.00; keyword=연결; section=cs,12p
3. page_86_img_0_0.jpeg | score=0.842 | stage=0.324 | keyword=연결,전원,케이블을,하십시오; section=전원
4. page_137_img_0_0.jpeg | score=0.842 | stage=0.337 | keyword=연결,케이블을,하십시오
5. page_398_img_0_0.jpeg | score=0.823 | stage=0.674 | page=1.00; keyword=연결; section=cs,12p
6. page_163_img_0_0.jpeg | score=0.815 | stage=0.230 | keyword=전원; section=전원
7. page_138_img_0_0.jpeg | score=0.814 | stage=0.341 | keyword=연결,케이블을,하십시오
8. page_120_img_0_0.jpeg | score=0.798 | stage=0.262 | keyword=연결,매니퓰레이터,케이블을,컨트롤러의
9. page_125_img_0_0.jpeg | score=0.783 | stage=0.319 | keyword=전원,하십시오,컨트롤러를; section=전원
10. page_139_img_0_0.jpeg | score=0.771 | stage=0.271 | "
Q31,기존,티치 펜던트에 위치한 USB 포트의 주된 용도는 무엇입니까?,티치 펜던트/USB 데이터 관리,기능 확인형,로봇 로그 저장매체 백업 및 태스크 내보내기/가져오기,1,1,O,"page; keyword:로봇,로그,저장매체,태스크,내보내기","1. 로봇 시스템 구성 및 설명 | pages [102] | page; keyword:로봇,로그,저장매체,태스크,내보내기 | stage= | 4 USB 연결 단자 로봇 동작 중 발생하는 로그를 USB 저장매체에 저장하거나 태스크 내보내기 , 가져 오기를 할 수 있습니다 . 5 매니퓰레이터 케이블 연결 단 자 매니퓰레이터의 케이블을 컨트롤러와 연결합니다 . 6 티치펜던트 케 이블 연결 단자 티치펜던트의 케이블을 컨트롤러와 연결합니다 .
2. 시스템 연결 | pages [119, 120, 121, 122, 123] | no_match keyword=0.00 semantic_rank=- | stage= | 설치 매뉴얼 컨트롤러와 티치펜던트 연결하기 티치펜던트 케이블을 컨트롤러의 해당 연결부에 딸깍 소리가 날 때까지 연결하여 케이블이 빠지지 않도록 하십시오 . 컨트롤러가 전자파 노이즈의 영향을 받거나 다른 기기에 영향을 줄 경우 정상적인 사용을 위해 매니퓰 레이터 케이블 양단에 페라이트코어를 설치하는 것을 권장합니다 . 설치
3. 로봇 시스템 구성 및 설명 | pages [104] | no_match keyword=0.14 semantic_rank=- | stage= | 설치 매뉴얼 시스템 구성도 번호 이름 설명 1 티치펜던트 시스템 전체를 관리하는 기기로 로봇에게 특정 자세를 학습시키거나 매니퓰레이 터와 컨트롤러에 관련된 설정을 할 수 있습니다 . 2 컨트롤러 티치펜던트에서 설정한 자세나 움직임에 따라 로봇의 움직임을 조정합니다 . 다 양한 입출력 포트를 갖추고 있어 다양한 장비 및 장
4. 시스템 전원 켜기 | pages [95] | no_match keyword=0.00 semantic_rank=- | stage= | MANDATORY EASY 1 MIN 다시 시스템 전원을 켭니다 . 티치펜던트 화면이 켜질 때까지 전원 버튼을 길게 누르십시오 .
5. 티치 펜던트를 사용할 경우 | pages [163] | no_match keyword=0.14 semantic_rank=- | stage= | 티치 펜던트 좌측 상단에 있는 전원 버튼을 길게 누르십시오 . 로봇 , 컨트롤러 , 티치 펜던트와 같은 시스템에 필요한 전원이 켜집니다 . 시스템의 전원이 켜지면 로봇의 상태 LED 가 점등됩니다 . 전원을 끄려면 티치 펜던트 화면의 종료 버튼을 누르거나 티치펜던트 좌측 상단에 있는 전원 버튼을 2 초 정도 길게 누르십시
6. 테스트하기 | pages [96, 95] | no_match keyword=0.14 semantic_rank=- | stage= | MANDATORY NORMAL 10 MIN 티치펜던트에서는 플랜지 I/O 에 연결된 툴의 동작을 테스트할 수 있는 기능을 제공하고 있습니다 . 전원을 차단했을 때 툴에서 작업물이 낙하하는 등의 위험 상황이 발생하지 않도록 툴과 그리퍼를 구성 하십시오 . A 시리즈의 경우 로봇이 서보 오프될 때 Flange I/O 의 24
7. 로봇 시스템 구성 및 설명 | pages [103] | no_match keyword=0.14 semantic_rank=- | stage= | PART 3. 설치 매뉴얼 티치펜던트 No. 항목 설명 1 전원 버튼 티치펜던트의 주 전원을 켜거나 끌 수 있습니다 . 자세한 내용은 시스템 전원 온 / 오프 (p. 162) 를 참고하십시오 .
8. (Safety Stop Modes) | pages [36, 37] | no_match keyword=0.00 semantic_rank=- | stage= | 안전 정지 모드 설명 1 비상 정지 (Emergency Stop) 티치 펜던트의 비상 정지 버튼 또는 추가적으로 설치된 외부 장치가 작 동하였을 때의 정지 모드를 설정합니다 . (STO 또는 SS1 만 선택할 수 있 습니다 .) 2 보호 정지 (Protective Stop) 외부에 연결된 보호 장비를 작동하였을 때의 정지
9. (CS-12P) | pages [397, 398, 399, 400, 401, 402, 403, 404] | no_match keyword=0.14 semantic_rank=- | stage= | 제품 소개 (CS-12P) 각 부 명칭과 기능 번호 항목 설명 1 I/O 연결 단자 ( 내부 ) 다른 로봇의 컨트롤러나 주변 기기와 연결할 수 있 습니다 . 2 전원 스위치 컨트롤러의 주 전원을 켜거나 끌 수 있습니다 . 3 티치펜던트 케이블 연결 단자 티치펜던트의 케이블을 컨트롤러와 연결합니다 . 4 로봇 케이블 연결 
10. 컨트롤러에 케이블 연결하기 | pages [83] | no_match keyword=0.14 semantic_rank=- | stage= | MANDATORY EASY 1 MIN 티치펜던트와 로봇의 케이블을 컨트롤러에 연결합니다 . 티치펜던트 케이블을 컨트롤러의 해당 연결부에 딸깍 소리가 날 때까지 연결하여 케이블이 빠지지 않도록 하십시 오 . 로봇 케이블의 반대편 끝을 컨트롤러의 해당 연결부에 딸깍 소리가 날 때까지 연결하여 케이블이 빠지지 않도록 하 십시오",page_103_img_0_0.jpeg,,3,O,"1. page_102_img_0_0.jpeg | score=1.134 | stage=0.910 | page=1.00; keyword=part,매뉴얼,전원,설치; section=티치,펜던트,시스템
2. page_104_img_0_0.jpeg | score=0.994 | stage=0.670 | page=1.00; keyword=part; section=시스템,구성,설명
3. page_103_img_0_0.jpeg | score=0.969 | stage=0.910 | page=1.00; keyword=part,매뉴얼,전원,설치; section=티치,펜던트,시스템
4. page_95_img_0_0.jpeg | score=0.960 | stage=0.535 | page=0.45; keyword=연결,전원,no,티치펜던트; section=티치,펜던트
5. page_96_img_0_0.jpeg | score=0.958 | stage=0.511 | page=0.70; keyword=티치펜던트,티치; section=티치,펜던트
6. page_163_img_0_0.jpeg | score=0.881 | stage=0.346 | keyword=전원,led,로봇의,티치; section=티치,펜던트,시스템
7. page_119_img_1_0.jpeg | score=0.880 | stage=0.293 | keyword=연결,매니퓰레이터; section=시스템,설명
8. page_163_img_1_0.jpeg | score=0.832 | stage=0.350 | keyword=전원,led,로봇의,티치; section=티치,펜던트,시스템
9. page_101_img_0_0.jpeg | score=0.774 | stage=0.910 | page=1.00; keyword=part,매뉴얼,전원,설치; section=티치,펜던트,시스템
10. page_94_img_0_0.jpeg | score=0.767 | stage=0.319 | keyword=전원,티치펜던트,티치; section=티치,펜던트,시스템"
Q32,기존,로봇이 프로그램 시작점으로 기본 복귀할 수 있도록 설정하는 위치의 명칭은 무엇입니까?,프로그램 실행/Home Position,개념 확인형,Home Position (홈 포지션),7,6,△,page,"1. 1.14.2 A0912, A0912S | pages [81] | no_match keyword=0.00 semantic_rank=- | stage= | 로봇 시작하기
2. 비상 정지 버튼 해제하기 | pages [90] | no_match keyword=0.00 semantic_rank=- | stage= | 로봇 시작하기
3. 컨트롤러에 케이블 연결하기 | pages [83, 84] | no_match keyword=0.00 semantic_rank=- | stage= | PART 2. 로봇 시작하기
4. 모듈 | pages [181] | no_match keyword=0.00 semantic_rank=- | stage= | Recovery Module: 안전 위반이 지속되는 오류가 발생하거나 운반 / 운송을 위해 로봇을 포장할 경우 안전복구 모드를 이용해 사용자가 지정한 위치와 각도로 로봇을 설정할 수 있습니다 . Recovery 모듈은 하단의 Recovery 버튼을 통해 들어갈 수 있습니다 . 소프트웨어 복구 : 로봇이 운전 영역을 벗어나
5. 배선 연결하기 | pages [95] | no_match keyword=0.00 semantic_rank=- | stage= | PART 2. 로봇 시작하기
6. 6.7.1 Robot Settings | pages [192, 193, 194, 195, 196, 197, 198, 199, 200, 201, 188, 189, 190, 191] | page | stage= | DART-Platform 매뉴얼 항목 설명 5 I/O 이름 최대 40 자로 이름 설정이 가능합니다 . Mount 로봇 설치 자세 (Mount) 메뉴에서 로봇 설치 자세를 설정할 수 있습니다 . 로봇이 평평한 바닥에 설치되는 경우에는 이 과정을 건너뛸 수 있습니다 . 로봇 설치 자세는 Robot Parameters > Ro
7. 소프트웨어 복구 모드 사용하기 | pages [184, 183] | no_match keyword=0.00 semantic_rank=- | stage= | PART 6. DART-Platform 매뉴얼 항목 설명 8 Joint/Task 원하는 값을 입력하여 로봇을 움직일 수 있습니다 . 소프트웨어 복구 모드를 사용하려면 : 1. 주 메뉴 창에서 Recovery 메뉴를 탭 하십시오 . Recovery 창에서 소프트웨어 복구 화면이 자동으로 활성화됩니다 . 소프트웨어 복구 화면
8. 패키징 자세 해제하기 | pages [91] | keyword:home,position; semantic_rank:2 | stage= | PART 2. 로봇 시작하기 패키징 자세를 설정하는 방법은 다음과 같습니다 . 헤더 창에서 Recovery 메뉴를 탭 하십시오 . 패키징 모드 탭을 선택하십시오 . Servo On to Start Recovery 버튼을 탭 해 패키징 모드를 활성화하십시오 . 설정된 패키징 포즈로 로봇이 자동으로 이동합니다 . Pack 버
9. 설정하기 | pages [158, 159] | no_match keyword=0.00 semantic_rank=- | stage= | 두산로보틱스의 ModbusTCP Slave 기능은 로봇 파라미터 모니터링 , General Purpose Register(GPR) ( General Purpose Register(GPR) 사용하기 (p. 158) 참고 ) 기능을 지원합니다 . 해당 기능은 로봇 제어기가 정상 부팅시 자동으로 시작하는 기능입니다 . 따라서 
10. 기능 | pages [323, 324, 325] | no_match keyword=0.00 semantic_rank=- | stage= | DART-Platform 매뉴얼 알아두기 작업자 개입 기능을 사용하기 위해서는 아래 설정 중 하나를 완료 하여야 합니다 . Robot Parameters module - Normal I/O - Input - Request Intervention (F) PART 6. DART-Platform 매뉴얼 Classic Weldi",page_192_img_0_0.jpeg,6,1,O,"1. page_192_img_0_0.jpeg | score=0.916 | stage=0.698 | page=1.00; keyword=robot,설명; section=robot,settings
2. page_181_img_0_0.jpeg | score=0.830 | stage=0.319 | keyword=설정할
3. page_196_img_0_0.jpeg | score=0.818 | stage=0.698 | page=1.00; keyword=robot,설명; section=robot,settings
4. page_84_img_0_0.jpeg | score=0.800 | stage=0.311 | keyword=part
5. page_323_img_0_0.jpeg | score=0.793 | stage=0.231 | keyword=part
6. page_195_img_2_0.jpeg | score=0.772 | stage=0.698 | page=1.00; keyword=mount,robot; section=robot,settings
7. page_325_img_0_0.jpeg | score=0.734 | stage=0.231 | keyword=part
8. page_323_img_1_0.jpeg | score=0.731 | stage=0.232 | keyword=로봇이
9. page_191_img_0_0.jpeg | score=0.721 | stage=0.698 | page=1.00; keyword=robot,설명; section=robot,settings
10. page_189_img_0_0.jpeg | score=0.717 | stage=0.698 | page=1.00; keyword=robot,설명; section=robot,settings"
Q33,기존,사용자 계정 관리에서 관리자(Supervisor) 권한으로 접근할 때 입력해야 하는 초기 비밀번호는 무엇입니까?,사용자 관리/권한,계정 정보형,admin,1,1,O,keyword:admin,"1. 설정 및 변경 | pages [353] | keyword:admin | stage= | DART-Platform 매뉴얼 Supervisor Password 변경하기 작업자 권한에서 관리자 권한으로 변경 시 사용되는 관리자 비밀번호를 관리할 수 있습니다 . 초기 관리자 비밀번호는 admin 입니다 .
2. 설정 및 변경 | pages [352, 353, 354] | keyword:admin | stage= | DART-Platform 매뉴얼 이 경우에는 설정 (Setting) 모듈 > 안전 암호 (Safety Password) 에서 비밀번호를 입력하십시오 . 비밀번호를 설정하 지 않은 경우에는 비밀번호 입력 요청 시 다음을 입력하십시오 . admin 암호 잠금 (Password Lock) 토글 스위치를 터치하여 Password
3. 설정 및 변경 | pages [352, 353, 351] | page | stage= | 암호잠금 설정 및 해제하기 로봇을 설치한 후 초기에 여러 설정을 변경하는 경우 매 설정 마다 암호 (Password) 입력을 요청 받아서 설정이 번거 로울 수 있습니다 .
4. 명령어 예제 따라하기 | pages [289, 293, 294, 295, 296, 285, 287] | keyword:admin | stage= | PART 6. DART-Platform 매뉴얼 4. Safety Settings 의 Robot Limits 를 선택하십시오 . 파라미터 편집 가능 상태를 활성화 하십시오 . 비밀번호 입력창이 나올 시에 Safety Password 를 입력하십시오 . (default safety password: admin) 7. 확인 (
5. (Safety I/O) | pages [34, 35, 36] | no_match keyword=0.00 semantic_rank=- | stage= | 안전 매뉴얼 TBCI - Protective Stop - STO (L) TBCI - Protective Stop - SS1 (L) TBCI - Protective Stop - SS2 (L) TBCI - Protective Stop (L) - Auto Reset & Resume (R) 보호정지 관련신호가 중단이 가능한 상태
6. 6.9.11 Signal Commands | pages [330, 331] | no_match keyword=0.00 semantic_rank=- | stage= | 디바이스 모듈 설정하기 TCPServer 모듈 설정 설치된 TCPServer 모듈을 실행합니다 . 서버 포트 번호를 임의로 입력합니다 . ( 예 : 9999) 연결 버튼을 눌러 연결이 잘되는지 확인합니다 . 연결을 끊지 않고 유지합니다 . TCPClient 모듈 설정 설치된 TCPClient 모듈을 실행합니다 . 서버 I
7. 알아보기 | pages [169] | no_match keyword=0.00 semantic_rank=- | stage= | DART-Platform 매뉴얼 항목 설명 8 메뉴 버튼 메뉴 버튼을 클릭하면 아래와 같은 메뉴들이 표시됩니다 . 작업자 : 작업자 권한으로 변경합니다 . 관리자 : 관리자 권한으로 변경합니다 . 관리자 권한으로 변경 시 관리자 비밀번호를 입력해야 합니다 . 무동력 동작 모드 : Backdrive 모듈을 실행 합니다 . 
8. ................................................ 162 | pages [5, 6, 7] | no_match keyword=0.00 semantic_rank=- | stage= | 6.1 시스템 전원 온 / 오프 ............................................................................. 162 6.1.1 티치 펜던트를 사용할 경우 ...........................................................
9. 설정하기 | pages [158, 159] | no_match keyword=0.00 semantic_rank=- | stage= | 두산로보틱스의 ModbusTCP Slave 기능은 로봇 파라미터 모니터링 , General Purpose Register(GPR) ( General Purpose Register(GPR) 사용하기 (p. 158) 참고 ) 기능을 지원합니다 . 해당 기능은 로봇 제어기가 정상 부팅시 자동으로 시작하는 기능입니다 . 따라서 
10. 6.7.2 Tool Settings | pages [203, 206, 207, 208, 209] | no_match keyword=0.00 semantic_rank=- | stage= | R) 메뉴 구성 항목 설명 1 Lock 토글 버튼 설정된 값이 잠금됩니다 . 값을 수정하기 위해서는 Safety Password 의 입력이 필요합니다 .",page_352_img_3_0.jpeg,2,2,O,"1. page_353_img_1_0.jpeg | score=1.216 | stage=0.906 | page=1.00; keyword=platform,dart,password,매뉴얼; section=관리,권한,변경
2. page_352_img_3_0.jpeg | score=1.104 | stage=0.734 | page=1.00; keyword=password,암호,하는,초기; section=변경
3. page_353_img_0_0.png | score=0.939 | stage=0.906 | page=1.00; keyword=platform,dart,password,매뉴얼; section=관리,권한,변경
4. page_352_img_1_0.png | score=0.852 | stage=0.734 | page=1.00; keyword=platform,dart,part,매뉴얼; section=변경
5. page_169_img_2_0.jpeg | score=0.802 | stage=0.332 | keyword=실행
6. page_330_img_0_0.jpeg | score=0.746 | stage=0.236 | keyword=하는
7. page_147_img_0_0.jpeg | score=0.707 | stage=0.293 | keyword=safety
8. page_312_img_0_0.jpeg | score=0.622 | stage=0.211 | 
9. page_294_img_0_0.jpeg | score=0.616 | stage=0.284 | keyword=platform,dart,매뉴얼
10. page_294_img_1_0.jpeg | score=0.595 | stage=0.213 | "
Q34,기존,로봇을 운반이나 포장하기 위해 안전 복구 모드에서 사용할 수 있는 전용 기능의 이름은 무엇입니까?,안전 복구/패키징,기능 확인형,패키징 모드,1,1,O,"keyword:패키징,모드; semantic_rank:5","1. 모듈 | pages [181] | keyword:패키징,모드; semantic_rank:5 | stage= | Recovery Module: 안전 위반이 지속되는 오류가 발생하거나 운반 / 운송을 위해 로봇을 포장할 경우 안전복구 모드를 이용해 사용자가 지정한 위치와 각도로 로봇을 설정할 수 있습니다 . Recovery 모듈은 하단의 Recovery 버튼을 통해 들어갈 수 있습니다 . 소프트웨어 복구 : 로봇이 운전 영역을 벗어나
2. 언팩 사용하기 | pages [184, 185, 186] | keyword:패키징,모드; semantic_rank:4 | stage= | 메뉴 구성 항목 설명 1 모델 이름 연결된 로봇 모델의 이름이 나타납니다 . 2 Pack/Unpack Pack 과 Unpack 중 하나를 선택할 수 있습니다 . 3 Packaging Pose/Joint Limit 자세 및 조인트 제한치 값이 나타납니다 . 4 Speed Ratio 팩 혹은 언팩 모드의 속력을 슬라이더 혹은
3. 기타 안전 대책 | pages [42] | keyword:모드 | stage= | 사용자 안전 및 로봇의 안전복구를 위해 안전복구 모드 , 무동력동작 기능을 제공합니다 . 안전복구 모드 : 안전 위반이 지속되는 오류가 발생하거나 로봇을 패키지 할 경우 안전복구 모드에서 사용자가 지정 한 위치와 각도로 로봇을 설정할 수 있습니다 . 안전복구 모드에 대한 자세한 내용은 Recovery 모듈 (p. 180)
4. 위험성 평가 | pages [15] | no_match keyword=0.00 semantic_rank=- | stage= | 안전 매뉴얼 일부 안전 관련 기능은 협동 로봇 애플리케이션 전용으로 설계된 것입니다 . 이 기능은 안전 구성 설정을 통해 구성이 가능하고 통합자가 수행한 위험성평가의 구체적 위험에 대처하는 데에 특히 적합합니다 . 협동 로봇의 안전 관련 기능은 안전구성 설정 메뉴에서 구성이 가능하며 , 다음 기능을 제공합니다 . 포스 및
5. 소프트웨어 복구 모드 사용하기 | pages [184, 183] | page; keyword:모드 | stage= | PART 6. DART-Platform 매뉴얼 항목 설명 8 Joint/Task 원하는 값을 입력하여 로봇을 움직일 수 있습니다 . 소프트웨어 복구 모드를 사용하려면 : 1. 주 메뉴 창에서 Recovery 메뉴를 탭 하십시오 . Recovery 창에서 소프트웨어 복구 화면이 자동으로 활성화됩니다 . 소프트웨어 복구 화면
6. 로봇의 모드 | pages [16] | keyword:모드 | stage= | 안전 매뉴얼 수동 모드에서는 Robot Parameter 로 로봇의 주변 장치에 대한 설정하거나 Task Editor 를 통해 로봇의 태스크 프로 그래밍을 할 수 있으며 , 로봇이 안전 제한치 초과 등의 이유로 정상 조작이 불가능할 때 정상 상태로 움직이기 위한 복 구 기능을 사용할 수 있습니다 . 자동 모드 (Autom
7. 안전정격 정지기능 | pages [24, 25, 23] | keyword:모드 | stage= | 안전 기능 안전기능 동작조건 Triggering Event 의도된 동작 Intended Result PFHd PL, SIL 1 Emergency Stop TBSFT 의 EM 단자에 연결된 비상 정지 스위치가 눌린 경 우 티치 펜던트의 비상 정지 스 위치가 눌린 경우 설정된 안전 정지모드에 따 라 비상정지합니다 . STO 
8. 색상 | pages [17, 18, 19, 20] | keyword:모드 | stage= | 안전 매뉴얼 모드 상태 설명 플랜지 and/or 베이스 LED Recovery Jogging 축별 조그를 이용해 안전 제한치 초과 상태에서 벗어날 수 있 습니다 . 노란색 깜박임 Recovery Handguiding 매니퓰레이터를 손으로 직접 움직여서 안전 제한치 초과 상태 를 벗어 날 수 있습니다 . 노락색 깜박임 In
9. 안전검사 고시 | pages [46, 47] | no_match keyword=0.00 semantic_rank=- | stage= | 비상정지회로의 성능은 제 4 호 안전관련 제어시스템 성능요건을 만 족할 것 나 . 보호정지 기능 1. 로봇 시스템은 외부 보호장치와 연결하기 위한 하나 이상의 보호정 지회로를 구비하고 있을 것 2. 보호정지회로는 작동 시 로봇 동작 정지 , 액츄에이터 동력 제거 및 로 봇에 의해 제어되는 모든 위험원에 대한 제어가 가능할
10. 패키징 자세 해제하기 | pages [91] | keyword:패키징,모드; semantic_rank:1 | stage= | PART 2. 로봇 시작하기 패키징 자세를 설정하는 방법은 다음과 같습니다 . 헤더 창에서 Recovery 메뉴를 탭 하십시오 . 패키징 모드 탭을 선택하십시오 . Servo On to Start Recovery 버튼을 탭 해 패키징 모드를 활성화하십시오 . 설정된 패키징 포즈로 로봇이 자동으로 이동합니다 . Pack 버",page_184_img_0_0.jpeg,2,2,O,"1. page_181_img_0_0.jpeg | score=1.138 | stage=0.824 | page=1.00; keyword=복구,recovery,모드,로봇을; section=복구,안전,모듈
2. page_184_img_0_0.jpeg | score=1.081 | stage=0.910 | page=1.00; keyword=복구,소프트웨어,모드,part; section=복구,사용하기,소프트웨어
3. page_178_img_0_0.jpeg | score=0.961 | stage=0.752 | page=1.00; keyword=recovery,모드,조인트,로봇을; section=모듈,모드
4. page_182_img_0_0.jpeg | score=0.827 | stage=0.790 | page=1.00; keyword=복구,recovery,소프트웨어,모드; section=복구,사용하기,소프트웨어
5. page_48_img_0_0.jpeg | score=0.784 | stage=0.346 | keyword=모드,안전,모드에서; section=안전,모드
6. page_179_img_1_0.jpeg | score=0.729 | stage=0.752 | page=1.00; keyword=recovery,모드,조인트,로봇을; section=모듈,모드
7. page_49_img_0_0.jpeg | score=0.656 | stage=0.254 | keyword=part,매뉴얼,안전; section=안전
8. page_92_img_1_0.jpeg | score=0.581 | stage=0.341 | keyword=part
9. page_242_img_0_0.jpeg | score=0.560 | stage=0.231 | 
10. page_24_img_0_0.jpeg | score=0.531 | stage=0.053 | keyword=안전; section=안전"
Q35,기존,Configurable 디지털 I/O 전원을 내부 전원과 분리하기 위해 TBPWR 단자블록에서 제거해야 하는 점퍼선 결선은 무엇입니까?,제어기 I/O 배선,배선 확인형,VCC-VIO 및 GND-GIO,1,1,O,"keyword:vcc,vio,gnd,gio; semantic_rank:1","1. 구성하기 | pages [144, 145] | keyword:vcc,vio,gnd,gio; semantic_rank:1 | stage= | VIO 와 GIO 는 컨트롤러 전면에 위치한 Safety Controller 의 디지털 I/O 에 사용되는 전원으로 , 컨트롤러 내부의 SMPS 에서 공급하는 VCC24V 와 GND 와 분리되어 있습니다 . 만약 , 사용자가 Configurable 디지털 I/O 용으로 2A 이하의 전류 를 사용하고 , IO 연결기기와 컨
2. 구성하기 | pages [139, 140, 141, 142, 143, 144] | page; keyword:vcc,vio,gnd,gio; semantic_rank:5 | stage= | 컨트롤러에는 디지털 입력 16 개 , 디지털 출력 16 개의 디지털 I/O 가 구성되어 있습니다 . 아래 그림과 같은 디지털 I/O 는 로봇 제어에 필요한 주변기기와 연결하여 사용하거나 이중화된 Safety IO 로 설정하여 안전신호 입출력 용도로 사 용할 수 있습니다 . Configurable 디지털 I/O 의 전기적 
3. 연결 | pages [133, 134] | no_match keyword=0.00 semantic_rank=- | stage= | 컨트롤러 I/O 단자를 이용하여 매니퓰레이터와 티치펜던트 이외에 외부 장비를 컨트롤러와 연결하여 사용할 수 있습 니다 . 비상정지 스위치 , 라이트 커튼 , 안전 매트와 같은 안전기기와 더불어 공압용 솔밸브 , 릴레이 , PLC, 컨베이어 벨 트 엔코더 등 로봇 작업 셀을 구성할 때 필요한 다양한 주변기기를 연결할 수 있
4. 구성하기 | pages [136] | semantic_rank:7 | stage= | 인터페이스 전압 / 전류 출력 TBAIO 단자블록의 AOx 단자와 GND 단자 사이에서 외부기기로 전압 또는 전류 신호를 출력합니다 . 상대기기의 입력 이 전압인 경우 , 0 ~10Vdc 신호를 출력합니다 . 상대기기의 입력이 전류인 경우 4~20mA 신호를 출력할 수 있습니다 . 상대 기기의 입력신호 ( 전압 / 전류 
5. 구성하기 | pages [141] | keyword:vcc,vio,gnd,gio; semantic_rank:3 | stage= | 인터페이스 단순부하를 구동하는 경우 TBCO1~ TBCO4 단자블록의 Oxx 단자와 GIO 단자 사이에 부하를 연결하는 방식입니다 . 각각의 단자는 최대 1A 까지 출력이 가능하지만 , 전체 구동가능한 총 전류량은 발열량과 부하에 따라 제한될 수 있습니다 . 공장출고 세팅대로 내부의 전원을 통해 디지털 I/O 의 전원 (
6. 구성하기 | pages [142, 143] | page; semantic_rank:2 | stage= | 인터페이스 Negative common & Sink type 입력기기와 연결하는 경우 디지털 IO 의 출력을 Sink type 의 입력기기와 연결하는 경우 , TBCO1 ~ TBCO4 단자블록의 Oxx 단자를 외부기기의 입 력단자에 연결하고 , GIO 를 외부기기의 Negative common 에 연결하여 공통 groun
7. 구성하기 | pages [145, 146, 147] | no_match keyword=0.00 semantic_rank=- | stage= | 컨트롤러의 안전 입출력 (Safety I/O) 은 안전장치 연결을 위한 이중화된 전용 접점입력단자로 구성되어 있습니다 . 이 단자는 용도에 따라 두 영역으로 나누어져 있습니다 . 하부 2 쌍의 External Emergency Contact In: 외부 비상 스위치 등 비상정지에 필요한 장치 연결 상부 2 쌍의 Prote
8. 테스트하기 | pages [96, 95] | no_match keyword=0.00 semantic_rank=- | stage= | MANDATORY NORMAL 10 MIN 티치펜던트에서는 플랜지 I/O 에 연결된 툴의 동작을 테스트할 수 있는 기능을 제공하고 있습니다 . 전원을 차단했을 때 툴에서 작업물이 낙하하는 등의 위험 상황이 발생하지 않도록 툴과 그리퍼를 구성 하십시오 . A 시리즈의 경우 로봇이 서보 오프될 때 Flange I/O 의 24
9. (CS-12P) | pages [397, 398, 399, 400, 401, 402, 403, 404] | no_match keyword=0.00 semantic_rank=- | stage= | 제품 소개 (CS-12P) 각 부 명칭과 기능 번호 항목 설명 1 I/O 연결 단자 ( 내부 ) 다른 로봇의 컨트롤러나 주변 기기와 연결할 수 있 습니다 . 2 전원 스위치 컨트롤러의 주 전원을 켜거나 끌 수 있습니다 . 3 티치펜던트 케이블 연결 단자 티치펜던트의 케이블을 컨트롤러와 연결합니다 . 4 로봇 케이블 연결 
10. 구성하기 | pages [136, 137, 134, 135] | no_match keyword=0.25 semantic_rank=- | stage= | 컨트롤러는 전압모드 또는 전류모드로 설정할 수 있는 아날로그 I/O 2 단자를 제공합니다 . 아날로그 I/O 로 구동되는 외부기기를 이용하여 전압 / 전류를 출력하거나 , 아날로그 전압 / 전류를 출력하는 센서로부터 신호를 입력 받을 수 있 습니다 . 아날로그 입력 정확도를 최대한 확보하기 위해 다음 사항을 준수하십시오 ",page_144_img_1_0.jpeg,2,2,O,"1. page_144_img_0_0.jpeg | score=1.118 | stage=0.756 | page=1.00; keyword=gnd,디지털,24v; section=구성하기
2. page_144_img_1_0.jpeg | score=1.102 | stage=0.756 | page=1.00; keyword=gnd,디지털,24v; section=구성하기
3. page_139_img_0_0.jpeg | score=1.064 | stage=0.689 | page=1.00; keyword=디지털; section=구성하기
4. page_141_img_1_0.jpeg | score=1.042 | stage=0.655 | page=1.00; section=구성하기
5. page_136_img_1_0.jpeg | score=1.040 | stage=0.857 | page=1.00; keyword=gnd,전압,전류,aox; section=구성하기
6. page_133_img_0_0.jpeg | score=1.032 | stage=0.580 | page=1.00
7. page_142_img_1_0.jpeg | score=1.032 | stage=0.689 | page=1.00; keyword=디지털; section=구성하기
8. page_145_img_0_0.jpeg | score=1.021 | stage=0.689 | page=1.00; keyword=입출력; section=구성하기
9. page_142_img_0_0.jpeg | score=1.019 | stage=0.689 | page=1.00; keyword=디지털; section=구성하기
10. page_136_img_0_0.png | score=1.012 | stage=0.756 | page=1.00; keyword=전압,전류,아날로그; section=구성하기"
Q36,기존,공간 제한 구역을 '기울어진 직육면체(3포인트 & 높이)'로 설정할 때 3D 시뮬레이션 화면에서 지정해야 하는 3개의 점은 무엇입니까?,안전 설정/공간 제한 구역,설정 절차형,"기준점, x축 위의 점, xy평면 위의 점",1,1,O,"keyword:기준점,위의; semantic_rank:1","1. 6.7.3 Safety Settings | pages [240, 238] | keyword:기준점,위의; semantic_rank:1 | stage= | DART-Platform 매뉴얼 항목 설명 기울어진 직육면체 공간 제한 (Space Limit) / 구역 (Zone) 의 형태를 기울어진 직육면체로 구성합니다 . 4 포인트 입력 방식 기울어진 직육면체의 기준점 ( 포인트 1 ), x 축 끝점 ( 포인트 2 ), y 축 끝점 ( 포인트 3 ), z 축 끝점 ( 포인트 4 
2. 6.7.3 Safety Settings | pages [240, 237, 238, 239] | page | stage= | 안전 매뉴얼 (p. 8) 에서 다음의 내용을 참고하십 시오 . 공간 제한 (Space Limit) (p. 38) 구역 (Zone) (p. 37) 공간 제한과 구역의 형태 알아보기 공간 제한 (Space Limit) / 구역 (Zone) 의 형태에 대한 설정 방법은 다음과 같습니다 . 항목 설명 직육면체 공간 제한 (Spa
3. 6.7.3 Safety Settings | pages [240, 241, 242, 243, 244] | no_match keyword=0.00 semantic_rank=- | stage= | DART-Platform 매뉴얼 공간 제한과 구역의 설정 공통 사항 유효 면적 (Effective Area) 은 내부 / 외부 중 하나를 선택할 수 있습니다 . 모양 유형 (Shape Type) 은 구 , 원기둥 , 직육면체 , 기울어진 직육면체 , 다면상자 중 하나를 선택할 수 있으며 자세한 내용은 공간 제한과 구역의 
4. 6.7.3 Safety Settings | pages [240, 239] | no_match keyword=0.00 semantic_rank=18 | stage= | DART-Platform 매뉴얼 항목 설명 원기둥 공간 제한 (Space Limit) / 구역 (Zone) 의 형태를 원기둥으로 구성합니다 . 원기둥의 반지름 거리의 점 , 윗면의 한 점 , 밑면의 한 점을 입력한 후 , 포즈 저장 버튼을 탭 하십시오 . 다면 상자 공간 제한 (Space Limit) / 구역 (Zone)
5. 6.7.3 Safety Settings | pages [236, 237, 238, 239, 240, 241] | page; semantic_rank:5 | stage= | 3 Coordinates Base 와 World 중 좌표계를 설정할 수 있습니다 . 4 Upper 상단 값을 입력할 수 있습니다 . 5 Lower 하단 값을 입력할 수 있습니다 . 6 Plane Start X, Y 면의 시작 점 값을 입력할 수 있습니다 . 7 Pane End X,Y 면의 끝 점 값을 입력할 수 있습니다 
6. (Space Limit) | pages [39] | no_match keyword=0.00 semantic_rank=- | stage= | 로봇 제한치 (Robot Limits) (p. 210) 의 로봇의 조인트 각도 제한치 외에 , 직교 좌표상에서 로봇이 작동 공간을 제한할 수 있습니다 . 로봇 또는 TCP 가 자동운전 또는 수동모드에서 공간제한을 위반하면 안전 정지 모드 (Safety Stop Mode) 설정에 따라 정지합니다 . 핸드가이딩으로 직접교시 
7. 6.7.3 Safety Settings | pages [230, 231, 232, 234, 238] | no_match keyword=0.00 semantic_rank=20 | stage= | 3 Coordinates Base 와 World 중 좌표계를 설정할 수 있습니다 . 4 Point 1 Point 1 의 값을 입력합니다 . 5 Point 2 Point 2 의 값을 입력합니다 . 6 Space Expansion 공간 확장을 설정할 수 있습니다 . PART 6. DART-Platform 매뉴얼 항목 설명 7
8. 6.7.3 Safety Settings | pages [232, 234] | no_match keyword=0.00 semantic_rank=- | stage= | 3 Coordinates Base 와 World 중 좌표계를 설정할 수 있습니다 . 4 Point 1 Point 1 의 값을 입력합니다 . 5 Point 2 Point 2 의 값을 입력합니다 . 6 Point 3 Point 3 의 값을 입력합니다 . 7 Point 4 Point 4 의 값을 입력합니다 . 8 Space E
9. 6.7.3 Safety Settings | pages [234, 238] | no_match keyword=0.00 semantic_rank=- | stage= | 3 Coordinates Base 와 World 중 좌표계를 설정할 수 있습니다 . 4 Point 1 Point 1 의 값을 입력합니다 . 5 Point 2 Point 2 의 값을 입력합니다 . 6 Point 3 Point 3 의 값을 입력합니다 . 7 크기 설정 Length, Width, Height 값을 입력합니다 .
10. 화면 | pages [376, 377, 378, 379, 380] | no_match keyword=0.00 semantic_rank=- | stage= | 메뉴 구성 항목 설명 1 패널 타입 선택 동작 버튼의 위치를 선택 할 수 있습니다 . 2 3D simulation 3D 뷰어에서 로봇의 모습을 보여줍니다 . 3 Simulator Alignment 시뮬레이터의 정렬 방법 항목입니다 . 4 Use Increment 각도 혹은 위치 increment 의 활성화 버튼입니다 . ",page_237_img_0_0.jpeg,10,8,△,"1. page_236_img_0_0.jpeg | score=0.994 | stage=0.664 | page=1.00; keyword=safety; section=safety,settings
2. page_232_img_0_0.jpeg | score=0.949 | stage=0.698 | page=1.00; keyword=safety,설정할; section=safety,settings
3. page_243_img_0_0.jpeg | score=0.936 | stage=0.664 | page=1.00; keyword=safety; section=safety,settings
4. page_242_img_0_0.jpeg | score=0.919 | stage=0.664 | page=1.00; keyword=safety; section=safety,settings
5. page_230_img_1_0.jpeg | score=0.898 | stage=0.664 | page=1.00; keyword=safety; section=safety,settings
6. page_244_img_0_0.jpeg | score=0.891 | stage=0.664 | page=1.00; keyword=safety; section=safety,settings
7. page_240_img_0_0.jpeg | score=0.864 | stage=0.664 | page=1.00; keyword=safety; section=safety,settings
8. page_237_img_0_0.jpeg | score=0.837 | stage=0.664 | page=1.00; keyword=safety; section=safety,settings
9. page_238_img_1_0.jpeg | score=0.835 | stage=0.664 | page=1.00; keyword=safety; section=safety,settings
10. page_376_img_0_0.jpeg | score=0.830 | stage=0.328 | "
Q37,기존,힘 제어 모드에서 외력 센서값 오차를 초기화하기 위해 Custom Code에 입력해야 하는 DRL 명령어는 무엇입니까?,힘 제어/Custom Code,명령어 확인형,set_external_force_reset(),1,1,O,"page; keyword:set,external,force,reset; semantic_rank:1","1. 명령어 예제 따라하기 | pages [308, 309, 310, 311] | page; keyword:set,external,force,reset; semantic_rank:1 | stage= | 이를 개선하기 위한 방법을 추가로 설명 드립니다 . 종료 버튼을 눌러 Task 를 종료합니다 . Task 수정을 위해 로봇의 동작 Mode 를 Manual 로 변경하십시오 . 명령어 (Command) 탭을 선택하십시오 . PART 6. DART-Platform 매뉴얼 28. 태스크 리스트의 4 번 줄에 Wait 명령어를 
2. 힘 제어 개념 알아보기 | pages [280, 281, 282] | no_match keyword=0.25 semantic_rank=- | stage= | DART-Platform 매뉴얼 힘 (Force) 제어 힘 제어 (Force Control) 란 설정한 힘과 반력이 평형 상태가 될 때까지 힘 제어 방향 힘을 가하는 기능입니다 . 설정한 힘 방향으로 이동하고 물체에 접촉 시 입력한 힘 (N) 을 유지 일정한 힘을 가하면서 힘 방향과 다른 방향으로 모션 제어 가능 최소 설
3. 명령어 예제 따라하기 | pages [299, 300, 301, 302, 303, 304, 305, 306, 307, 308, 309, 310, 311, 312] | page | stage= | 주의 예제를 시작하기 전에 반드시 주의사항 (p. 10) 을 확인하십시오 . 자세한 내용은 PART 1. 안전 매뉴얼 (p. 8) 을 참조 하십시오 . 알아두기 이 예제는 순응 (Compliance) 명령어 예제 따라하기 (p. 282) 에서 작성된 태스크 파일이 요구됩니다 . PART 6. DART-Platform 매뉴
4. 힘 제어 개념 알아보기 | pages [276, 277, 278, 279, 280, 281, 282] | keyword:set,force | stage= | 힘 제어 (Force Control) 와 순응 제어 (Compliance Control) 는 로봇의 힘을 제어하는 기능입니다 . 또한 모션 명령어를 추가하는 경우 모션 이동과 동시에 힘을 제어할 수 있습니다 . 순응 제어와 힘 제어 방식은 아래와 같은 차이점이 있습 니다 . 순응 제어 순응 제어 시에는 로봇 끝단 TCP 
5. 힘 제어 개념 알아보기 | pages [281] | keyword:set,force; semantic_rank:3 | stage= | 이 모드가 활성화되면 현재 로봇에 작용하고 있는 외력 값을 0 으로 보정하여 힘 제어 정확성을 향상 시킵니다 . 상대 모드 비활성화 시 타겟에 실제 작용 힘은 설정한 힘과 외력의 합과 같습니다 . 상대 모드 활성화 시 타겟에 실제 작용 힘은 설정한 힘과 같습니다 . 힘 제어 상태에서 자세나 외력에 따라 오차가 발생할 수 
6. 힘 제어 개념 알아보기 | pages [276, 277, 278, 279, 280, 281, 282] | semantic_rank:11 | stage= | DART-Platform 매뉴얼 F( 외력 ) , K( 강성 ), X( 이동 거리 ) 일 때 , 다음과 같은 공식이 성립합니다 . F = K * X K = F / X X = F / K 위 공식을 사용하면 순응 제어의 강성 (Stiffness) 을 1000N/m 로 설정하고 로봇을 1mm 움직일 때 발생하는 외력은 1N 이
7. 명령어 예제 따라하기 | pages [290, 292] | no_match keyword=0.00 semantic_rank=- | stage= | PART 6. DART-Platform 매뉴얼 20. 4 번 줄의 Compliance 명령어를 선택하십시오 . 속성 (Property) 에서 Mode 를 다음과 같이 설정합니다 . Mode On 은 순응 제어를 활성화 합니다 . Mode : On 22. 강성 (Stiffness) 를 다음과 같이 설정합니다 . X, Y 방
8. 설정하기 | pages [158, 159] | no_match keyword=0.00 semantic_rank=- | stage= | 두산로보틱스의 ModbusTCP Slave 기능은 로봇 파라미터 모니터링 , General Purpose Register(GPR) ( General Purpose Register(GPR) 사용하기 (p. 158) 참고 ) 기능을 지원합니다 . 해당 기능은 로봇 제어기가 정상 부팅시 자동으로 시작하는 기능입니다 . 따라서 
9. 명령어 예제 따라하기 | pages [299, 306, 307, 308, 309, 310] | page | stage= | 태스크 리스트에서 7 번 줄의 Force 명령어를 선택하십시오 . 모드 (Mode) 를 다음과 같이 설정합니다 . Mode Off 는 힘 제어를 비활성화 합니다 . Mode : Off 22. 로봇의 동작 Mode 를 Auto 로 변경하십시오 . 그러면 속성 탭은 자동으로 Monitoring 탭으로 전환됩니다 . PART 
10. 로봇 시리즈 별 힘 모니터링 기능 제한 | pages [172, 173] | no_match keyword=0.25 semantic_rank=- | stage= | 티치 펜던트와 DART-Studio 에서 힘 데이터를 모니티링할 수 있습니다 . 또한 , DRL 명령어 (check_force_condition()) 를 사용하여 외부에서도 힘 데이터를 모니터링할 수 있습니다 . 팔레타이징 (Palletizing) 모드가 ‘ON’ 인 경우 : H, P 시리즈를 제외한 모든 시리즈에서 제어",page_310_img_1_0.jpeg,,9,△,"1. page_309_img_1_0.jpeg | score=1.113 | stage=0.790 | page=1.00; keyword=mode,로봇의,변경하십시오,동작; section=명령어,예제,따라하기
2. page_308_img_1_0.jpeg | score=1.099 | stage=0.790 | page=1.00; keyword=part,매뉴얼,dart,platform; section=명령어,예제,따라하기
3. page_299_img_0_0.jpeg | score=1.028 | stage=0.790 | page=1.00; keyword=mode,로봇의,변경하십시오,동작; section=명령어,예제,따라하기
4. page_296_img_0_0.jpeg | score=0.938 | stage=0.756 | page=1.00; keyword=매뉴얼,dart,platform; section=명령어,예제,따라하기
5. page_281_img_1_0.jpeg | score=0.903 | stage=0.346 | keyword=force,로봇의,제어,하는; section=제어
6. page_280_img_0_0.jpeg | score=0.887 | stage=0.350 | keyword=매뉴얼,force,dart,platform; section=제어
7. page_277_img_0_0.jpeg | score=0.880 | stage=0.324 | keyword=part,제어; section=제어
8. page_311_img_0_0.jpeg | score=0.870 | stage=0.790 | page=1.00; keyword=part,매뉴얼,dart,platform; section=명령어,예제,따라하기
9. page_310_img_1_0.jpeg | score=0.866 | stage=0.790 | page=1.00; keyword=part,매뉴얼,dart,platform; section=명령어,예제,따라하기
10. page_309_img_0_0.jpeg | score=0.861 | stage=0.790 | page=1.00; keyword=part,매뉴얼,dart,platform; section=명령어,예제,따라하기"
Q38,기존,PROFINET 통신 구조에서 로봇 상태(Robot State) 정보를 전송하도록 할당된 Slot 번호는 몇 번입니까?,통신/PROFINET,통신 설정형,Slot#1,1,1,O,keyword:slot,"1. 확장 프로토콜 설정 및 사용 | pages [154, 155] | keyword:slot | stage= | ProfiNet Slot 기능 네트워크 최적화를 위해 관심있는 Slot 만 Transaction 을 하는 기능을 사용할 수 있습니다 . Slot#1: Robot State (T2O) Slot#2: Robot Error Code (T2O) Slot#3: Joint (T2O) Slot#4: Task (T2O) Slot#5: 
2. 안전정격 감시기능 | pages [26, 27] | no_match keyword=0.00 semantic_rank=- | stage= | 3 SIL 2 6 TCP/ 로봇 위 치 제한 TCP/Robot Position Limit TCP 또는 로봇 (Tool Shape 포함 ) 이 공간제한에 서 설정한 범위를 벗어나 거나 침범한 경우 설정된 안전 정지모드에 따라 보호정지합니다 . STO, SS1, or SS2 3.92E-7 /h PL d Cat. 3 SIL 2
3. 안전정격 입출력 | pages [27] | no_match keyword=0.00 semantic_rank=- | stage= | 두산로봇은 안전보호장치로부터 보호 장치 , 비상 정지 스위치 , 활성화 스위치 및 제어 장치 등을 연결할 수 있는 안전 정격 입력 인터페이스를 제공합니다 . 또한 로봇의 모드 및 상태 정보는 물론 TCP 가 다양한 유형의 안전 영역에 있는 지 여부를 출력할 수 있는 안전 정격 출력 인터페이스를 제공합니다 . 안전 기능 기
4. 명령어 예제 따라하기 | pages [291, 292, 293, 295, 298] | no_match keyword=0.00 semantic_rank=- | stage= | 5 번 줄의 Wait 명령어를 선택하십시오 . Wait Time 을 다음과 같이 설정합니다 . Wait Time : 100 sec PART 6. DART-Platform 매뉴얼 25. 6 번 줄의 Compliance 명령어를 선택하십시오 . 속성 (Property) 에서 Mode 를 다음과 같이 설정합니다 . Mode O
5. 색상 | pages [19] | no_match keyword=0.00 semantic_rank=- | stage= | 안전 매뉴얼 기타 상태 모드 상태 설명 플랜지 and/or 베이스 LED - Backdrive Hold 6 개 축의 브레이크가 모두 체결되어 , 무동력동작 잠김상태입 니다 . 노란색 깜박임 Backdrive Release 브레이크 해제를 선택하여 1 개 이상 조인트의 브레이크가 풀 린 상태입니다 . 브레이크를 다시 체결하
6. (Safety I/O) | pages [32, 33, 34, 35, 36, 31] | no_match keyword=0.00 semantic_rank=- | stage= | 이중화된 단자로 안전 관련 신호를 입출력하는 기능입니다 . 안전 입출력 신호 중 어느 하나라도 이중화된 신호가 다 른 것이 감지되면 단선이나 하드웨어 고장으로 판단하여 로봇을 STO 정지 모드로 정지시킵니다 . 안전 신호 입출력 (Safety I/O) 은 Robot Parameter> Safety Settings > Sa
7. 설정하기 | pages [357, 358, 359] | no_match keyword=0.00 semantic_rank=- | stage= | Robot 정보 설정하기 메뉴 구성 항목 설명 1 제어기 시리얼 번호 제어기 시리얼 번호가 보여집니다 . 2 제어기 시리얼 번호 복사 시리얼 번호를 복사할 수 있습니다 . 3 로봇 시리얼 번호 로봇 시리얼 번호가 보여집니다 . 4 로봇 모델 로봇 모델명이 나타납니다 . Robot 유휴 서보 오프 일정 시간 동안 로봇 유휴
8. 안전정격 감시기능 | pages [25, 26, 27] | no_match keyword=0.00 semantic_rank=- | stage= | 두산로봇은 위험성평가를 통한 위험 저감조치로 사용할 수 있는 안전정격 감시기능을 제공합니다 . 각 감시기능이 감 지하는 제한치는 티치펜던트 UI 의 Robot Parameter > Safety Settings > Robot Limits 에서 설정할 수 있습니다 . 안전 기능 안전기능 동작조건 Triggering Event
9. 알아보기 | pages [168, 169, 167] | no_match keyword=0.00 semantic_rank=- | stage= | 항목 설명 1 로봇 모드 스위치 Auto ↔ Manual 모드로 변경할 수 있습니다 . 2 로봇 상태 표시 링크 참고 PART 6. DART-Platform 매뉴얼 항목 설명 3 로봇 파라미터 파일 정보 현재 설정된 로봇 파라미터 파일의 이름이 표시됩니다 . 로봇 파라미터 파일의 설정값과 제어기에 설정된 정보가 일치하지 
10. 안전기능 | pages [21] | no_match keyword=0.00 semantic_rank=- | stage= | 사용자 / 시스템 통합자는 두산로봇이 제공하는 다양한 안전 정격 정지기능 , 감시기능 및 인터페이스 기능을 사용하 여 , 작업자와 기계를 보호하고 , 다른 기계 및 안전 방호장치를 연결할 수 있습니다 . 각 안전 정격 정지기능 , 감시기능 및 인터페이스 기능은 ISO 13849-1 에서 설명하는 Category 3, Pe",page_155_img_1_0.jpeg,2,2,O,"1. page_154_img_1_0.jpeg | score=1.124 | stage=0.767 | page=1.00; keyword=ip,ethernet,adapter; section=외부,장치,확장
2. page_155_img_1_0.jpeg | score=1.117 | stage=0.767 | page=1.00; keyword=ip,ethernet,adapter; section=외부,장치,확장
3. page_168_img_0_0.jpeg | score=0.777 | stage=0.284 | keyword=part,dart,platform,상태
4. page_357_img_0_0.jpeg | score=0.743 | stage=0.233 | keyword=robot
5. page_299_img_0_0.jpeg | score=0.698 | stage=0.234 | keyword=상태
6. page_139_img_0_0.jpeg | score=0.689 | stage=0.350 | 
7. page_292_img_0_0.jpeg | score=0.622 | stage=0.231 | keyword=dart,platform
8. page_298_img_2_0.jpeg | score=0.606 | stage=0.232 | keyword=part,dart,platform
9. page_386_img_1_0.jpeg | score=0.605 | stage=0.297 | keyword=part,dart,platform
10. page_220_img_0_0.jpeg | score=0.572 | stage=0.293 | "
Q39,추가,제품을 처음 개봉할 때 로봇과 컨트롤러는 몇 개의 상자에 나누어 배송됩니까?,설치/제품 개봉,절차 확인형,로봇 및 컨트롤러는 2개의 상자에 담겨 배송됨,1,1,O,"page; keyword:로봇,컨트롤러,상자에,상자,담겨; semantic_rank:1","1. 패킹 뜯기 | pages [83] | page; keyword:로봇,컨트롤러,상자에,상자,담겨; semantic_rank:1 | stage= | MANDATORY EASY 3 MIN 두산 로봇을 구입하시면 , 2 개의 상자에 로봇 및 컨트롤러가 담겨서 배송 됩니다 . 패킹을 뜯고 제품을 확인합니다 . 구 성품에 관한 자세한 정보는 구성품 확인 (p. 97) 을 참고하십시오 .
2. 패킹 뜯기 | pages [83] | page; keyword:로봇,컨트롤러,상자에,상자; semantic_rank:2 | stage= | 큰 상자에는 매니퓰레이터가 들어 있습니다 . 작은 상자에는 컨트롤러가 들어 있습니다 . 악세서리 상자에는 티치펜던트와 로봇 케이블류가 제공됩니다 .
3. 컨트롤러에 케이블 연결하기 | pages [83, 84] | page; semantic_rank:3 | stage= | PART 2. 로봇 시작하기
4. 1.14.2 A0912, A0912S | pages [81] | semantic_rank:11 | stage= | 로봇 시작하기
5. 배선 연결하기 | pages [95] | semantic_rank:4 | stage= | PART 2. 로봇 시작하기
6. 포장 박스 사양 | pages [161] | keyword:로봇,컨트롤러는,컨트롤러; semantic_rank:6 | stage= | 운송을 위한 포장 박스의 사양은 아래와 같습니다 . Model Length Width Height A0509(S) 755 mm 452 mm 545 mm A0912(S) 986 mm 452 mm 545 mm 주의 포장 자재로 로봇을 감싸 이송하는 경우에는 건조한 장소에 보관하십시오 . 습기가 많은 장소에 보관할 경우 포장 
7. 비상 정지 버튼 해제하기 | pages [90] | semantic_rank:12 | stage= | 로봇 시작하기
8. ...............................................................80 | pages [3, 4] | semantic_rank:7 | stage= | 2.1 사용자 여정 지도 (Journey map) .............................................................80 2.1.1 Step 1. 로봇 설치하기 ..................................................................
9. ..................................................................96 | pages [4] | semantic_rank:9 | stage= | 3.1 설치 시 주의 사항 ..................................................................................96 3.1.1 이동 및 설치를 위한 인양 지점 ........................................................
10. 로봇 설치하기 | pages [81, 82] | no_match keyword=0.22 semantic_rank=- | stage= | 분류 작업 필수 작업 난이도 작업 시간 ( 분 ) 1 로봇 설치 패킹 뜯기 EASY 3 2 컨트롤러에 케이블 연결하기 EASY 1 3 로봇 베이스 고정하기 EASY 3 4 로봇과 컨트롤러 연결하기 EASY 1 5 컨트롤러와 전원 연결하기 EASY 1 6 컨트롤러 배치하기 EASY 1 7 초기 구동 컨트롤러 전원 켜기 EA",page_83_img_0_0.jpeg,1,1,O,"1. page_83_img_0_0.jpeg | score=1.185 | stage=0.805 | page=1.00; keyword=easy,제품을,상자에,자세한; section=제품,패킹,뜯기
2. page_84_img_0_0.jpeg | score=0.990 | stage=0.719 | page=1.00; keyword=easy,연결하기,part; section=컨트롤러에,케이블
3. page_85_img_0_0.jpeg | score=0.758 | stage=0.614 | page=1.00; keyword=easy
4. page_86_img_0_0.jpeg | score=0.711 | stage=0.719 | page=1.00; keyword=easy,연결하기,전원; section=컨트롤러에,케이블
5. page_104_img_0_0.jpeg | score=0.701 | stage=0.235 | keyword=part
6. page_139_img_0_0.jpeg | score=0.693 | stage=0.346 | keyword=개의; section=컨트롤러에
7. page_397_img_0_0.jpeg | score=0.684 | stage=0.236 | section=제품
8. page_398_img_0_0.jpeg | score=0.661 | stage=0.236 | section=제품
9. page_98_img_0_0.jpeg | score=0.566 | stage=0.234 | keyword=설치,전원,part; section=설치,케이블
10. page_92_img_1_0.jpeg | score=0.555 | stage=0.337 | keyword=part,자세한"
Q40,추가,티치펜던트와 로봇 케이블을 컨트롤러에 연결할 때 케이블이 빠지지 않도록 어떻게 연결해야 합니까?,설치/케이블 연결,절차 확인형,해당 연결부에 딸깍 소리가 날 때까지 연결해야 함,1,1,O,"page; keyword:해당,연결부에,연결부,딸깍,소리가,소리; semantic_rank:1","1. 컨트롤러에 케이블 연결하기 | pages [83] | page; keyword:해당,연결부에,연결부,딸깍,소리가,소리; semantic_rank:1 | stage= | MANDATORY EASY 1 MIN 티치펜던트와 로봇의 케이블을 컨트롤러에 연결합니다 . 티치펜던트 케이블을 컨트롤러의 해당 연결부에 딸깍 소리가 날 때까지 연결하여 케이블이 빠지지 않도록 하십시 오 . 로봇 케이블의 반대편 끝을 컨트롤러의 해당 연결부에 딸깍 소리가 날 때까지 연결하여 케이블이 빠지지 않도록 하 십시오
2. (CS-12P) | pages [397, 398, 399, 400, 401, 402, 403, 404] | keyword:해당,연결부에,연결부,딸깍,소리가,소리; semantic_rank:5 | stage= | 제품 소개 (CS-12P) 각 부 명칭과 기능 번호 항목 설명 1 I/O 연결 단자 ( 내부 ) 다른 로봇의 컨트롤러나 주변 기기와 연결할 수 있 습니다 . 2 전원 스위치 컨트롤러의 주 전원을 켜거나 끌 수 있습니다 . 3 티치펜던트 케이블 연결 단자 티치펜던트의 케이블을 컨트롤러와 연결합니다 . 4 로봇 케이블 연결 
3. 시스템 연결 | pages [119, 120, 121, 122, 123] | keyword:해당,연결부에,연결부,딸깍,소리가,소리; semantic_rank:2 | stage= | 설치 매뉴얼 컨트롤러와 티치펜던트 연결하기 티치펜던트 케이블을 컨트롤러의 해당 연결부에 딸깍 소리가 날 때까지 연결하여 케이블이 빠지지 않도록 하십시오 . 컨트롤러가 전자파 노이즈의 영향을 받거나 다른 기기에 영향을 줄 경우 정상적인 사용을 위해 매니퓰 레이터 케이블 양단에 페라이트코어를 설치하는 것을 권장합니다 . 설치
4. 로봇 설치 준비 | pages [116, 117, 118] | no_match keyword=0.00 semantic_rank=20 | stage= | 설치 매뉴얼 케이블 배치하기 케이블 배치 시 케이블의 곡률반경이 최소곡률반경 이상이 되도록 배치하십시오 . 각 케이블의 최소곡률반경 (R) 은 아래와 같습니다 . 케이블 최소곡률반경 (R) 티치 펜던트 케이블 120 mm 로봇 케이블 120 mm 경고 매니퓰레이터가 작동할 때 , 볼트가 풀리지 않도록 끝까지 조이십시오 .
5. 시스템 연결 | pages [120, 121, 118, 119] | keyword:해당,연결부에,연결부,딸깍,소리가,소리; semantic_rank:3 | stage= | 매니퓰레이터와 컨트롤러 연결하기 설명 1 매니퓰레이터 연결 케이블 연결 후 고정용 고리 체결 매니퓰레이터 연결 케이블을 컨트롤러의 해당 연결부에 연결한 후 고정용 고리를 걸어 케이블이 빠지지 않 도록 하십시오 . 2 매니퓰레이터 연결 케이블의 반대편 끝을 컨트롤러에 연결 매니퓰레이터 연결 케이블의 반대편 끝을 컨트롤러의 
6. 로봇 베이스 고정하기 | pages [84, 85, 86] | no_match keyword=0.12 semantic_rank=- | stage= | 로봇을 고정된 위치에 정확하게 설치해야 하는 경우에는 2 개의 Φ 5 의 위치 결정 핀을 이용하면 원하는 위치에 설치 할 수 있습니다 . 주의 케이블을 연결할 때 , 핀 부분이 휘지 않도록 연결부 모양을 잘 확인한 후 연결하십시오 . 전자파 노이즈의 영향을 받거나 다른 기기에 영향을 줄 경우 정상적인 사용을 위해 페라이트
7. 컨트롤러 전원 켜기 | pages [88, 89] | semantic_rank:11 | stage= | MANDATORY EASY 1 MIN 1. 컨트롤러 하단에 있는 전원 스위치를 누르십시오 . 로봇 , 컨트롤러 , 티치펜던트와 같은 시스템에 필요한 전원이 켜 집니다 . 티치펜던트 화면이 켜질 때까지 전원 버튼 ( 그림 2 번 ) 을 길게 누르십시오 . 로봇 제어기와의 네트워크 연결이 완료될 때까지 티치펜던트 LED( 그
8. 하드웨어 설치 | pages [115] | no_match keyword=0.12 semantic_rank=- | stage= | 로봇을 사용하기 전에 시스템 필수 요소인 로봇 , 컨트롤러 , 티치펜던트를 작업 영역에 설치하고 전원을 연결해야 합 니다 . 각 요소를 설치하는 방법은 아래와 같습니다 .
9. 로봇 시스템 구성 및 설명 | pages [104] | no_match keyword=0.00 semantic_rank=- | stage= | 설치 매뉴얼 시스템 구성도 번호 이름 설명 1 티치펜던트 시스템 전체를 관리하는 기기로 로봇에게 특정 자세를 학습시키거나 매니퓰레이 터와 컨트롤러에 관련된 설정을 할 수 있습니다 . 2 컨트롤러 티치펜던트에서 설정한 자세나 움직임에 따라 로봇의 움직임을 조정합니다 . 다 양한 입출력 포트를 갖추고 있어 다양한 장비 및 장
10. 로봇 시스템 구성 및 설명 | pages [102] | no_match keyword=0.00 semantic_rank=- | stage= | 4 USB 연결 단자 로봇 동작 중 발생하는 로그를 USB 저장매체에 저장하거나 태스크 내보내기 , 가져 오기를 할 수 있습니다 . 5 매니퓰레이터 케이블 연결 단 자 매니퓰레이터의 케이블을 컨트롤러와 연결합니다 . 6 티치펜던트 케 이블 연결 단자 티치펜던트의 케이블을 컨트롤러와 연결합니다 .",page_84_img_0_0.jpeg,3,2,O,"1. page_83_img_0_0.jpeg | score=1.173 | stage=0.685 | page=1.00; keyword=easy,제품을; section=패킹,뜯기
2. page_84_img_0_0.jpeg | score=1.116 | stage=0.790 | page=1.00; keyword=easy,연결하기,part,컨트롤러에; section=케이블,연결,컨트롤러에
3. page_88_img_1_0.jpeg | score=0.957 | stage=0.362 | page=0.45; keyword=easy,전원,티치펜던트와
4. page_88_img_0_0.jpeg | score=0.936 | stage=0.329 | page=0.45; keyword=전원,part
5. page_86_img_0_0.jpeg | score=0.912 | stage=0.805 | page=1.00; keyword=easy,연결하기,전원,케이블을; section=케이블,연결,컨트롤러에
6. page_119_img_1_0.jpeg | score=0.901 | stage=0.284 | keyword=연결하기,케이블을,해당; section=케이블,연결
7. page_397_img_0_0.jpeg | score=0.878 | stage=0.254 | section=연결
8. page_120_img_0_0.jpeg | score=0.874 | stage=0.256 | keyword=연결하기,케이블을,해당; section=케이블,연결
9. page_123_img_0_0.jpeg | score=0.866 | stage=0.346 | keyword=연결하기,part; section=연결
10. page_116_img_0_0.jpeg | score=0.864 | stage=0.311 | keyword=설치,part; section=설치"
Q41,추가,컨트롤러 전원 케이블을 연결한 후 안전을 위해 반드시 확인해야 하는 전기적 조건은 무엇입니까?,안전/전원/접지,안전 확인형,로봇이 올바르게 접지되었는지 확인해야 함,2,1,O,"page; keyword:로봇,올바르게; semantic_rank:7","1. 컨트롤러와 전원 연결하기 | pages [86, 87] | page; keyword:로봇,올바르게; semantic_rank:7 | stage= | MANDATORY EASY 1 MIN 컨트롤러에 전원을 연결하려면 표준 IEC 전원 플러그에 케이블을 연결하십시오 . 전원 케이블을 연결한 후 로봇을 올바르게 접지가 되었는지 확인하십시오 ( 전기적 지면 연결 ). 컨트롤러 안의 접지 심볼과 관련된 나사 중에서 사용하지 않은 나사로 시스템의 모든 장비에 대하여 공통적인 접
2. 시스템 연결 | pages [120] | no_match keyword=0.00 semantic_rank=- | stage= | 설치 매뉴얼 컨트롤러 전원 연결하기 컨트롤러에 전원을 연결하려면 표준 IEC 전원 플러그에 케이블을 연결하십시오 . 연결할 때에는 해당 국가의 표준 전원 플러그가 적용된 케이블을 사용하십시오 . 전원 플러그를 컨트롤러의 해당 연결부에 끝까지 연결하여 빠지지 않도록 하십시오 . 컨트롤러 아래의 표준 IEC C14 플러그와 
3. 컨트롤러와 전원 연결하기 | pages [86, 87] | page | stage= | 전원 공급을 위해서는 접지와 누전차단기 등 최소 요구 조건을 갖추어야 합니다 . 기본으로 제공되는 AC 컨트롤러의 전기 사양은 아래와 같습니다 . 매개변수 사양 입력전압 100 – 240 VAC 입력전원 퓨즈 (@100-240V) 15 A PART 2. 로봇 시작하기 매개변수 사양 입력주파수 47 – 63 Hz 옵션 컨트
4. 시스템 연결 | pages [121, 122] | keyword:로봇,올바르게; semantic_rank:9 | stage= | 설치 매뉴얼 매개변수 사양 입력전압 100 – 240 VAC 입력전원 퓨즈 (@100-240V) 15 A 주의 전원 케이블을 연결한 후 로봇을 올바르게 접지했는지 확인하십시오 ( 전기적 지면 연결 ). 컨트롤러 내부 의 접지 심볼과 관련된 나사 중에서 사용하지 않은 나사로 시스템의 모든 장비에 대하여 공통적인 접지 를 하
5. 유지보수 | pages [162] | no_match keyword=0.00 semantic_rank=- | stage= | 전원 케이블을 분리하고 매니퓰레이터 또는 컨트롤러에 연결된 다른 전력 공급원에서 전력이 공급되지 않도록 합 니다 . 보수 작업 중 시스템에 전원을 연결하지 마십시오 . 시스템에 다시 전원 공급을 하기 전에는 반드시 접지를 확인하십시오 . 매니퓰레이터 또는 컨트롤러의 부품을 해체할 때에는 ESD 규정을 준수하여 작업하십시오
6. (CS-12P) | pages [397, 398, 399, 400, 401, 402, 403, 404] | keyword:로봇이,로봇,올바르게 | stage= | 제품 소개 (CS-12P) 각 부 명칭과 기능 번호 항목 설명 1 I/O 연결 단자 ( 내부 ) 다른 로봇의 컨트롤러나 주변 기기와 연결할 수 있 습니다 . 2 전원 스위치 컨트롤러의 주 전원을 켜거나 끌 수 있습니다 . 3 티치펜던트 케이블 연결 단자 티치펜던트의 케이블을 컨트롤러와 연결합니다 . 4 로봇 케이블 연결 
7. 시스템 연결 | pages [119, 120, 121, 122, 123] | no_match keyword=0.00 semantic_rank=- | stage= | 설치 매뉴얼 컨트롤러와 티치펜던트 연결하기 티치펜던트 케이블을 컨트롤러의 해당 연결부에 딸깍 소리가 날 때까지 연결하여 케이블이 빠지지 않도록 하십시오 . 컨트롤러가 전자파 노이즈의 영향을 받거나 다른 기기에 영향을 줄 경우 정상적인 사용을 위해 매니퓰 레이터 케이블 양단에 페라이트코어를 설치하는 것을 권장합니다 . 설치
8. 시스템 연결 | pages [120, 121, 118, 119] | keyword:로봇이,로봇,올바르게 | stage= | 매니퓰레이터와 컨트롤러 연결하기 설명 1 매니퓰레이터 연결 케이블 연결 후 고정용 고리 체결 매니퓰레이터 연결 케이블을 컨트롤러의 해당 연결부에 연결한 후 고정용 고리를 걸어 케이블이 빠지지 않 도록 하십시오 . 2 매니퓰레이터 연결 케이블의 반대편 끝을 컨트롤러에 연결 매니퓰레이터 연결 케이블의 반대편 끝을 컨트롤러의 
9. (CS-12P) | pages [403] | no_match keyword=0.20 semantic_rank=- | stage= | DC 용 컨트롤러 사용 시 , 부하 및 모션에 따라 로봇의 동작이 제한될 수 있습니다 . 입력전압이 48V 이하일 경우 부하 및 모션에 따라 로봇의 동작이 제한될 수 있습니다 . 전원 공급을 위해서는 접지와 누전차단기 등 최소 요구 조건을 갖추어야 합니다 . 전기 사양은 아래와 같습니다 . 매개변수 사양 입력전압 22 –
10. 사용 시 주의사항 | pages [12, 13] | no_match keyword=0.20 semantic_rank=- | stage= | 로봇 및 컨트롤러의 작동 중에 로봇의 전원 플러그를 뽑거나 전원을 강제로 종료하는 경우 로봇 및 컨트 롤러의 고장의 원인이 될 수 있습니다 . 컨트롤러는 눕혀 놓고 사용하지 마십시오 . 덮개를 연 후 작업 시 부주의로 덮개가 닫혀 손 끼임 발생할 수 있으니 세워서 작업을 수행하십시오 . 위험 로봇에 이상이 생긴 경우 절대",page_86_img_0_0.jpeg,2,1,O,"1. page_86_img_0_0.jpeg | score=1.128 | stage=0.824 | page=1.00; keyword=전원,연결,케이블을,접지; section=전원,접지,컨트롤러와
2. page_120_img_0_0.jpeg | score=0.944 | stage=0.346 | keyword=연결,케이블을,매니퓰레이터,컨트롤러의; section=연결하기
3. page_397_img_0_0.jpeg | score=0.924 | stage=0.647 | page=1.00; keyword=연결,로봇의
4. page_398_img_0_0.jpeg | score=0.902 | stage=0.647 | page=1.00; keyword=연결,로봇의
5. page_121_img_0_0.jpeg | score=0.885 | stage=0.271 | keyword=연결,매니퓰레이터
6. page_88_img_1_0.jpeg | score=0.878 | stage=0.666 | page=1.00; keyword=전원,티치펜던트; section=전원
7. page_88_img_0_0.jpeg | score=0.866 | stage=0.700 | page=1.00; keyword=전원,티치펜던트,하십시오; section=전원
8. page_119_img_1_0.jpeg | score=0.854 | stage=0.280 | keyword=연결,케이블을,매니퓰레이터,컨트롤러의; section=연결하기
9. page_163_img_0_0.jpeg | score=0.791 | stage=0.223 | keyword=전원,로봇의; section=전원
10. page_133_img_0_0.jpeg | score=0.787 | stage=0.332 | keyword=연결,매니퓰레이터,티치펜던트; section=안전,컨트롤러와"
Q42,추가,컨트롤러를 바닥에 설치할 때 기기 내부 환기를 위해 양쪽 면에 확보해야 하는 최소 여유 공간은 얼마입니까?,설치/컨트롤러 배치,설치 주의형,양쪽 면에 약 50 mm의 여유 공간을 확보해야 함,1,1,O,"page; keyword:양쪽,면에,50,mm,여유,공간을; semantic_rank:1","1. 컨트롤러 배치하기 | pages [88, 87] | page; keyword:양쪽,면에,50,mm,여유,공간을; semantic_rank:1 | stage= | MANDATORY EASY 1 MIN 컨트롤러를 바닥에 설치할 때에는 기기 내 환기를 위해 양쪽 면에서 50 mm 정도의 여유 공간을 확보해주세요 . 주의 케이블 배치 시 최소 곡률 반경 이상이 되도록 배치하십시오 . 자세한 내용은 케이블 배치하기 (p. 114) 를 참고하십시오 . PART 2. 로봇 시작하기
2. 시스템 연결 | pages [121, 122] | no_match keyword=0.00 semantic_rank=- | stage= | 설치 매뉴얼 매개변수 사양 입력전압 100 – 240 VAC 입력전원 퓨즈 (@100-240V) 15 A 주의 전원 케이블을 연결한 후 로봇을 올바르게 접지했는지 확인하십시오 ( 전기적 지면 연결 ). 컨트롤러 내부 의 접지 심볼과 관련된 나사 중에서 사용하지 않은 나사로 시스템의 모든 장비에 대하여 공통적인 접지 를 하
3. 시스템 연결 | pages [120, 121, 118, 119] | keyword:양쪽,50,mm,여유,공간을,공간 | stage= | 매니퓰레이터와 컨트롤러 연결하기 설명 1 매니퓰레이터 연결 케이블 연결 후 고정용 고리 체결 매니퓰레이터 연결 케이블을 컨트롤러의 해당 연결부에 연결한 후 고정용 고리를 걸어 케이블이 빠지지 않 도록 하십시오 . 2 매니퓰레이터 연결 케이블의 반대편 끝을 컨트롤러에 연결 매니퓰레이터 연결 케이블의 반대편 끝을 컨트롤러의 
4. 컨트롤러와 전원 연결하기 | pages [86, 87] | no_match keyword=0.00 semantic_rank=- | stage= | 전원 공급을 위해서는 접지와 누전차단기 등 최소 요구 조건을 갖추어야 합니다 . 기본으로 제공되는 AC 컨트롤러의 전기 사양은 아래와 같습니다 . 매개변수 사양 입력전압 100 – 240 VAC 입력전원 퓨즈 (@100-240V) 15 A PART 2. 로봇 시작하기 매개변수 사양 입력주파수 47 – 63 Hz 옵션 컨트
5. 로봇 설치 준비 | pages [116, 117, 118] | semantic_rank:12 | stage= | 설치 매뉴얼 케이블 배치하기 케이블 배치 시 케이블의 곡률반경이 최소곡률반경 이상이 되도록 배치하십시오 . 각 케이블의 최소곡률반경 (R) 은 아래와 같습니다 . 케이블 최소곡률반경 (R) 티치 펜던트 케이블 120 mm 로봇 케이블 120 mm 경고 매니퓰레이터가 작동할 때 , 볼트가 풀리지 않도록 끝까지 조이십시오 .
6. 설치 장소 확인하기 | pages [113] | keyword:공간을,공간,확보해야; semantic_rank:13 | stage= | 로봇을 설치할 때 , 로봇이 충분히 움직일 수 있도록 공간을 확보해야 합니다 . 로봇의 작업 영역을 확인하여 외부 물체 와 부딪히지 않도록 하십시오 . 바닥이 단단하고 수평인 장소에 설치하십시오 . 누수가 발생하지 않고 온도와 습도가 일정하게 유지될 수 있는 장소에 설치하십시오 . 로봇 설치 장소 주변에 인화성 및 폭발 
7. 6.7.3 Safety Settings | pages [240, 241, 242, 243, 244] | semantic_rank:7 | stage= | DART-Platform 매뉴얼 공간 제한과 구역의 설정 공통 사항 유효 면적 (Effective Area) 은 내부 / 외부 중 하나를 선택할 수 있습니다 . 모양 유형 (Shape Type) 은 구 , 원기둥 , 직육면체 , 기울어진 직육면체 , 다면상자 중 하나를 선택할 수 있으며 자세한 내용은 공간 제한과 구역의 
8. 컨트롤러와 전원 연결하기 | pages [86, 87] | no_match keyword=0.00 semantic_rank=- | stage= | MANDATORY EASY 1 MIN 컨트롤러에 전원을 연결하려면 표준 IEC 전원 플러그에 케이블을 연결하십시오 . 전원 케이블을 연결한 후 로봇을 올바르게 접지가 되었는지 확인하십시오 ( 전기적 지면 연결 ). 컨트롤러 안의 접지 심볼과 관련된 나사 중에서 사용하지 않은 나사로 시스템의 모든 장비에 대하여 공통적인 접
9. 시스템 연결 | pages [119, 120, 121, 122, 123] | no_match keyword=0.00 semantic_rank=- | stage= | 설치 매뉴얼 컨트롤러와 티치펜던트 연결하기 티치펜던트 케이블을 컨트롤러의 해당 연결부에 딸깍 소리가 날 때까지 연결하여 케이블이 빠지지 않도록 하십시오 . 컨트롤러가 전자파 노이즈의 영향을 받거나 다른 기기에 영향을 줄 경우 정상적인 사용을 위해 매니퓰 레이터 케이블 양단에 페라이트코어를 설치하는 것을 권장합니다 . 설치
10. (CS-12P) | pages [403] | no_match keyword=0.00 semantic_rank=- | stage= | DC 용 컨트롤러 사용 시 , 부하 및 모션에 따라 로봇의 동작이 제한될 수 있습니다 . 입력전압이 48V 이하일 경우 부하 및 모션에 따라 로봇의 동작이 제한될 수 있습니다 . 전원 공급을 위해서는 접지와 누전차단기 등 최소 요구 조건을 갖추어야 합니다 . 전기 사양은 아래와 같습니다 . 매개변수 사양 입력전압 22 –",page_88_img_0_0.jpeg,2,2,O,"1. page_88_img_1_0.jpeg | score=1.146 | stage=0.786 | page=1.00; keyword=전원,mandatory,easy,min; section=전원,켜기
2. page_88_img_0_0.jpeg | score=1.122 | stage=0.752 | page=1.00; keyword=전원,part,시작하기,티치펜던트; section=전원,켜기
3. page_86_img_0_0.jpeg | score=1.017 | stage=0.805 | page=1.00; keyword=전원,mandatory,easy,min; section=전원,컨트롤러와,연결하기
4. page_120_img_0_0.jpeg | score=0.875 | stage=0.319 | section=연결하기
5. page_116_img_0_0.jpeg | score=0.826 | stage=0.302 | keyword=part; section=설치
6. page_113_img_0_0.jpeg | score=0.820 | stage=0.332 | keyword=설치할; section=설치
7. page_119_img_1_0.jpeg | score=0.817 | stage=0.225 | section=연결하기
8. page_93_img_0_0.jpeg | score=0.795 | stage=0.526 | page=0.70; keyword=mandatory,easy,min; section=설치
9. page_114_img_0_0.jpeg | score=0.777 | stage=0.241 | keyword=part,그림; section=설치
10. page_89_img_1_0.jpeg | score=0.760 | stage=0.805 | page=1.00; keyword=mandatory,easy,min,비상; section=설치,비상,정지"
Q43,추가,로봇 설치 후 첫 부팅 시 비상 정지 경고 팝업이 나타나면 비상 정지 버튼을 어떻게 해제해야 합니까?,티치 펜던트/비상정지,조작 절차형,비상 정지 버튼을 시계 방향으로 돌려 해제함,1,1,O,"page; keyword:비상,정지,버튼을,버튼,시계,방향으로; semantic_rank:1","1. 비상 정지 버튼 해제하기 | pages [89] | page; keyword:비상,정지,버튼을,버튼,시계,방향으로; semantic_rank:1 | stage= | MANDATORY EASY 1 MIN 로봇 설치 후 첫 부팅이 완료되면 , 티치펜던트의 비상 정지 버튼이 눌려 있어 경고 팝업이 나타납니다 . 이때 , 비상 정 지 버튼을 해제해야 로봇을 사용할 수 있습니다 . 비상 정지 버튼을 시계 방향으로 돌려서 비상 정지 상태를 해제하십시오 .
2. 비상 정지 버튼 해제하기 | pages [90] | keyword:비상,정지,버튼 | stage= | 로봇 시작하기
3. 로봇 시스템 구성 및 설명 | pages [103] | keyword:비상,정지,버튼을,버튼; semantic_rank:11 | stage= | 2 전원 LED 전원이 들어오면 LED 가 붉은색으로 점멸하기 시작하고 , 부팅이 완료되면 붉 은색으로 점등 됩니다 . 3 비상 정지 버튼 긴급한 상황이 발생한 경우 버튼을 눌러 로봇의 작동을 멈출 수 있습니다 . 4 핸드 가이딩 버 튼 (3PE 3 Position Enable) Switch) 버튼을 누른 상태로 로봇을 
4. 색상 | pages [18] | keyword:비상,정지,버튼을,버튼; semantic_rank:8 | stage= | 로봇의 안전 감시 기능이 해제되므로 주의하십시오 . 노란색 깜박임 Interrupted 보호 정지 (Protective Stop) 입력 , 안전 제한치 초과 등의 이 유로 보호 정지된 상태입니다 . SOS(Safe Operating Stop) 로 정지 상태를 모니터링 합니다 . 노란색 보호 정지 팝업창이 표시됩니다 . 보
5. 1.14.2 A0912, A0912S | pages [81] | no_match keyword=0.00 semantic_rank=- | stage= | 로봇 시작하기
6. 안전정격 정지기능 | pages [24] | keyword:비상,정지,버튼을,버튼; semantic_rank:2 | stage= | 알아두기 비상 정지는 방호조치 (Safeguarding) 가 아니라 , 추가적 보호조치 (complementary protective measure) 로 사용해야 합니다 . 비상 정지의 안전정지 모드는 SS1(Safe Stop 1) 이 기본으로 설정되어 있습니다 . 로봇 애플리케이션에 대한 위험성 평가 결과 , 필요하다고
7. 안전정격 정지기능 | pages [24, 25] | keyword:비상,정지,버튼을,버튼; semantic_rank:3 | stage= | 안전 매뉴얼 비상 정지 사용자는 비상 상황에 대비하여 시스템을 정지시킬 수 있는 비상정지 버튼을 사용할 수 있습니다 . 비상 상황에서는 티치펜던트 우측 상단에 있는 비상정지 버튼을 눌러 시스템을 즉시 정지하십시오 . 보호 정지 안전매트 등의 압력식 방호 장치 (Pressure sensitive preotective equ
8. 6.7.3 Safety Settings | pages [211, 212, 213, 214, 215, 216, 217, 218, 219, 220, 221, 222, 223, 224, 225, 226, 227, 228, 229, 230, 231, 232, 233, 234, 235, 236, 237, 238, 239, 240, 241, 242, 243, 244, 245, 246] | keyword:비상,정지,버튼을,버튼; semantic_rank:4 | stage= | 안전 정지 / 해제 방법 티치펜던트에 부착된 비상 정지 버튼을 누르거나 Safety I/O 에 연결한 안전 장치를 통해 로봇을 비상 정지할 수 있습 니다 . 티치펜던트 화면에서 Robot Parameters > Safety Settings > Safety I/O 기능을 활용하여 안전 장치를 비상 정지 또는 보호 정지로 연
9. 일반 주의사항 | pages [11, 12] | no_match keyword=0.00 semantic_rank=- | stage= | 로봇을 사용하며 발생할 수 있는 일반적인 위험 및 경고 사항에 대해 설명합니다 . 경고 로봇과 전기 장치를 설치하는 경우 설치 매뉴얼을 참조하여 설치 하십시오 . 경고 로봇의 설치 시 툴에 장치를 장착하는 경우 적절한 볼트를 사용하여 체결하십시오 . 로봇의 설치 시에는 작업자와 로봇을 운용하는 사람을 보호하기 위한 안전 
10. 사용 시 주의사항 | pages [12] | no_match keyword=0.22 semantic_rank=20 | stage= | 컨트롤러나 티치 펜던트에 오류가 나타나면 즉시 비상 정지시켜 오류가 발생한 원인을 확인한 후 오류 코드를 로그 화면에서 찾아 공급자에게 연락하십시오 . 로봇의 작동전에 로봇 사용 매뉴얼을 충분히 숙지한 후 사용하여 주시기 바랍니다 . 티치 펜던트에서 치명적인 에러를 경고하는 경우 즉시 로봇의 비상정지 스위치를 작동하여 로",page_89_img_0_0.jpeg,2,2,O,"1. page_89_img_1_0.jpeg | score=1.235 | stage=0.925 | page=1.00; keyword=비상,정지,버튼을,mandatory; section=해제하기,티치,펜던트
2. page_89_img_0_0.jpeg | score=1.177 | stage=0.925 | page=1.00; keyword=비상,정지,버튼을,mandatory; section=해제하기,티치,펜던트
3. page_88_img_1_0.jpeg | score=0.923 | stage=0.824 | page=1.00; keyword=mandatory,easy,min,티치; section=티치,펜던트,전원
4. page_88_img_0_0.jpeg | score=0.903 | stage=0.790 | page=1.00; keyword=티치,part,시작하기,전원; section=티치,펜던트,전원
5. page_24_img_0_0.jpeg | score=0.832 | stage=0.324 | keyword=정지
6. page_96_img_0_0.jpeg | score=0.771 | stage=0.511 | page=0.70; keyword=티치,시작하기; section=티치,펜던트
7. page_84_img_0_0.jpeg | score=0.764 | stage=0.575 | page=0.70; keyword=mandatory,easy,min,part
8. page_296_img_0_0.jpeg | score=0.700 | stage=0.000 | 
9. page_352_img_3_0.jpeg | score=0.688 | stage=0.293 | section=해제하기
10. page_104_img_0_0.jpeg | score=0.678 | stage=0.614 | page=1.00; keyword=part"
Q44,추가,시스템을 정상 종료할 때 전원 종료 팝업에서 눌러야 하는 버튼은 무엇입니까?,티치 펜던트/전원 종료,조작 절차형,전원 종료 팝업에서 확인 버튼을 눌러 종료함,1,1,O,"page; keyword:전원,종료,팝업에서,팝업,버튼을,버튼; semantic_rank:1","1. 시스템 전원 끄기 | pages [94] | page; keyword:전원,종료,팝업에서,팝업,버튼을,버튼; semantic_rank:1 | stage= | MANDATORY EASY 1 MIN 시스템의 전원을 끄려면 티치 펜던트 화면의 종료 버튼을 누르거나 티치펜던트 좌측 상단에 있는 전원 버튼을 2 초 정 도 길게 누르십시오 . 화면에 전원 종료 팝업이 나타납니다 . 전원 종료 팝업에서 확인 버튼을 눌러 시스템을 정상적으로 종료합니다 .
2. 시스템 전원 켜기 | pages [95] | keyword:전원,버튼을,버튼; semantic_rank:4 | stage= | MANDATORY EASY 1 MIN 다시 시스템 전원을 켭니다 . 티치펜던트 화면이 켜질 때까지 전원 버튼을 길게 누르십시오 .
3. 배선 연결하기 | pages [94] | page; keyword:전원,종료,버튼을,버튼; semantic_rank:3 | stage= | 주의 전원 버튼을 4 초 이상 길게 누르는 경우 전원이 강제로 종료됩니다 . 강제로 전원을 종료하는 경우 , 로봇 및 컨트롤러의 고장의 원인이 될 수 있습니다 . 주의 툴과 그리퍼를 연결할 때에는 로봇 전원을 차단하고 작업을 하십시오 .
4. 티치 펜던트를 사용할 경우 | pages [163] | keyword:전원,종료,팝업에서,팝업,버튼을,버튼; semantic_rank:2 | stage= | 티치 펜던트 좌측 상단에 있는 전원 버튼을 길게 누르십시오 . 로봇 , 컨트롤러 , 티치 펜던트와 같은 시스템에 필요한 전원이 켜집니다 . 시스템의 전원이 켜지면 로봇의 상태 LED 가 점등됩니다 . 전원을 끄려면 티치 펜던트 화면의 종료 버튼을 누르거나 티치펜던트 좌측 상단에 있는 전원 버튼을 2 초 정도 길게 누르십시
5. 비상 정지 버튼 해제하기 | pages [89] | keyword:팝업,버튼을,버튼; semantic_rank:5 | stage= | MANDATORY EASY 1 MIN 로봇 설치 후 첫 부팅이 완료되면 , 티치펜던트의 비상 정지 버튼이 눌려 있어 경고 팝업이 나타납니다 . 이때 , 비상 정 지 버튼을 해제해야 로봇을 사용할 수 있습니다 . 비상 정지 버튼을 시계 방향으로 돌려서 비상 정지 상태를 해제하십시오 .
6. 테스트하기 | pages [96, 95] | no_match keyword=0.12 semantic_rank=- | stage= | MANDATORY NORMAL 10 MIN 티치펜던트에서는 플랜지 I/O 에 연결된 툴의 동작을 테스트할 수 있는 기능을 제공하고 있습니다 . 전원을 차단했을 때 툴에서 작업물이 낙하하는 등의 위험 상황이 발생하지 않도록 툴과 그리퍼를 구성 하십시오 . A 시리즈의 경우 로봇이 서보 오프될 때 Flange I/O 의 24
7. 전원 켜기 | pages [125] | semantic_rank:8 | stage= | 컨트롤러 하단에 전원 차단을 위한 전원 스위치가 설치되어 있습니다 . 컨트롤러 하단에 있는 전원 스위치를 누르십시 오 . 로봇 , 컨트롤러 , 티치펜던트와 같은 시스템에 필요한 전원이 켜집니다 .
8. 컨트롤러 전원 켜기 | pages [88, 89] | semantic_rank:7 | stage= | MANDATORY EASY 1 MIN 1. 컨트롤러 하단에 있는 전원 스위치를 누르십시오 . 로봇 , 컨트롤러 , 티치펜던트와 같은 시스템에 필요한 전원이 켜 집니다 . 티치펜던트 화면이 켜질 때까지 전원 버튼 ( 그림 2 번 ) 을 길게 누르십시오 . 로봇 제어기와의 네트워크 연결이 완료될 때까지 티치펜던트 LED( 그
9. 전원 끄기 | pages [125] | semantic_rank:6 | stage= | 로봇과 컨트롤러를 청소하거나 유지 보수를 위해 분해할 경우에는 반드시 전원 스위치를 눌러 전원을 차단하십시오 .
10. 안전정격 정지기능 | pages [24, 25] | keyword:버튼을,버튼,눌러 | stage= | 안전 매뉴얼 비상 정지 사용자는 비상 상황에 대비하여 시스템을 정지시킬 수 있는 비상정지 버튼을 사용할 수 있습니다 . 비상 상황에서는 티치펜던트 우측 상단에 있는 비상정지 버튼을 눌러 시스템을 즉시 정지하십시오 . 보호 정지 안전매트 등의 압력식 방호 장치 (Pressure sensitive preotective equ",page_94_img_0_0.jpeg,2,1,O,"1. page_94_img_0_0.jpeg | score=1.185 | stage=0.910 | page=1.00; keyword=전원,종료,버튼을,mandatory; section=전원,시스템,티치
2. page_95_img_0_0.jpeg | score=1.091 | stage=0.891 | page=1.00; keyword=전원,플랜지,mandatory,min; section=전원,티치,펜던트
3. page_89_img_1_0.jpeg | score=1.000 | stage=0.486 | page=0.45; keyword=버튼을,mandatory,min,티치; section=티치,펜던트,하기
4. page_96_img_0_0.jpeg | score=0.988 | stage=0.771 | page=1.00; keyword=자세한,시작하기,티치,펜던트; section=티치,펜던트,하기
5. page_163_img_0_0.jpeg | score=0.954 | stage=0.346 | keyword=전원,버튼을,티치,펜던트; section=전원,시스템,티치
6. page_89_img_0_0.jpeg | score=0.941 | stage=0.486 | page=0.45; keyword=버튼을,mandatory,min,티치; section=티치,펜던트,하기
7. page_163_img_1_0.jpeg | score=0.902 | stage=0.341 | keyword=전원,버튼을,티치,펜던트; section=전원,시스템,티치
8. page_125_img_0_0.jpeg | score=0.819 | stage=0.328 | keyword=전원; section=전원
9. page_88_img_1_0.jpeg | score=0.810 | stage=0.311 | keyword=전원,mandatory,min,티치; section=전원,시스템,티치
10. page_88_img_0_0.jpeg | score=0.795 | stage=0.306 | keyword=전원,part,시작하기,티치; section=전원,시스템,티치"
Q45,추가,로봇을 설치 장소로 옮길 때 들어 올려야 하는 부분은 어디입니까?,설치/로봇 운반,안전 절차형,매뉴얼 그림에서 음영으로 표시된 인양 지점을 들어 이동함,1,1,O,"page; keyword:음영,표시된,인양,지점,들어","1. 이동 및 설치를 위한 인양 지점 | pages [97] | page; keyword:음영,표시된,인양,지점,들어 | stage= | 설치 장소로 로봇을 옮기고자 하는 경우에는 아래 음영 표시된 부분을 들어 이동하십시오 . 안전 사고 예방을 위하 여 반드시 해당 지역 또는 국가의 중량 운반 작업 기준을 확인하고 , 지침을 준수하여 운반하시기 바랍니다 . 운반 중 낙하에 의해 사고가 발생하지 않도록 주의하십시오 . 경고 당해 산업용 로봇은 산업안전보건기준
2. 설치 장소 확인하기 | pages [113] | no_match keyword=0.00 semantic_rank=- | stage= | 로봇을 설치할 때 , 로봇이 충분히 움직일 수 있도록 공간을 확보해야 합니다 . 로봇의 작업 영역을 확인하여 외부 물체 와 부딪히지 않도록 하십시오 . 바닥이 단단하고 수평인 장소에 설치하십시오 . 누수가 발생하지 않고 온도와 습도가 일정하게 유지될 수 있는 장소에 설치하십시오 . 로봇 설치 장소 주변에 인화성 및 폭발 
3. 설치 환경 | pages [113] | no_match keyword=0.00 semantic_rank=- | stage= | 로봇을 설치할 때 , 로봇이 충분히 움직일 수 있도록 공간을 확보해야 합니다 . 로봇의 작업 영역을 확인하여 외부와 부 딪히지 않도록 하십시오 .
4. ..................................................................96 | pages [4] | no_match keyword=0.18 semantic_rank=- | stage= | 3.1 설치 시 주의 사항 ..................................................................................96 3.1.1 이동 및 설치를 위한 인양 지점 ........................................................
5. 로봇과 툴 연결하기 | pages [123, 124, 125] | no_match keyword=0.09 semantic_rank=- | stage= | 번호 항목 1 툴 2 브라켓 3 케이블 4 툴 플랜지 1. M6 볼트 4 개를 이용하여 툴 플랜지에 툴을 고정하십시오 . 볼트를 고정할 때에는 9 Nm 의 토크로 볼트를 조이는 것을 권장합니다 . 로봇을 고정된 위치에 정확하게 설치해야 하는 경우에는 Φ 6 의 위치 결정 핀을 이용하면 원하는 위치에 설 치할 수 있습니다 
6. 로봇 베이스 고정하기 | pages [84, 85, 86] | no_match keyword=0.00 semantic_rank=- | stage= | 로봇을 고정된 위치에 정확하게 설치해야 하는 경우에는 2 개의 Φ 5 의 위치 결정 핀을 이용하면 원하는 위치에 설치 할 수 있습니다 . 주의 케이블을 연결할 때 , 핀 부분이 휘지 않도록 연결부 모양을 잘 확인한 후 연결하십시오 . 전자파 노이즈의 영향을 받거나 다른 기기에 영향을 줄 경우 정상적인 사용을 위해 페라이트
7. 포장 박스 사양 | pages [161] | no_match keyword=0.18 semantic_rank=- | stage= | 운송을 위한 포장 박스의 사양은 아래와 같습니다 . Model Length Width Height A0509(S) 755 mm 452 mm 545 mm A0912(S) 986 mm 452 mm 545 mm 주의 포장 자재로 로봇을 감싸 이송하는 경우에는 건조한 장소에 보관하십시오 . 습기가 많은 장소에 보관할 경우 포장 
8. 로봇 작업 영역 확인하기 | pages [113, 114] | no_match keyword=0.00 semantic_rank=- | stage= | 로봇의 작업 영역을 확인하여 설치 공간을 확보하십시오 . 작업 영역은 로봇 모델에 따라 달라집니다 . 주의 권장 장소 이외에 시스템을 설치할 경우 로봇의 성능 및 수명이 감소될 수 있습니다 .
9. 일반 주의사항 | pages [11, 12] | no_match keyword=0.09 semantic_rank=- | stage= | 로봇을 사용하며 발생할 수 있는 일반적인 위험 및 경고 사항에 대해 설명합니다 . 경고 로봇과 전기 장치를 설치하는 경우 설치 매뉴얼을 참조하여 설치 하십시오 . 경고 로봇의 설치 시 툴에 장치를 장착하는 경우 적절한 볼트를 사용하여 체결하십시오 . 로봇의 설치 시에는 작업자와 로봇을 운용하는 사람을 보호하기 위한 안전 
10. 하드웨어 설치 | pages [115] | no_match keyword=0.00 semantic_rank=- | stage= | 로봇을 사용하기 전에 시스템 필수 요소인 로봇 , 컨트롤러 , 티치펜던트를 작업 영역에 설치하고 전원을 연결해야 합 니다 . 각 요소를 설치하는 방법은 아래와 같습니다 .",page_98_img_1_0.jpeg,5,1,O,"1. page_98_img_1_0.jpeg | score=1.039 | stage=0.760 | page=1.00; keyword=설치,매뉴얼; section=설치,매뉴얼,이동
2. page_93_img_0_0.jpeg | score=0.915 | stage=0.492 | page=0.70; keyword=설치,로봇을; section=설치
3. page_113_img_0_0.jpeg | score=0.908 | stage=0.346 | keyword=설치; section=설치,시스템
4. page_114_img_0_0.jpeg | score=0.900 | stage=0.328 | keyword=설치,매뉴얼,부분은; section=설치,매뉴얼
5. page_84_img_0_0.jpeg | score=0.886 | stage=0.332 | 
6. page_123_img_0_0.jpeg | score=0.875 | stage=0.276 | section=시스템
7. page_98_img_0_0.jpeg | score=0.850 | stage=0.704 | page=1.00; keyword=설치,매뉴얼; section=설치,매뉴얼,시스템
8. page_115_img_0_0.jpeg | score=0.826 | stage=0.337 | keyword=설치; section=설치
9. page_98_img_2_0.jpeg | score=0.789 | stage=0.704 | page=1.00; keyword=설치,매뉴얼; section=설치,매뉴얼,시스템
10. page_192_img_0_0.jpeg | score=0.711 | stage=0.319 | keyword=매뉴얼; section=매뉴얼"
Q46,추가,전자파 노이즈 영향을 줄이기 위해 매니퓰레이터 케이블 양단에 설치를 권장하는 부품은 무엇입니까?,설치/케이블 노이즈 대책,부품 확인형,페라이트코어를 설치하는 것을 권장함,1,1,O,"keyword:페라이트코어를,페라이트코어,설치하는,설치하,것을; semantic_rank:1","1. 시스템 연결 | pages [120] | keyword:페라이트코어를,페라이트코어,설치하는,설치하,것을; semantic_rank:1 | stage= | 알아두기 시스템을 구성할 때 기본적으로 기기간의 노이즈 영향과 시스템의 오동작을 예방하기 위해 노이즈 저 감설비를 설치할 것을 권장합니다 . 전자파 노이즈의 영향을 받거나 다른 기기에 영향을 줄 경우 정상적인 사용을 위해 페라이트코어를 티 치펜던트 케이블 연결부에 설치하는 것을 권장합니다 . 설치 위치는 아래와 같습니다 
2. 시스템 연결 | pages [119, 120, 121, 122, 123] | page; keyword:페라이트코어를,페라이트코어,설치하는,설치하,것을; semantic_rank:2 | stage= | 설치 매뉴얼 컨트롤러와 티치펜던트 연결하기 티치펜던트 케이블을 컨트롤러의 해당 연결부에 딸깍 소리가 날 때까지 연결하여 케이블이 빠지지 않도록 하십시오 . 컨트롤러가 전자파 노이즈의 영향을 받거나 다른 기기에 영향을 줄 경우 정상적인 사용을 위해 매니퓰 레이터 케이블 양단에 페라이트코어를 설치하는 것을 권장합니다 . 설치
3. 로봇 설치 준비 | pages [116, 117, 118] | keyword:설치하는,설치하; semantic_rank:15 | stage= | 설치 매뉴얼 케이블 배치하기 케이블 배치 시 케이블의 곡률반경이 최소곡률반경 이상이 되도록 배치하십시오 . 각 케이블의 최소곡률반경 (R) 은 아래와 같습니다 . 케이블 최소곡률반경 (R) 티치 펜던트 케이블 120 mm 로봇 케이블 120 mm 경고 매니퓰레이터가 작동할 때 , 볼트가 풀리지 않도록 끝까지 조이십시오 .
4. 로봇 설치 준비 | pages [117] | no_match keyword=0.00 semantic_rank=17 | stage= | 설치 매뉴얼 전자파 노이즈가 발생할 수 있는 환경에서는 적합한 케이블 설치 및 조치를 취해야 오동작 등을 방지 할 수 있습니다 .
5. 시스템 연결 | pages [120, 121, 118, 119] | page | stage= | 매니퓰레이터와 컨트롤러 연결하기 설명 1 매니퓰레이터 연결 케이블 연결 후 고정용 고리 체결 매니퓰레이터 연결 케이블을 컨트롤러의 해당 연결부에 연결한 후 고정용 고리를 걸어 케이블이 빠지지 않 도록 하십시오 . 2 매니퓰레이터 연결 케이블의 반대편 끝을 컨트롤러에 연결 매니퓰레이터 연결 케이블의 반대편 끝을 컨트롤러의 
6. 로봇 설치 준비 | pages [115, 116, 117, 118] | no_match keyword=0.17 semantic_rank=- | stage= | 로봇 고정하기 매니퓰레이터 베이스에 있는 Ø 8.5 mm 구멍 4 개에 M8 볼트를 이용하여 고정하십시오 . 볼트를 고정할 때에는 20Nm 의 토크로 볼트를 조이는 것을 권장합니다 . 진동에 의한 풀림 방지를 위해서 와셔 ( 스프 링 - 평 ) 사용하시기 바랍니다 . 매니퓰레이터를 고정된 위치에 정확하게 설치해야 하는 경
7. 시스템 연결 | pages [121, 122] | keyword:설치하는,설치하,것을 | stage= | 설치 매뉴얼 매개변수 사양 입력전압 100 – 240 VAC 입력전원 퓨즈 (@100-240V) 15 A 주의 전원 케이블을 연결한 후 로봇을 올바르게 접지했는지 확인하십시오 ( 전기적 지면 연결 ). 컨트롤러 내부 의 접지 심볼과 관련된 나사 중에서 사용하지 않은 나사로 시스템의 모든 장비에 대하여 공통적인 접지 를 하
8. (CS-12P) | pages [397, 398, 399, 400, 401, 402, 403, 404] | keyword:페라이트코어를,페라이트코어,설치하는,설치하,것을 | stage= | 제품 소개 (CS-12P) 각 부 명칭과 기능 번호 항목 설명 1 I/O 연결 단자 ( 내부 ) 다른 로봇의 컨트롤러나 주변 기기와 연결할 수 있 습니다 . 2 전원 스위치 컨트롤러의 주 전원을 켜거나 끌 수 있습니다 . 3 티치펜던트 케이블 연결 단자 티치펜던트의 케이블을 컨트롤러와 연결합니다 . 4 로봇 케이블 연결 
9. 로봇 시스템 구성 및 설명 | pages [98, 99, 100, 101, 102, 103, 104] | no_match keyword=0.00 semantic_rank=- | stage= | 구성품 확인 매니퓰레이터 컨트롤러 ( 옵션 : 부록참조 ) PART 3. 설치 매뉴얼 티치펜던트 컨트롤러 전원케이블 매니퓰레이터 연결 케이블 사용자 매뉴얼 / 빠른 설명서 PART 3. 설치 매뉴얼 각 부 명칭과 기능 매니퓰레이터 각부의 명칭 No. 이름 No. 이름 1 베이스 (Base) 6 J4 2 J1 7 Link2
10. 유지보수 | pages [162] | no_match keyword=0.00 semantic_rank=- | stage= | 전원 케이블을 분리하고 매니퓰레이터 또는 컨트롤러에 연결된 다른 전력 공급원에서 전력이 공급되지 않도록 합 니다 . 보수 작업 중 시스템에 전원을 연결하지 마십시오 . 시스템에 다시 전원 공급을 하기 전에는 반드시 접지를 확인하십시오 . 매니퓰레이터 또는 컨트롤러의 부품을 해체할 때에는 ESD 규정을 준수하여 작업하십시오",page_119_img_1_0.jpeg,3,2,O,"1. page_120_img_0_0.jpeg | score=1.153 | stage=0.813 | page=1.00; keyword=케이블,매니퓰레이터,연결,해당; section=케이블,시스템,연결
2. page_119_img_1_0.jpeg | score=1.107 | stage=0.813 | page=1.00; keyword=케이블,매니퓰레이터,연결,해당; section=케이블,시스템,연결
3. page_121_img_0_0.jpeg | score=1.092 | stage=0.724 | page=1.00; keyword=매니퓰레이터,연결,part; section=시스템,연결
4. page_115_img_0_0.jpeg | score=1.022 | stage=0.758 | page=1.00; keyword=매니퓰레이터,설치,mm,하십시오; section=설치,준비
5. page_116_img_0_0.jpeg | score=1.022 | stage=0.690 | page=1.00; keyword=설치,part; section=설치,준비
6. page_123_img_0_0.jpeg | score=0.926 | stage=0.690 | page=1.00; keyword=연결,part; section=시스템,연결
7. page_119_img_0_0.jpeg | score=0.873 | stage=0.936 | page=1.00; keyword=케이블,않도록,연결,설치; section=설치,케이블,시스템
8. page_118_img_0_0.jpeg | score=0.827 | stage=0.813 | page=1.00; keyword=케이블,매니퓰레이터,연결,해당; section=케이블,시스템,연결
9. page_98_img_0_0.jpeg | score=0.810 | stage=0.288 | keyword=케이블,매니퓰레이터,연결,설치; section=설치,케이블,시스템
10. page_397_img_0_0.jpeg | score=0.793 | stage=0.217 | keyword=연결; section=연결"
Q47,추가,매니퓰레이터 연결 케이블을 컨트롤러에 연결한 뒤 케이블이 빠지지 않도록 추가로 해야 하는 조치는 무엇입니까?,설치/매니퓰레이터 연결,절차 확인형,연결 후 고정용 고리를 체결해야 함,1,1,O,"page; keyword:연결,고정용,고리를,고리; semantic_rank:1","1. 시스템 연결 | pages [120, 121, 118, 119] | page; keyword:연결,고정용,고리를,고리; semantic_rank:1 | stage= | 매니퓰레이터와 컨트롤러 연결하기 설명 1 매니퓰레이터 연결 케이블 연결 후 고정용 고리 체결 매니퓰레이터 연결 케이블을 컨트롤러의 해당 연결부에 연결한 후 고정용 고리를 걸어 케이블이 빠지지 않 도록 하십시오 . 2 매니퓰레이터 연결 케이블의 반대편 끝을 컨트롤러에 연결 매니퓰레이터 연결 케이블의 반대편 끝을 컨트롤러의 
2. 시스템 연결 | pages [119, 120, 121, 122, 123] | page; semantic_rank:10 | stage= | 설치 매뉴얼 컨트롤러와 티치펜던트 연결하기 티치펜던트 케이블을 컨트롤러의 해당 연결부에 딸깍 소리가 날 때까지 연결하여 케이블이 빠지지 않도록 하십시오 . 컨트롤러가 전자파 노이즈의 영향을 받거나 다른 기기에 영향을 줄 경우 정상적인 사용을 위해 매니퓰 레이터 케이블 양단에 페라이트코어를 설치하는 것을 권장합니다 . 설치
3. 유지보수 | pages [162] | no_match keyword=0.20 semantic_rank=- | stage= | 전원 케이블을 분리하고 매니퓰레이터 또는 컨트롤러에 연결된 다른 전력 공급원에서 전력이 공급되지 않도록 합 니다 . 보수 작업 중 시스템에 전원을 연결하지 마십시오 . 시스템에 다시 전원 공급을 하기 전에는 반드시 접지를 확인하십시오 . 매니퓰레이터 또는 컨트롤러의 부품을 해체할 때에는 ESD 규정을 준수하여 작업하십시오
4. 로봇 설치 준비 | pages [116, 117, 118] | no_match keyword=0.20 semantic_rank=- | stage= | 설치 매뉴얼 케이블 배치하기 케이블 배치 시 케이블의 곡률반경이 최소곡률반경 이상이 되도록 배치하십시오 . 각 케이블의 최소곡률반경 (R) 은 아래와 같습니다 . 케이블 최소곡률반경 (R) 티치 펜던트 케이블 120 mm 로봇 케이블 120 mm 경고 매니퓰레이터가 작동할 때 , 볼트가 풀리지 않도록 끝까지 조이십시오 .
5. 시스템 연결 | pages [121, 122] | no_match keyword=0.20 semantic_rank=- | stage= | 설치 매뉴얼 매개변수 사양 입력전압 100 – 240 VAC 입력전원 퓨즈 (@100-240V) 15 A 주의 전원 케이블을 연결한 후 로봇을 올바르게 접지했는지 확인하십시오 ( 전기적 지면 연결 ). 컨트롤러 내부 의 접지 심볼과 관련된 나사 중에서 사용하지 않은 나사로 시스템의 모든 장비에 대하여 공통적인 접지 를 하
6. 컨트롤러에 케이블 연결하기 | pages [83] | semantic_rank:7 | stage= | MANDATORY EASY 1 MIN 티치펜던트와 로봇의 케이블을 컨트롤러에 연결합니다 . 티치펜던트 케이블을 컨트롤러의 해당 연결부에 딸깍 소리가 날 때까지 연결하여 케이블이 빠지지 않도록 하십시 오 . 로봇 케이블의 반대편 끝을 컨트롤러의 해당 연결부에 딸깍 소리가 날 때까지 연결하여 케이블이 빠지지 않도록 하 십시오
7. (CS-12P) | pages [397, 398, 399, 400, 401, 402, 403, 404] | keyword:연결,고정용,고리; semantic_rank:11 | stage= | 제품 소개 (CS-12P) 각 부 명칭과 기능 번호 항목 설명 1 I/O 연결 단자 ( 내부 ) 다른 로봇의 컨트롤러나 주변 기기와 연결할 수 있 습니다 . 2 전원 스위치 컨트롤러의 주 전원을 켜거나 끌 수 있습니다 . 3 티치펜던트 케이블 연결 단자 티치펜던트의 케이블을 컨트롤러와 연결합니다 . 4 로봇 케이블 연결 
8. 컨트롤러와 전원 연결하기 | pages [86, 87] | semantic_rank:3 | stage= | MANDATORY EASY 1 MIN 컨트롤러에 전원을 연결하려면 표준 IEC 전원 플러그에 케이블을 연결하십시오 . 전원 케이블을 연결한 후 로봇을 올바르게 접지가 되었는지 확인하십시오 ( 전기적 지면 연결 ). 컨트롤러 안의 접지 심볼과 관련된 나사 중에서 사용하지 않은 나사로 시스템의 모든 장비에 대하여 공통적인 접
9. 시스템 연결 | pages [120] | page | stage= | 설치 매뉴얼 컨트롤러 전원 연결하기 컨트롤러에 전원을 연결하려면 표준 IEC 전원 플러그에 케이블을 연결하십시오 . 연결할 때에는 해당 국가의 표준 전원 플러그가 적용된 케이블을 사용하십시오 . 전원 플러그를 컨트롤러의 해당 연결부에 끝까지 연결하여 빠지지 않도록 하십시오 . 컨트롤러 아래의 표준 IEC C14 플러그와 
10. 로봇 시스템 구성 및 설명 | pages [98, 99, 100, 101, 102, 103, 104] | no_match keyword=0.20 semantic_rank=- | stage= | 구성품 확인 매니퓰레이터 컨트롤러 ( 옵션 : 부록참조 ) PART 3. 설치 매뉴얼 티치펜던트 컨트롤러 전원케이블 매니퓰레이터 연결 케이블 사용자 매뉴얼 / 빠른 설명서 PART 3. 설치 매뉴얼 각 부 명칭과 기능 매니퓰레이터 각부의 명칭 No. 이름 No. 이름 1 베이스 (Base) 6 J4 2 J1 7 Link2",page_120_img_0_0.jpeg,1,1,O,"1. page_120_img_0_0.jpeg | score=1.198 | stage=0.861 | page=1.00; keyword=연결,케이블을,매니퓰레이터,컨트롤러의; section=연결,매니퓰레이터,시스템
2. page_119_img_1_0.jpeg | score=1.178 | stage=0.861 | page=1.00; keyword=연결,케이블을,매니퓰레이터,컨트롤러의; section=연결,매니퓰레이터,시스템
3. page_121_img_0_0.jpeg | score=1.158 | stage=0.760 | page=1.00; keyword=연결,매니퓰레이터; section=연결,매니퓰레이터,시스템
4. page_116_img_0_0.jpeg | score=0.965 | stage=0.651 | page=1.00; keyword=설치; section=설치
5. page_123_img_0_0.jpeg | score=0.937 | stage=0.689 | page=1.00; keyword=연결; section=연결,시스템
6. page_119_img_0_0.jpeg | score=0.920 | stage=0.962 | page=1.00; keyword=연결,케이블을,설치,않도록; section=연결,설치,시스템
7. page_83_img_0_0.jpeg | score=0.912 | stage=0.306 | 
8. page_118_img_0_0.jpeg | score=0.908 | stage=0.861 | page=1.00; keyword=연결,케이블을,매니퓰레이터,컨트롤러의; section=연결,매니퓰레이터,시스템
9. page_115_img_0_0.jpeg | score=0.899 | stage=0.756 | page=1.00; keyword=설치,매니퓰레이터,하십시오; section=설치,매니퓰레이터
10. page_86_img_0_0.jpeg | score=0.839 | stage=0.293 | keyword=연결,케이블을,전원,하십시오; section=연결"
Q48,추가,툴을 툴 플랜지에 고정할 때 사용하는 볼트 수와 권장 체결 토크는 얼마입니까?,툴 장착/플랜지 고정,설치 절차형,M6 볼트 4개를 사용하며 9 Nm 토크로 조이는 것을 권장함,1,1,O,"page; keyword:m6,볼트,nm,토크로,조이는,조이; semantic_rank:3","1. 로봇과 툴 연결하기 | pages [123, 124, 125] | page; keyword:m6,볼트,nm,토크로,조이는,조이; semantic_rank:3 | stage= | 번호 항목 1 툴 2 브라켓 3 케이블 4 툴 플랜지 1. M6 볼트 4 개를 이용하여 툴 플랜지에 툴을 고정하십시오 . 볼트를 고정할 때에는 9 Nm 의 토크로 볼트를 조이는 것을 권장합니다 . 로봇을 고정된 위치에 정확하게 설치해야 하는 경우에는 Φ 6 의 위치 결정 핀을 이용하면 원하는 위치에 설 치할 수 있습니다 
2. 툴 설치하기 | pages [93] | keyword:m6,볼트,nm,토크로,조이는,조이; semantic_rank:2 | stage= | MANDATORY EASY 5 MIN M6 볼트 4 개를 이용하여 툴 플랜지에 툴을 고정하십시오 . 볼트를 고정할 때에는 9 Nm 의 토크로 볼트를 조이는 것을 권장합니다 . 로봇을 고정된 위치에 정확하게 설치해야 하는 경우에는 Φ 6 의 위치 결정 핀을 이용하면 원하는 위치에 설치할 수 있습니다 . 번호 항목 1 툴 2
3. 시스템 연결 | pages [121, 122] | semantic_rank:7 | stage= | 설치 매뉴얼 매개변수 사양 입력전압 100 – 240 VAC 입력전원 퓨즈 (@100-240V) 15 A 주의 전원 케이블을 연결한 후 로봇을 올바르게 접지했는지 확인하십시오 ( 전기적 지면 연결 ). 컨트롤러 내부 의 접지 심볼과 관련된 나사 중에서 사용하지 않은 나사로 시스템의 모든 장비에 대하여 공통적인 접지 를 하
4. 로봇 베이스 고정하기 | pages [84, 85] | no_match keyword=0.09 semantic_rank=- | stage= | MANDATORY EASY 3 MIN 로봇의 베이스를 고정할 때와 툴 플랜지에 툴을 장착하기 위해서는 아래와 같이 추가 부품이 필요합니다 . M8 육각 렌치 볼트 : 4 개 Φ 5 의 위치 결정 핀 : 2 개 로봇의 베이스에 있는 구멍 4 개에 M8 볼트를 이용하여 고정하십시오 . 자세한 내용은 로봇 고정하기 (p. 11
5. 배선 연결하기 | pages [94] | no_match keyword=0.00 semantic_rank=- | stage= | MANDATORY NORMAL 10 MIN 툴을 고정한 후 플랜지 I/O 커넥터에 필요한 케이블을 연결하십시오 . 반드시 플랜지 I/O 의 핀 맵을 확인하십시오 . 로봇에 전원을 인가하게 되면 각 커넥터의 5 번 단자는 항상 24V 가 출력되게 됩니다 .
6. 로봇 베이스 고정하기 | pages [84] | keyword:볼트,nm,토크로,조이는,조이,것을; semantic_rank:1 | stage= | 볼트를 고정할 때에는 20Nm 정도의 토크로 볼트를 조이는 것을 권장합니다 . 진동에 의한 풀림 방지를 위해서 와셔 ( 스프링 - 평 ) 사용하시기 바랍니다 .
7. 6.7.2 Tool Settings | pages [205, 206, 207] | no_match keyword=0.09 semantic_rank=- | stage= | DART-Platform 매뉴얼 Tool Weight 툴 무게 (Tool Weight) 를 추가하여 플랜지에 장착된 Tool 의 무게를 설정할 수 있습니다 . 툴 무게는 Robot Parameters > Tool Settings > Tool Weight 를 선택하여 설정할 수 있습니다 . 자동 계산 (Auto Measur
8. 로봇 설치 준비 | pages [115, 116, 117, 118] | keyword:볼트,nm,토크로,조이는,조이,것을; semantic_rank:4 | stage= | 로봇 고정하기 매니퓰레이터 베이스에 있는 Ø 8.5 mm 구멍 4 개에 M8 볼트를 이용하여 고정하십시오 . 볼트를 고정할 때에는 20Nm 의 토크로 볼트를 조이는 것을 권장합니다 . 진동에 의한 풀림 방지를 위해서 와셔 ( 스프 링 - 평 ) 사용하시기 바랍니다 . 매니퓰레이터를 고정된 위치에 정확하게 설치해야 하는 경
9. 테스트하기 | pages [96, 95] | no_match keyword=0.00 semantic_rank=- | stage= | MANDATORY NORMAL 10 MIN 티치펜던트에서는 플랜지 I/O 에 연결된 툴의 동작을 테스트할 수 있는 기능을 제공하고 있습니다 . 전원을 차단했을 때 툴에서 작업물이 낙하하는 등의 위험 상황이 발생하지 않도록 툴과 그리퍼를 구성 하십시오 . A 시리즈의 경우 로봇이 서보 오프될 때 Flange I/O 의 24
10. 툴의 중심 위치 | pages [110] | no_match keyword=0.00 semantic_rank=- | stage= | 툴의 중심 위치는 아래 그림을 참조하세요 .",page_123_img_0_0.jpeg,2,1,O,"1. page_123_img_0_0.jpeg | score=1.148 | stage=0.689 | page=1.00; keyword=part; section=시스템,연결,로봇과
2. page_93_img_0_0.jpeg | score=0.981 | stage=0.350 | keyword=설치,플랜지,툴을,것을; section=플랜지,고정
3. page_121_img_0_0.jpeg | score=0.969 | stage=0.664 | page=1.00; keyword=part; section=시스템,연결
4. page_115_img_0_0.jpeg | score=0.945 | stage=0.532 | page=0.70; keyword=설치,볼트,고정할; section=고정
5. page_84_img_0_0.jpeg | score=0.918 | stage=0.332 | keyword=part; section=고정,연결
6. page_124_img_0_0.jpeg | score=0.905 | stage=0.882 | page=1.00; keyword=플랜지,툴을,볼트,m6; section=플랜지,고정,연결
7. page_205_img_1_0.jpeg | score=0.843 | stage=0.324 | 
8. page_120_img_0_0.jpeg | score=0.838 | stage=0.756 | page=1.00; keyword=케이블을,컨트롤러의,체결; section=고정,시스템,연결
9. page_94_img_0_0.jpeg | score=0.815 | stage=0.223 | keyword=전원,티치펜던트; section=시스템
10. page_125_img_0_0.jpeg | score=0.808 | stage=0.639 | page=1.00; keyword=전원; section=로봇과"
Q49,추가,컨트롤러에서 시스템 전원을 켤 때 누르는 물리적 스위치는 어디에 있습니까?,전원/컨트롤러 조작,조작 절차형,컨트롤러 하단의 전원 스위치를 누름,1,1,O,"page; keyword:컨트롤러,하단,전원,스위치를,스위치; semantic_rank:1","1. 전원 켜기 | pages [125] | page; keyword:컨트롤러,하단,전원,스위치를,스위치; semantic_rank:1 | stage= | 컨트롤러 하단에 전원 차단을 위한 전원 스위치가 설치되어 있습니다 . 컨트롤러 하단에 있는 전원 스위치를 누르십시 오 . 로봇 , 컨트롤러 , 티치펜던트와 같은 시스템에 필요한 전원이 켜집니다 .
2. 전원 끄기 | pages [125] | page; keyword:컨트롤러,전원,스위치를,스위치; semantic_rank:3 | stage= | 로봇과 컨트롤러를 청소하거나 유지 보수를 위해 분해할 경우에는 반드시 전원 스위치를 눌러 전원을 차단하십시오 .
3. 시스템 연결 | pages [121, 122] | keyword:컨트롤러,전원,스위치를,스위치; semantic_rank:9 | stage= | 설치 매뉴얼 매개변수 사양 입력전압 100 – 240 VAC 입력전원 퓨즈 (@100-240V) 15 A 주의 전원 케이블을 연결한 후 로봇을 올바르게 접지했는지 확인하십시오 ( 전기적 지면 연결 ). 컨트롤러 내부 의 접지 심볼과 관련된 나사 중에서 사용하지 않은 나사로 시스템의 모든 장비에 대하여 공통적인 접지 를 하
4. 컨트롤러 전원 켜기 | pages [88, 89] | keyword:컨트롤러,하단,전원,스위치를,스위치; semantic_rank:7 | stage= | MANDATORY EASY 1 MIN 1. 컨트롤러 하단에 있는 전원 스위치를 누르십시오 . 로봇 , 컨트롤러 , 티치펜던트와 같은 시스템에 필요한 전원이 켜 집니다 . 티치펜던트 화면이 켜질 때까지 전원 버튼 ( 그림 2 번 ) 을 길게 누르십시오 . 로봇 제어기와의 네트워크 연결이 완료될 때까지 티치펜던트 LED( 그
5. 티치 펜던트를 사용할 경우 | pages [163] | keyword:컨트롤러,하단의,하단,전원,스위치를,스위치; semantic_rank:8 | stage= | 티치 펜던트 좌측 상단에 있는 전원 버튼을 길게 누르십시오 . 로봇 , 컨트롤러 , 티치 펜던트와 같은 시스템에 필요한 전원이 켜집니다 . 시스템의 전원이 켜지면 로봇의 상태 LED 가 점등됩니다 . 전원을 끄려면 티치 펜던트 화면의 종료 버튼을 누르거나 티치펜던트 좌측 상단에 있는 전원 버튼을 2 초 정도 길게 누르십시
6. (CS-12P) | pages [397, 398, 399, 400, 401, 402, 403, 404] | keyword:컨트롤러,전원,스위치를,스위치 | stage= | 제품 소개 (CS-12P) 각 부 명칭과 기능 번호 항목 설명 1 I/O 연결 단자 ( 내부 ) 다른 로봇의 컨트롤러나 주변 기기와 연결할 수 있 습니다 . 2 전원 스위치 컨트롤러의 주 전원을 켜거나 끌 수 있습니다 . 3 티치펜던트 케이블 연결 단자 티치펜던트의 케이블을 컨트롤러와 연결합니다 . 4 로봇 케이블 연결 
7. 구성하기 | pages [144, 145] | no_match keyword=0.29 semantic_rank=20 | stage= | VIO 와 GIO 는 컨트롤러 전면에 위치한 Safety Controller 의 디지털 I/O 에 사용되는 전원으로 , 컨트롤러 내부의 SMPS 에서 공급하는 VCC24V 와 GND 와 분리되어 있습니다 . 만약 , 사용자가 Configurable 디지털 I/O 용으로 2A 이하의 전류 를 사용하고 , IO 연결기기와 컨
8. 컨트롤러와 전원 연결하기 | pages [86, 87] | semantic_rank:5 | stage= | MANDATORY EASY 1 MIN 컨트롤러에 전원을 연결하려면 표준 IEC 전원 플러그에 케이블을 연결하십시오 . 전원 케이블을 연결한 후 로봇을 올바르게 접지가 되었는지 확인하십시오 ( 전기적 지면 연결 ). 컨트롤러 안의 접지 심볼과 관련된 나사 중에서 사용하지 않은 나사로 시스템의 모든 장비에 대하여 공통적인 접
9. 시스템 연결 | pages [120] | semantic_rank:4 | stage= | 설치 매뉴얼 컨트롤러 전원 연결하기 컨트롤러에 전원을 연결하려면 표준 IEC 전원 플러그에 케이블을 연결하십시오 . 연결할 때에는 해당 국가의 표준 전원 플러그가 적용된 케이블을 사용하십시오 . 전원 플러그를 컨트롤러의 해당 연결부에 끝까지 연결하여 빠지지 않도록 하십시오 . 컨트롤러 아래의 표준 IEC C14 플러그와 
10. 구성하기 | pages [136, 137, 134, 135] | semantic_rank:10 | stage= | 컨트롤러는 전압모드 또는 전류모드로 설정할 수 있는 아날로그 I/O 2 단자를 제공합니다 . 아날로그 I/O 로 구동되는 외부기기를 이용하여 전압 / 전류를 출력하거나 , 아날로그 전압 / 전류를 출력하는 센서로부터 신호를 입력 받을 수 있 습니다 . 아날로그 입력 정확도를 최대한 확보하기 위해 다음 사항을 준수하십시오 ",page_125_img_0_0.jpeg,2,1,O,"1. page_125_img_0_0.jpeg | score=1.125 | stage=0.790 | page=1.00; keyword=전원,스위치를,경우에는,전원을; section=전원,로봇과,끄기
2. page_121_img_0_0.jpeg | score=1.026 | stage=0.647 | page=1.00; keyword=part,시스템
3. page_88_img_1_0.jpeg | score=0.936 | stage=0.346 | keyword=전원,스위치를,필요한,하단에; section=전원,켜기
4. page_88_img_0_0.jpeg | score=0.914 | stage=0.341 | keyword=전원,part,시스템; section=전원,켜기
5. page_163_img_0_0.jpeg | score=0.884 | stage=0.328 | keyword=전원,필요한,시스템; section=전원
6. page_163_img_1_0.jpeg | score=0.836 | stage=0.332 | keyword=전원,필요한,시스템; section=전원
7. page_120_img_0_0.jpeg | score=0.828 | stage=0.324 | page=0.45; keyword=시스템; section=연결하기
8. page_119_img_1_0.jpeg | score=0.820 | stage=0.639 | page=1.00; keyword=시스템; section=연결하기
9. page_144_img_0_0.jpeg | score=0.817 | stage=0.302 | keyword=전원; section=전원
10. page_123_img_0_0.jpeg | score=0.813 | stage=0.698 | page=1.00; keyword=part,시스템; section=로봇과,연결하기"
Q50,추가,플랜지 디지털 출력이 활성화되었을 때와 비활성화되었을 때 출력 채널 상태는 각각 어떻게 됩니까?,툴 플랜지/디지털 출력,사양 확인형,활성화 시 +24V가 되고 비활성화 시 open 상태가 됨,1,1,O,"page; keyword:활성화,24v,비활성화,open,상태; semantic_rank:1","1. 플랜지 디지털 출력 사양 | pages [130, 131] | page; keyword:활성화,24v,비활성화,open,상태; semantic_rank:1 | stage= | 플랜지 디지털 출력은 PNP 사양으로 Photo coupler 출력이 output 에 구성되어 있습니다 . 디지털 출력이 활성화되면 해당 출력 채널의 상태는 +24V 가 됩니다 . 디지털 출력이 비활성화 되면 해당 출력 채널의 상태는 open(floating) 됩니다 . 디지털 출력의 전기적 사양은 아래와 같습니다 . P
2. 플랜지 디지털 입력 사양 | pages [131, 132] | no_match keyword=0.12 semantic_rank=- | stage= | 플랜지 디지털 입력은 Photo coupler 입력으로 구성되어 있습니다 . 입력 24V 기준으로 전류는 내부 저항에 의해 5mA 로 제한됩니다 . 디지털 입력의 전기적 사양은 아래와 같습니다 . Parameter Min Type Max Unit Input voltage 0 - 26 V Logical high 4.4 - 
3. 6.10.2 I/O Overview | pages [336] | keyword:활성화,되고,비활성화; semantic_rank:3 | stage= | 플랜지 디지털 출력 1. 플랜지에 연결된 기기의 포트 번호를 확인하십시오 . 포트 번호에 해당하는 On/Off 아이콘을 눌러 디지털 출력을 활성화하거나 비활성화하십시오 . On 아이콘을 누르면 색상이 연두색으로 변경되고 해당 포트가 활성화됩니다 . Off 아이콘을 누르면 색상이 연두색으로 변경되고 해당 포트가 비활성화됩니
4. 6.10.2 I/O Overview | pages [336, 335] | keyword:활성화,되고,비활성화,상태 | stage= | DART-Platform 매뉴얼 제어기 디지털 출력 1. 컨트롤러나 플랜지에 연결된 기기의 포트 번호를 확인하십시오 . 포트 번호에 해당하는 On/Off 아이콘을 눌러 디지털 출력을 활성화하거나 비활성화하십시오 . On 아이콘을 누르면 색상이 연두색으로 변경되고 해당 포트가 활성화됩니다 . Off 아이콘을 누르면 색상이 
5. 6.10.2 I/O Overview | pages [336] | no_match keyword=0.12 semantic_rank=- | stage= | PART 6. DART-Platform 매뉴얼 1. 컨트롤러 아날로그 출력에 있는 드롭다운 목록을 눌러 설정할 항목을 선택하십시오 . 선택한 항목에 따라 드롭다운 목록 오른쪽에 아날로그 출력 정보가 표시됩니다 . 아날로그 출력 신호 타입의 기본값은 전압입니다 . 아날로그 출력 값을 변경하십시오 . 플랜지 입출력 플랜지 디
6. ................................................................ 126 | pages [4, 5] | no_match keyword=0.00 semantic_rank=- | stage= | - 3 - User manual (V3.4.0) 4.1 플랜지 I/O.......................................................................................... 126 4.1.1 Schematic Diagram .......................
7. 설정 항목 | pages [253] | semantic_rank:2 | stage= | DART-Platform 매뉴얼 전원 켜기 / 끄기 용 입력 포트를 설정할 수 있습니다 . 신호 포트 옆에 표시되는 설명은 해당 신호의 동작 조건을 나타냅니다 . 상승 엣지 입력 신호가 상승하는 경우 활성화 됩니다 . 예를 들어 , 태스크 시작 신호는 입력이 0V 에서 24V 로 상승하는 순간 활성화됩니다 . 재시도 시 
8. 모듈 | pages [331] | no_match keyword=0.00 semantic_rank=- | stage= | Status 모듈은 제어기 , 플랜지의 입출력 및 통신 레지스터를 모니터링할 수 있는 모듈입니다 .
9. 구성하기 | pages [139, 140, 141, 142, 143, 144] | no_match keyword=0.25 semantic_rank=- | stage= | 컨트롤러에는 디지털 입력 16 개 , 디지털 출력 16 개의 디지털 I/O 가 구성되어 있습니다 . 아래 그림과 같은 디지털 I/O 는 로봇 제어에 필요한 주변기기와 연결하여 사용하거나 이중화된 Safety IO 로 설정하여 안전신호 입출력 용도로 사 용할 수 있습니다 . Configurable 디지털 I/O 의 전기적 
10. 모듈 활성화 및 비활성화 | pages [347] | keyword:활성화,비활성화,상태가,상태; semantic_rank:8 | stage= | DART-Platform 매뉴얼 오프라인 상태일 경우 : Setting 모듈의 Installed Module List 메뉴에서 비활성화 하고자 하는 모듈의 옵션 버튼을 이용하여 비활성화할 수 있습니다 . 모듈 비활성화 코드를 발급받으면 모듈은 즉시 비활성화 상태가 됩니다 .",page_130_img_0_0.jpeg,1,1,O,"1. page_130_img_0_0.jpeg | score=1.210 | stage=0.975 | page=1.00; keyword=디지털,출력,24v,pnp; section=플랜지,디지털,출력
2. page_132_img_0_0.png | score=0.907 | stage=0.722 | page=1.00; keyword=default,플랜지; section=플랜지,사양,diagram
3. page_347_img_0_0.jpeg | score=0.773 | stage=0.328 | section=diagram
4. page_346_img_0_0.jpeg | score=0.772 | stage=0.332 | section=diagram
5. page_348_img_0_0.jpeg | score=0.732 | stage=0.341 | section=diagram
6. page_133_img_0_0.jpeg | score=0.729 | stage=0.605 | page=1.00; section=diagram
7. page_139_img_0_0.jpeg | score=0.723 | stage=0.218 | keyword=디지털,출력; section=디지털,출력,diagram
8. page_136_img_0_0.png | score=0.686 | stage=0.345 | page=0.45; keyword=출력; section=출력,diagram
9. page_344_img_0_0.jpeg | score=0.681 | stage=0.337 | section=diagram
10. page_136_img_1_0.jpeg | score=0.669 | stage=0.345 | page=0.45; keyword=출력; section=출력,diagram"
Q51,추가,플랜지 아날로그 입력 기능에서 설정 가능한 입력 모드는 무엇입니까?,툴 플랜지/아날로그 입력,사양 확인형,전압 모드(0~10V) 또는 전류 모드(4~20mA)로 설정 가능함,2,1,O,page; semantic_rank:12,"1. 플랜지 디지털 입력 사양 | pages [131, 132] | page; semantic_rank:12 | stage= | 플랜지 디지털 입력은 Photo coupler 입력으로 구성되어 있습니다 . 입력 24V 기준으로 전류는 내부 저항에 의해 5mA 로 제한됩니다 . 디지털 입력의 전기적 사양은 아래와 같습니다 . Parameter Min Type Max Unit Input voltage 0 - 26 V Logical high 4.4 - 
2. 구성하기 | pages [136, 137, 134, 135] | keyword:전압,모드,10v,전류,20ma; semantic_rank:2 | stage= | 컨트롤러는 전압모드 또는 전류모드로 설정할 수 있는 아날로그 I/O 2 단자를 제공합니다 . 아날로그 I/O 로 구동되는 외부기기를 이용하여 전압 / 전류를 출력하거나 , 아날로그 전압 / 전류를 출력하는 센서로부터 신호를 입력 받을 수 있 습니다 . 아날로그 입력 정확도를 최대한 확보하기 위해 다음 사항을 준수하십시오 
3. 플랜지 아날로그 입력 사양 | pages [132, 133] | page; keyword:전압,모드,10v,전류,20ma; semantic_rank:1 | stage= | 외부 기기로부터 전압 또는 전류 신호를 입력 받습니다 . 아날로그 입력 기능은 전압 모드 (0~10V) 또는 전류 모드 (4~20mA, default) 로 설정 가능합니다 . 상세 전원 사양은 아래 표를 참조하시어 연결하시기 바랍니다 . Parameter Min Type Max Unit 전압 모드에서의 입력 전압 0 - 
4. 플랜지 디지털 출력 사양 | pages [130, 131] | semantic_rank:10 | stage= | 플랜지 디지털 출력은 PNP 사양으로 Photo coupler 출력이 output 에 구성되어 있습니다 . 디지털 출력이 활성화되면 해당 출력 채널의 상태는 +24V 가 됩니다 . 디지털 출력이 비활성화 되면 해당 출력 채널의 상태는 open(floating) 됩니다 . 디지털 출력의 전기적 사양은 아래와 같습니다 . P
5. 6.10.2 I/O Overview | pages [336] | semantic_rank:14 | stage= | PART 6. DART-Platform 매뉴얼 1. 컨트롤러 아날로그 출력에 있는 드롭다운 목록을 눌러 설정할 항목을 선택하십시오 . 선택한 항목에 따라 드롭다운 목록 오른쪽에 아날로그 출력 정보가 표시됩니다 . 아날로그 출력 신호 타입의 기본값은 전압입니다 . 아날로그 출력 값을 변경하십시오 . 플랜지 입출력 플랜지 디
6. 6.10.2 I/O Overview | pages [337] | no_match keyword=0.00 semantic_rank=- | stage= | PART 6. DART-Platform 매뉴얼 플랜지 아날로그 입력 1. 플랜지 아날로그 입력에 있는 드롭다운 목록을 눌러 확인할 항목을 선택하십시오 . 선택한 항목에 따라 화면에 표시되는 플랜지 아날로그 입력 정보를 확인하십시오 . 알아두기 플랜지 아날로그 입력 값은 상태창에서 입력 값을 설정할 수 없습니다 .
7. ................................................................ 126 | pages [4, 5] | no_match keyword=0.17 semantic_rank=- | stage= | - 3 - User manual (V3.4.0) 4.1 플랜지 I/O.......................................................................................... 126 4.1.1 Schematic Diagram .......................
8. 6.10.2 I/O Overview | pages [333, 334, 335, 336, 337] | no_match keyword=0.00 semantic_rank=- | stage= | I/O Overview 화면 구성 항목 설명 1 제어기 디지털 입력 제어기 디지털 입력 설정을 할 수 있습니다 . 2 안전 입력 안전 입력 설정을 할 수 있습니다 . 3 제어기 디지털 출력 제어기 디지털 출력 설정을 할 수 있습니다 . 4 제어기 아날로그 입력 제어기 아날로그 입력 설정을 할 수 있습니다 . 5 제어기 아
9. 4.1.1 Schematic Diagram | pages [128, 129, 130] | keyword:전압,모드,10v,전류,20ma; semantic_rank:9 | stage= | 인터페이스 X1 커넥터가 제공하는 상세한 I/O 구성은 아래 표를 참조하시기 바랍니다 . X1 구성 No Signal type Description 1 디지털 입력 1 PNP (Source Type, default) 2 디지털 출력 1 PNP (Source Type, default) / NPN (Sink Type) 선택 
10. 원격 제어 모드 | pages [260] | no_match keyword=0.17 semantic_rank=- | stage= | DART-Platform 매뉴얼 항목 설명 1 제어기 디지털 입력 제어기 디지털 입력 설정을 표시합니다 . 2 안전 입력 안전 입력 설정을 표시합니다 . 3 제어기 디지털 출력 제어기 디지털 출력 설정을 표시합니다 . 4 플랜지 디지털 입력 플랜지 디지털 입력 설정을 표시합니다 . 5 플랜지 디지털 출력 플랜지 디지털 출",page_132_img_0_0.png,1,1,O,"1. page_132_img_0_0.png | score=1.150 | stage=0.824 | page=1.00; keyword=플랜지,전압,전류,아날로그; section=플랜지,사양,아날로그
2. page_137_img_0_0.jpeg | score=1.063 | stage=0.605 | page=1.00; section=연결
3. page_136_img_1_0.jpeg | score=1.050 | stage=0.706 | page=1.00; keyword=전압,전류,단자블록; section=출력
4. page_130_img_0_0.jpeg | score=1.032 | stage=0.815 | page=1.00; keyword=디지털,플랜지,출력이,24v; section=플랜지,사양,디지털
5. page_136_img_0_0.png | score=0.974 | stage=0.765 | page=1.00; keyword=전압,전류,아날로그,모드; section=아날로그,출력
6. page_135_img_0_0.jpeg | score=0.864 | stage=0.765 | page=1.00; keyword=전압,전류,아날로그,모드; section=아날로그,출력
7. page_133_img_0_0.jpeg | score=0.830 | stage=0.639 | page=1.00; keyword=안전; section=연결
8. page_138_img_0_0.jpeg | score=0.811 | stage=0.605 | page=1.00; section=연결
9. page_128_img_0_0.jpeg | score=0.788 | stage=0.580 | page=1.00
10. page_138_img_1_0.jpeg | score=0.782 | stage=0.605 | page=1.00; section=연결"
Q52,추가,컨트롤러 I/O 단자를 통해 연결할 수 있는 대표적인 안전기기에는 무엇이 있습니까?,제어기 I/O/외부 장치 연결,장치 확인형,"비상정지 스위치, 라이트 커튼, 안전 매트 등을 연결할 수 있음",1,1,O,"page; keyword:비상정지,스위치,라이트,커튼,안전,매트; semantic_rank:2","1. 연결 | pages [133, 134] | page; keyword:비상정지,스위치,라이트,커튼,안전,매트; semantic_rank:2 | stage= | 컨트롤러 I/O 단자를 이용하여 매니퓰레이터와 티치펜던트 이외에 외부 장비를 컨트롤러와 연결하여 사용할 수 있습 니다 . 비상정지 스위치 , 라이트 커튼 , 안전 매트와 같은 안전기기와 더불어 공압용 솔밸브 , 릴레이 , PLC, 컨베이어 벨 트 엔코더 등 로봇 작업 셀을 구성할 때 필요한 다양한 주변기기를 연결할 수 있
2. 구성하기 | pages [145, 146, 147] | keyword:비상정지,스위치,라이트,커튼,안전,매트 | stage= | 컨트롤러의 안전 입출력 (Safety I/O) 은 안전장치 연결을 위한 이중화된 전용 접점입력단자로 구성되어 있습니다 . 이 단자는 용도에 따라 두 영역으로 나누어져 있습니다 . 하부 2 쌍의 External Emergency Contact In: 외부 비상 스위치 등 비상정지에 필요한 장치 연결 상부 2 쌍의 Prote
3. 구성하기 | pages [139, 140, 141, 142, 143, 144] | no_match keyword=0.11 semantic_rank=- | stage= | 컨트롤러에는 디지털 입력 16 개 , 디지털 출력 16 개의 디지털 I/O 가 구성되어 있습니다 . 아래 그림과 같은 디지털 I/O 는 로봇 제어에 필요한 주변기기와 연결하여 사용하거나 이중화된 Safety IO 로 설정하여 안전신호 입출력 용도로 사 용할 수 있습니다 . Configurable 디지털 I/O 의 전기적 
4. 이동 및 설치를 위한 인양 지점 | pages [97] | no_match keyword=0.11 semantic_rank=- | stage= | 컨트롤러와 연결하여 사용할 안전 장비는 반드시 안전용 접점입력 단자 또는 Safety IO 로 설정한 Configurable 디지털 IO 에 이중신호로 연결하십시오 . 일반 IO 에 연결하거나 단일신호로 연결하여 사용 할 경우 , 규정된 안전수준을 달성할 수 없습니다 .
5. 구성하기 | pages [144, 145] | no_match keyword=0.11 semantic_rank=- | stage= | VIO 와 GIO 는 컨트롤러 전면에 위치한 Safety Controller 의 디지털 I/O 에 사용되는 전원으로 , 컨트롤러 내부의 SMPS 에서 공급하는 VCC24V 와 GND 와 분리되어 있습니다 . 만약 , 사용자가 Configurable 디지털 I/O 용으로 2A 이하의 전류 를 사용하고 , IO 연결기기와 컨
6. 구성하기 | pages [142, 143] | keyword:스위치,라이트,커튼,안전,연결할 | stage= | 인터페이스 Negative common & Sink type 입력기기와 연결하는 경우 디지털 IO 의 출력을 Sink type 의 입력기기와 연결하는 경우 , TBCO1 ~ TBCO4 단자블록의 Oxx 단자를 외부기기의 입 력단자에 연결하고 , GIO 를 외부기기의 Negative common 에 연결하여 공통 groun
7. 6.7.3 Safety Settings | pages [241, 242, 245, 215, 216, 218] | no_match keyword=0.11 semantic_rank=- | stage= | Safety I/O 이중화된 단자로 안전 관련 신호를 입출력하는 기능입니다 . 안전 입출력 신호 중 어느 하나라도 이중화된 신호가 다 른 것이 감지되면 단선이나 하드웨어 고장으로 판단하여 로봇을 STO 정지 모드로 정지시킵니다 . 안전 신호 입출력 (Safety I/O) 를 설정하려면 Robot Parameters > S
8. 구성하기 | pages [136, 137, 134, 135] | no_match keyword=0.00 semantic_rank=- | stage= | 컨트롤러는 전압모드 또는 전류모드로 설정할 수 있는 아날로그 I/O 2 단자를 제공합니다 . 아날로그 I/O 로 구동되는 외부기기를 이용하여 전압 / 전류를 출력하거나 , 아날로그 전압 / 전류를 출력하는 센서로부터 신호를 입력 받을 수 있 습니다 . 아날로그 입력 정확도를 최대한 확보하기 위해 다음 사항을 준수하십시오 
9. 구성하기 | pages [147] | no_match keyword=0.11 semantic_rank=- | stage= | Safety Controller 는 테스트펄스가 포함된 안전신호를 연결 가능한 전용 안전 입력단자 (SI1, SI2, SI3, SI4) 를 제공합 니다 . Protective Device 는 위험상황을 감지했을 때 로봇 등의 기계에 신호를 전달하기 위한 출력을 갖고있습니다 . Protective Device 는 이 신호의
10. 6.7.3 Safety Settings | pages [211, 212, 213, 214, 215, 217, 219, 220, 222, 224, 226, 227, 229, 230, 232, 234, 236, 238, 240, 241, 242, 243, 244, 245] | semantic_rank:6 | stage= | 티치펜던트에 부착된 비상 정지 버튼을 누르거나 Safety I/O 에 연결한 안전 장치를 통해 로봇을 비상 정지할 수 있습 니다 . 티치펜던트 화면에서 Robot Parameters > Safety Settings > Safety I/O 기능을 활용하여 안전 장치를 비상 정지 또는 보호 정지로 연결할 수 있습니다 . 안전",page_133_img_0_0.jpeg,3,1,O,"1. page_133_img_0_0.jpeg | score=1.102 | stage=0.685 | page=1.00; keyword=안전,단자를; section=연결,외부
2. page_145_img_0_0.jpeg | score=0.972 | stage=0.351 | page=0.45; keyword=안전; section=연결,장치,구성하기
3. page_139_img_0_0.jpeg | score=0.948 | stage=0.332 | page=0.45; keyword=디지털; section=디지털,구성하기
4. page_147_img_0_0.jpeg | score=0.947 | stage=0.346 | keyword=안전,신호를; section=연결,구성하기
5. page_144_img_0_0.jpeg | score=0.927 | stage=0.366 | page=0.45; keyword=gnd,디지털; section=디지털,구성하기
6. page_142_img_0_0.jpeg | score=0.921 | stage=0.351 | page=0.45; keyword=디지털; section=연결,디지털,구성하기
7. page_144_img_1_0.jpeg | score=0.910 | stage=0.366 | page=0.45; keyword=gnd,디지털; section=디지털,구성하기
8. page_136_img_1_0.jpeg | score=0.905 | stage=0.820 | page=1.00; keyword=gnd,전압,전류,aox; section=외부,구성하기
9. page_137_img_0_0.jpeg | score=0.904 | stage=0.617 | page=1.00; section=연결,구성하기
10. page_142_img_1_0.jpeg | score=0.894 | stage=0.351 | page=0.45; keyword=디지털; section=연결,디지털,구성하기"
Q53,추가,컨트롤러의 외부 엔코더 입력 단자 TBEN은 어떤 엔코더 상을 입력받을 수 있습니까?,제어기 I/O/엔코더 입력,배선 확인형,"A상, B상, Z상을 입력받을 수 있음",1,1,O,page; semantic_rank:2,"1. 구성하기 | pages [137] | page; semantic_rank:2 | stage= | 컨트롤러는 외부 엔코더를 입력할 수 있는 TBEN 2 개 단자를 제공합니다 . 엔코더의 A, B, Z 상을 입력 받을 수 있으며 입력전압 12Vdc 기준으로 카운트합니다 . 또한 S 상은 컨베이어의 Start 센서로 사용이 가능합니다 .
2. 구성하기 | pages [136] | no_match keyword=0.00 semantic_rank=- | stage= | 인터페이스 전압 / 전류 출력 TBAIO 단자블록의 AOx 단자와 GND 단자 사이에서 외부기기로 전압 또는 전류 신호를 출력합니다 . 상대기기의 입력 이 전압인 경우 , 0 ~10Vdc 신호를 출력합니다 . 상대기기의 입력이 전류인 경우 4~20mA 신호를 출력할 수 있습니다 . 상대 기기의 입력신호 ( 전압 / 전류 
3. 구성하기 | pages [136, 137, 134, 135] | page | stage= | 컨트롤러는 전압모드 또는 전류모드로 설정할 수 있는 아날로그 I/O 2 단자를 제공합니다 . 아날로그 I/O 로 구동되는 외부기기를 이용하여 전압 / 전류를 출력하거나 , 아날로그 전압 / 전류를 출력하는 센서로부터 신호를 입력 받을 수 있 습니다 . 아날로그 입력 정확도를 최대한 확보하기 위해 다음 사항을 준수하십시오 
4. 연결 | pages [133, 134] | no_match keyword=0.00 semantic_rank=- | stage= | 컨트롤러 I/O 단자를 이용하여 매니퓰레이터와 티치펜던트 이외에 외부 장비를 컨트롤러와 연결하여 사용할 수 있습 니다 . 비상정지 스위치 , 라이트 커튼 , 안전 매트와 같은 안전기기와 더불어 공압용 솔밸브 , 릴레이 , PLC, 컨베이어 벨 트 엔코더 등 로봇 작업 셀을 구성할 때 필요한 다양한 주변기기를 연결할 수 있
5. 구성하기 | pages [145, 146, 147] | no_match keyword=0.00 semantic_rank=- | stage= | 컨트롤러의 안전 입출력 (Safety I/O) 은 안전장치 연결을 위한 이중화된 전용 접점입력단자로 구성되어 있습니다 . 이 단자는 용도에 따라 두 영역으로 나누어져 있습니다 . 하부 2 쌍의 External Emergency Contact In: 외부 비상 스위치 등 비상정지에 필요한 장치 연결 상부 2 쌍의 Prote
6. 구성하기 | pages [137, 138, 139] | page | stage= | 신호입력 정확도를 최대한 확보하기 위해 다음 사항을 준수하십시오 . 노이즈 저감을 위하여 쉴드 트위스트 페어 된 케이블을 사용하십시오 . 케이블 쉴드는 컨트롤러 내부 접지단자에 연결하십시오 . S 상 입력의 경우 플로팅 상태를 방지하기 위하여 센서 종류 (NPN/PNP) 에 따라 풀업 , 풀다운 저항을 연결하십시오 . 아
7. 구성하기 | pages [139, 140, 141, 142, 143, 144] | no_match keyword=0.29 semantic_rank=- | stage= | 컨트롤러에는 디지털 입력 16 개 , 디지털 출력 16 개의 디지털 I/O 가 구성되어 있습니다 . 아래 그림과 같은 디지털 I/O 는 로봇 제어에 필요한 주변기기와 연결하여 사용하거나 이중화된 Safety IO 로 설정하여 안전신호 입출력 용도로 사 용할 수 있습니다 . Configurable 디지털 I/O 의 전기적 
8. 구성하기 | pages [147] | no_match keyword=0.00 semantic_rank=- | stage= | Safety Controller 는 테스트펄스가 포함된 안전신호를 연결 가능한 전용 안전 입력단자 (SI1, SI2, SI3, SI4) 를 제공합 니다 . Protective Device 는 위험상황을 감지했을 때 로봇 등의 기계에 신호를 전달하기 위한 출력을 갖고있습니다 . Protective Device 는 이 신호의
9. 6.9.11 Signal Commands | pages [326, 327, 328, 329, 330, 331] | no_match keyword=0.00 semantic_rank=- | stage= | 통신 설정 : 기본값 모드 : 장치별 세부 설정 직접 입력 모듈 모드 : 사전 설정된 값 선택 주의사항 연결 이름은 프로젝트 내에서 고유해야 합니다 IP 주소와 포트가 올바른지 확인하세요 대상 장치가 선택한 프로토콜을 지원하는지 확인하세요 Get Signal (Input/Read) 기능 외부 장치로부터 데이터를 읽어오는 
10. 구성하기 | pages [141] | no_match keyword=0.00 semantic_rank=- | stage= | 인터페이스 단순부하를 구동하는 경우 TBCO1~ TBCO4 단자블록의 Oxx 단자와 GIO 단자 사이에 부하를 연결하는 방식입니다 . 각각의 단자는 최대 1A 까지 출력이 가능하지만 , 전체 구동가능한 총 전류량은 발열량과 부하에 따라 제한될 수 있습니다 . 공장출고 세팅대로 내부의 전원을 통해 디지털 I/O 의 전원 (",page_137_img_0_0.jpeg,1,1,O,"1. page_137_img_0_0.jpeg | score=1.134 | stage=0.689 | page=1.00; keyword=단자; section=구성하기
2. page_136_img_1_0.jpeg | score=1.128 | stage=0.925 | page=1.00; keyword=gnd,전압,전류,aox; section=구성하기
3. page_136_img_0_0.png | score=1.098 | stage=0.824 | page=1.00; keyword=전압,전류,아날로그,외부; section=구성하기
4. page_145_img_0_0.jpeg | score=1.038 | stage=0.722 | page=1.00; keyword=컨트롤러의,단자; section=구성하기
5. page_139_img_0_0.jpeg | score=0.978 | stage=0.655 | page=1.00; section=구성하기
6. page_142_img_0_0.jpeg | score=0.962 | stage=0.689 | page=1.00; keyword=단자; section=구성하기
7. page_138_img_0_0.jpeg | score=0.955 | stage=0.689 | page=1.00; keyword=단자; section=구성하기
8. page_133_img_0_0.jpeg | score=0.944 | stage=0.473 | page=0.70; keyword=외부,단자
9. page_142_img_1_0.jpeg | score=0.941 | stage=0.689 | page=1.00; keyword=단자; section=구성하기
10. page_141_img_1_0.jpeg | score=0.937 | stage=0.689 | page=1.00; keyword=단자; section=구성하기"
Q54,추가,컨트롤러의 Configurable 디지털 I/O는 디지털 입력과 디지털 출력을 각각 몇 개씩 제공합니까?,제어기 I/O/디지털 입출력,사양 확인형,디지털 입력 16개와 디지털 출력 16개로 구성됨,1,1,O,page; semantic_rank:1,"1. 구성하기 | pages [139, 140, 141, 142, 143, 144] | page; semantic_rank:1 | stage= | 컨트롤러에는 디지털 입력 16 개 , 디지털 출력 16 개의 디지털 I/O 가 구성되어 있습니다 . 아래 그림과 같은 디지털 I/O 는 로봇 제어에 필요한 주변기기와 연결하여 사용하거나 이중화된 Safety IO 로 설정하여 안전신호 입출력 용도로 사 용할 수 있습니다 . Configurable 디지털 I/O 의 전기적 
2. 구성하기 | pages [144, 145] | no_match keyword=0.20 semantic_rank=- | stage= | VIO 와 GIO 는 컨트롤러 전면에 위치한 Safety Controller 의 디지털 I/O 에 사용되는 전원으로 , 컨트롤러 내부의 SMPS 에서 공급하는 VCC24V 와 GND 와 분리되어 있습니다 . 만약 , 사용자가 Configurable 디지털 I/O 용으로 2A 이하의 전류 를 사용하고 , IO 연결기기와 컨
3. 구성하기 | pages [136, 137, 134, 135] | no_match keyword=0.00 semantic_rank=20 | stage= | 컨트롤러는 전압모드 또는 전류모드로 설정할 수 있는 아날로그 I/O 2 단자를 제공합니다 . 아날로그 I/O 로 구동되는 외부기기를 이용하여 전압 / 전류를 출력하거나 , 아날로그 전압 / 전류를 출력하는 센서로부터 신호를 입력 받을 수 있 습니다 . 아날로그 입력 정확도를 최대한 확보하기 위해 다음 사항을 준수하십시오 
4. 구성하기 | pages [145, 146, 147] | no_match keyword=0.20 semantic_rank=- | stage= | 컨트롤러의 안전 입출력 (Safety I/O) 은 안전장치 연결을 위한 이중화된 전용 접점입력단자로 구성되어 있습니다 . 이 단자는 용도에 따라 두 영역으로 나누어져 있습니다 . 하부 2 쌍의 External Emergency Contact In: 외부 비상 스위치 등 비상정지에 필요한 장치 연결 상부 2 쌍의 Prote
5. 6.10.2 I/O Overview | pages [333, 334, 335, 336, 337] | semantic_rank:2 | stage= | I/O Overview 화면 구성 항목 설명 1 제어기 디지털 입력 제어기 디지털 입력 설정을 할 수 있습니다 . 2 안전 입력 안전 입력 설정을 할 수 있습니다 . 3 제어기 디지털 출력 제어기 디지털 출력 설정을 할 수 있습니다 . 4 제어기 아날로그 입력 제어기 아날로그 입력 설정을 할 수 있습니다 . 5 제어기 아
6. 6.10.2 I/O Overview | pages [336, 337, 334, 335] | semantic_rank:5 | stage= | 제어기 입출력 제어기 디지털 입력 1. 컨트롤러에 연결된 기기의 포트 번호를 확인하십시오 . 해당 번호의 디지털 입력 상태에 따라 다음과 같이 표시됩니다 . 디지털 신호가 High 신호일 경우 , 아이콘의 색상이 연두색으로 표시됩니다 . 디지털 신호가 Low 신호일 경우 , 아이콘 색상이 회색으로 표시됩니다 .
7. 6.7.1 Robot Settings | pages [192, 193, 194, 195, 196, 197, 198, 199, 200, 187, 188, 189, 190, 191] | semantic_rank:9 | stage= | I/O Alias & Mount I/O Alias 메뉴 구성 항목 설명 1 제어기 디지털 I/O 제어기 디지털 I/O 의 이름을 각각 설정할 수 있습니다 . 2 플랜지 디지털 I/O 플랜지 디지털 I/O 의 이름을 각각 설정할 수 있습니다 . 3 제어기 아날로그 I/O 제어기 아날로그 I/O 의 이름을 각각 설정할 수 있
8. 연결 | pages [133, 134] | no_match keyword=0.20 semantic_rank=- | stage= | 컨트롤러 I/O 단자를 이용하여 매니퓰레이터와 티치펜던트 이외에 외부 장비를 컨트롤러와 연결하여 사용할 수 있습 니다 . 비상정지 스위치 , 라이트 커튼 , 안전 매트와 같은 안전기기와 더불어 공압용 솔밸브 , 릴레이 , PLC, 컨베이어 벨 트 엔코더 등 로봇 작업 셀을 구성할 때 필요한 다양한 주변기기를 연결할 수 있
9. 원격 제어 모드 | pages [260] | semantic_rank:4 | stage= | DART-Platform 매뉴얼 항목 설명 1 제어기 디지털 입력 제어기 디지털 입력 설정을 표시합니다 . 2 안전 입력 안전 입력 설정을 표시합니다 . 3 제어기 디지털 출력 제어기 디지털 출력 설정을 표시합니다 . 4 플랜지 디지털 입력 플랜지 디지털 입력 설정을 표시합니다 . 5 플랜지 디지털 출력 플랜지 디지털 출
10. 6.10.2 I/O Overview | pages [336, 335] | no_match keyword=0.20 semantic_rank=17 | stage= | DART-Platform 매뉴얼 제어기 디지털 출력 1. 컨트롤러나 플랜지에 연결된 기기의 포트 번호를 확인하십시오 . 포트 번호에 해당하는 On/Off 아이콘을 눌러 디지털 출력을 활성화하거나 비활성화하십시오 . On 아이콘을 누르면 색상이 연두색으로 변경되고 해당 포트가 활성화됩니다 . Off 아이콘을 누르면 색상이 ",page_139_img_0_0.jpeg,1,1,O,"1. page_139_img_0_0.jpeg | score=1.180 | stage=0.747 | page=1.00; keyword=디지털,같은; section=디지털,구성하기
2. page_144_img_0_0.jpeg | score=1.179 | stage=0.781 | page=1.00; keyword=디지털,24v,io; section=디지털,구성하기
3. page_144_img_1_0.jpeg | score=1.164 | stage=0.781 | page=1.00; keyword=디지털,24v,io; section=디지털,구성하기
4. page_145_img_0_0.jpeg | score=1.115 | stage=0.747 | page=1.00; keyword=입출력,컨트롤러의; section=입출력,구성하기
5. page_137_img_0_0.jpeg | score=1.053 | stage=0.664 | page=1.00; keyword=위하여; section=구성하기
6. page_142_img_1_0.jpeg | score=1.053 | stage=0.781 | page=1.00; keyword=디지털,io,출력을; section=디지털,구성하기
7. page_136_img_1_0.jpeg | score=1.016 | stage=0.664 | page=1.00; keyword=io; section=구성하기
8. page_142_img_0_0.jpeg | score=1.006 | stage=0.781 | page=1.00; keyword=디지털,io,출력을; section=디지털,구성하기
9. page_141_img_1_0.jpeg | score=1.000 | stage=0.731 | page=1.00; keyword=oxx,io,각각; section=구성하기
10. page_136_img_0_0.png | score=0.909 | stage=0.630 | page=1.00; section=구성하기"
Q55,추가,단순 부하를 구동할 때 TBCO 단자블록에서 부하는 어떤 단자 사이에 연결합니까?,제어기 I/O/디지털 출력 배선,배선 확인형,TBCO1~TBCO4의 Oxx 단자와 GIO 단자 사이에 부하를 연결함,1,1,O,"page; keyword:tbco1,tbco4,oxx,단자와,단자,gio; semantic_rank:1","1. 구성하기 | pages [141] | page; keyword:tbco1,tbco4,oxx,단자와,단자,gio; semantic_rank:1 | stage= | 인터페이스 단순부하를 구동하는 경우 TBCO1~ TBCO4 단자블록의 Oxx 단자와 GIO 단자 사이에 부하를 연결하는 방식입니다 . 각각의 단자는 최대 1A 까지 출력이 가능하지만 , 전체 구동가능한 총 전류량은 발열량과 부하에 따라 제한될 수 있습니다 . 공장출고 세팅대로 내부의 전원을 통해 디지털 I/O 의 전원 (
2. 구성하기 | pages [142, 143] | keyword:tbco1,tbco4,oxx,단자와,단자,gio; semantic_rank:2 | stage= | 인터페이스 Negative common & Sink type 입력기기와 연결하는 경우 디지털 IO 의 출력을 Sink type 의 입력기기와 연결하는 경우 , TBCO1 ~ TBCO4 단자블록의 Oxx 단자를 외부기기의 입 력단자에 연결하고 , GIO 를 외부기기의 Negative common 에 연결하여 공통 groun
3. 연결 | pages [133, 134] | semantic_rank:4 | stage= | 컨트롤러 I/O 단자를 이용하여 매니퓰레이터와 티치펜던트 이외에 외부 장비를 컨트롤러와 연결하여 사용할 수 있습 니다 . 비상정지 스위치 , 라이트 커튼 , 안전 매트와 같은 안전기기와 더불어 공압용 솔밸브 , 릴레이 , PLC, 컨베이어 벨 트 엔코더 등 로봇 작업 셀을 구성할 때 필요한 다양한 주변기기를 연결할 수 있
4. 구성하기 | pages [145, 146, 147] | semantic_rank:10 | stage= | 컨트롤러의 안전 입출력 (Safety I/O) 은 안전장치 연결을 위한 이중화된 전용 접점입력단자로 구성되어 있습니다 . 이 단자는 용도에 따라 두 영역으로 나누어져 있습니다 . 하부 2 쌍의 External Emergency Contact In: 외부 비상 스위치 등 비상정지에 필요한 장치 연결 상부 2 쌍의 Prote
5. 구성하기 | pages [136] | keyword:단자와,단자,사이에,사이; semantic_rank:3 | stage= | 인터페이스 전압 / 전류 출력 TBAIO 단자블록의 AOx 단자와 GND 단자 사이에서 외부기기로 전압 또는 전류 신호를 출력합니다 . 상대기기의 입력 이 전압인 경우 , 0 ~10Vdc 신호를 출력합니다 . 상대기기의 입력이 전류인 경우 4~20mA 신호를 출력할 수 있습니다 . 상대 기기의 입력신호 ( 전압 / 전류 
6. (CS-12P) | pages [397, 398, 399, 400, 401, 402, 403, 404] | no_match keyword=0.08 semantic_rank=- | stage= | 제품 소개 (CS-12P) 각 부 명칭과 기능 번호 항목 설명 1 I/O 연결 단자 ( 내부 ) 다른 로봇의 컨트롤러나 주변 기기와 연결할 수 있 습니다 . 2 전원 스위치 컨트롤러의 주 전원을 켜거나 끌 수 있습니다 . 3 티치펜던트 케이블 연결 단자 티치펜던트의 케이블을 컨트롤러와 연결합니다 . 4 로봇 케이블 연결 
7. 구성하기 | pages [144, 145] | semantic_rank:5 | stage= | VIO 와 GIO 는 컨트롤러 전면에 위치한 Safety Controller 의 디지털 I/O 에 사용되는 전원으로 , 컨트롤러 내부의 SMPS 에서 공급하는 VCC24V 와 GND 와 분리되어 있습니다 . 만약 , 사용자가 Configurable 디지털 I/O 용으로 2A 이하의 전류 를 사용하고 , IO 연결기기와 컨
8. (Safety I/O) | pages [34, 35, 36] | no_match keyword=0.08 semantic_rank=- | stage= | 안전 매뉴얼 TBCI - Protective Stop - STO (L) TBCI - Protective Stop - SS1 (L) TBCI - Protective Stop - SS2 (L) TBCI - Protective Stop (L) - Auto Reset & Resume (R) 보호정지 관련신호가 중단이 가능한 상태
9. 로봇 시스템 구성 및 설명 | pages [102] | semantic_rank:8 | stage= | 4 USB 연결 단자 로봇 동작 중 발생하는 로그를 USB 저장매체에 저장하거나 태스크 내보내기 , 가져 오기를 할 수 있습니다 . 5 매니퓰레이터 케이블 연결 단 자 매니퓰레이터의 케이블을 컨트롤러와 연결합니다 . 6 티치펜던트 케 이블 연결 단자 티치펜던트의 케이블을 컨트롤러와 연결합니다 .
10. 배선 연결하기 | pages [94] | no_match keyword=0.08 semantic_rank=- | stage= | MANDATORY NORMAL 10 MIN 툴을 고정한 후 플랜지 I/O 커넥터에 필요한 케이블을 연결하십시오 . 반드시 플랜지 I/O 의 핀 맵을 확인하십시오 . 로봇에 전원을 인가하게 되면 각 커넥터의 5 번 단자는 항상 24V 가 출력되게 됩니다 .",page_141_img_1_0.jpeg,1,1,O,"1. page_141_img_1_0.jpeg | score=1.197 | stage=0.925 | page=1.00; keyword=io,oxx,단자,사이에; section=출력,구성하기
2. page_142_img_0_0.jpeg | score=1.131 | stage=0.895 | page=1.00; keyword=디지털,io,단자,연결하는; section=디지털,출력,구성하기
3. page_142_img_1_0.jpeg | score=1.112 | stage=0.895 | page=1.00; keyword=디지털,io,단자,연결하는; section=디지털,출력,구성하기
4. page_145_img_0_0.jpeg | score=1.003 | stage=0.756 | page=1.00; keyword=safety,입출력,단자; section=출력,구성하기
5. page_144_img_0_0.jpeg | score=0.959 | stage=0.790 | page=1.00; keyword=디지털,io,safety,24v; section=디지털,구성하기
6. page_144_img_1_0.jpeg | score=0.940 | stage=0.790 | page=1.00; keyword=디지털,io,safety,24v; section=디지털,구성하기
7. page_137_img_0_0.jpeg | score=0.909 | stage=0.651 | page=1.00; keyword=단자; section=구성하기
8. page_136_img_1_0.jpeg | score=0.909 | stage=0.437 | page=0.45; keyword=io,단자,사이에; section=출력,구성하기
9. page_136_img_0_0.png | score=0.886 | stage=0.370 | page=0.45; keyword=단자; section=출력,구성하기
10. page_143_img_1_0.jpeg | score=0.860 | stage=0.895 | page=1.00; keyword=디지털,io,단자,연결하는; section=디지털,출력,구성하기"
Q56,추가,Sink type 입력기기와 연결할 때 Oxx 단자와 GIO 단자는 각각 어디에 연결합니까?,제어기 I/O/Sink 배선,배선 확인형,"Oxx는 외부기기의 입력단자에, GIO는 Negative common에 연결함",1,1,O,"page; keyword:oxx,외부기기의,외부기기,입력단자,gio,negative; semantic_rank:1","1. 구성하기 | pages [142, 143] | page; keyword:oxx,외부기기의,외부기기,입력단자,gio,negative; semantic_rank:1 | stage= | 인터페이스 Negative common & Sink type 입력기기와 연결하는 경우 디지털 IO 의 출력을 Sink type 의 입력기기와 연결하는 경우 , TBCO1 ~ TBCO4 단자블록의 Oxx 단자를 외부기기의 입 력단자에 연결하고 , GIO 를 외부기기의 Negative common 에 연결하여 공통 groun
2. 구성하기 | pages [141] | semantic_rank:2 | stage= | 인터페이스 단순부하를 구동하는 경우 TBCO1~ TBCO4 단자블록의 Oxx 단자와 GIO 단자 사이에 부하를 연결하는 방식입니다 . 각각의 단자는 최대 1A 까지 출력이 가능하지만 , 전체 구동가능한 총 전류량은 발열량과 부하에 따라 제한될 수 있습니다 . 공장출고 세팅대로 내부의 전원을 통해 디지털 I/O 의 전원 (
3. 구성하기 | pages [144, 145] | semantic_rank:3 | stage= | VIO 와 GIO 는 컨트롤러 전면에 위치한 Safety Controller 의 디지털 I/O 에 사용되는 전원으로 , 컨트롤러 내부의 SMPS 에서 공급하는 VCC24V 와 GND 와 분리되어 있습니다 . 만약 , 사용자가 Configurable 디지털 I/O 용으로 2A 이하의 전류 를 사용하고 , IO 연결기기와 컨
4. 구성하기 | pages [139, 140, 141, 142, 143, 144] | page; keyword:oxx,외부기기의,외부기기,gio; semantic_rank:5 | stage= | 컨트롤러에는 디지털 입력 16 개 , 디지털 출력 16 개의 디지털 I/O 가 구성되어 있습니다 . 아래 그림과 같은 디지털 I/O 는 로봇 제어에 필요한 주변기기와 연결하여 사용하거나 이중화된 Safety IO 로 설정하여 안전신호 입출력 용도로 사 용할 수 있습니다 . Configurable 디지털 I/O 의 전기적 
5. 4.1.1 Schematic Diagram | pages [128, 129, 130] | semantic_rank:6 | stage= | 인터페이스 X1 커넥터가 제공하는 상세한 I/O 구성은 아래 표를 참조하시기 바랍니다 . X1 구성 No Signal type Description 1 디지털 입력 1 PNP (Source Type, default) 2 디지털 출력 1 PNP (Source Type, default) / NPN (Sink Type) 선택 
6. 구성하기 | pages [136] | semantic_rank:4 | stage= | 인터페이스 전압 / 전류 출력 TBAIO 단자블록의 AOx 단자와 GND 단자 사이에서 외부기기로 전압 또는 전류 신호를 출력합니다 . 상대기기의 입력 이 전압인 경우 , 0 ~10Vdc 신호를 출력합니다 . 상대기기의 입력이 전류인 경우 4~20mA 신호를 출력할 수 있습니다 . 상대 기기의 입력신호 ( 전압 / 전류 
7. 구성하기 | pages [145, 146, 147] | semantic_rank:10 | stage= | 컨트롤러의 안전 입출력 (Safety I/O) 은 안전장치 연결을 위한 이중화된 전용 접점입력단자로 구성되어 있습니다 . 이 단자는 용도에 따라 두 영역으로 나누어져 있습니다 . 하부 2 쌍의 External Emergency Contact In: 외부 비상 스위치 등 비상정지에 필요한 장치 연결 상부 2 쌍의 Prote
8. 이동 및 설치를 위한 인양 지점 | pages [97] | semantic_rank:7 | stage= | 컨트롤러와 연결하여 사용할 안전 장비는 반드시 안전용 접점입력 단자 또는 Safety IO 로 설정한 Configurable 디지털 IO 에 이중신호로 연결하십시오 . 일반 IO 에 연결하거나 단일신호로 연결하여 사용 할 경우 , 규정된 안전수준을 달성할 수 없습니다 .
9. 연결 | pages [133, 134] | semantic_rank:8 | stage= | 컨트롤러 I/O 단자를 이용하여 매니퓰레이터와 티치펜던트 이외에 외부 장비를 컨트롤러와 연결하여 사용할 수 있습 니다 . 비상정지 스위치 , 라이트 커튼 , 안전 매트와 같은 안전기기와 더불어 공압용 솔밸브 , 릴레이 , PLC, 컨베이어 벨 트 엔코더 등 로봇 작업 셀을 구성할 때 필요한 다양한 주변기기를 연결할 수 있
10. 구성하기 | pages [136, 137, 134, 135] | semantic_rank:9 | stage= | 컨트롤러는 전압모드 또는 전류모드로 설정할 수 있는 아날로그 I/O 2 단자를 제공합니다 . 아날로그 I/O 로 구동되는 외부기기를 이용하여 전압 / 전류를 출력하거나 , 아날로그 전압 / 전류를 출력하는 센서로부터 신호를 입력 받을 수 있 습니다 . 아날로그 입력 정확도를 최대한 확보하기 위해 다음 사항을 준수하십시오 ",page_142_img_0_0.jpeg,1,1,O,"1. page_142_img_0_0.jpeg | score=1.178 | stage=0.882 | page=1.00; keyword=디지털,io,type,sink; section=sink,구성하기
2. page_142_img_1_0.jpeg | score=1.150 | stage=0.882 | page=1.00; keyword=디지털,io,type,sink; section=sink,구성하기
3. page_144_img_0_0.jpeg | score=1.109 | stage=0.799 | page=1.00; keyword=디지털,io,safety,24v; section=구성하기
4. page_141_img_1_0.jpeg | score=1.093 | stage=0.866 | page=1.00; keyword=io,oxx,연결하는,단자와; section=구성하기
5. page_144_img_1_0.jpeg | score=1.093 | stage=0.799 | page=1.00; keyword=디지털,io,safety,24v; section=구성하기
6. page_139_img_0_0.jpeg | score=1.026 | stage=0.664 | page=1.00; keyword=디지털; section=구성하기
7. page_145_img_0_0.jpeg | score=1.015 | stage=0.731 | page=1.00; keyword=safety,입출력,단자는; section=구성하기
8. page_137_img_0_0.jpeg | score=0.931 | stage=0.630 | page=1.00; section=구성하기
9. page_143_img_1_0.jpeg | score=0.914 | stage=0.882 | page=1.00; keyword=디지털,io,type,sink; section=sink,구성하기
10. page_143_img_0_0.jpeg | score=0.911 | stage=0.882 | page=1.00; keyword=디지털,io,type,sink; section=sink,구성하기"
Q57,추가,테스트 펄스가 포함된 안전신호를 연결할 수 있는 Safety Controller 전용 안전 입력 단자는 무엇입니까?,안전 I/O/테스트 펄스,배선 확인형,"SI1, SI2, SI3, SI4 단자",1,1,O,"page; keyword:si1,si2,si3,si4,단자; semantic_rank:13","1. 구성하기 | pages [147] | page; keyword:si1,si2,si3,si4,단자; semantic_rank:13 | stage= | Safety Controller 는 테스트펄스가 포함된 안전신호를 연결 가능한 전용 안전 입력단자 (SI1, SI2, SI3, SI4) 를 제공합 니다 . Protective Device 는 위험상황을 감지했을 때 로봇 등의 기계에 신호를 전달하기 위한 출력을 갖고있습니다 . Protective Device 는 이 신호의
2. 구성하기 | pages [145, 146, 147] | page | stage= | 컨트롤러의 안전 입출력 (Safety I/O) 은 안전장치 연결을 위한 이중화된 전용 접점입력단자로 구성되어 있습니다 . 이 단자는 용도에 따라 두 영역으로 나누어져 있습니다 . 하부 2 쌍의 External Emergency Contact In: 외부 비상 스위치 등 비상정지에 필요한 장치 연결 상부 2 쌍의 Prote
3. 이동 및 설치를 위한 인양 지점 | pages [97] | no_match keyword=0.20 semantic_rank=- | stage= | 컨트롤러와 연결하여 사용할 안전 장비는 반드시 안전용 접점입력 단자 또는 Safety IO 로 설정한 Configurable 디지털 IO 에 이중신호로 연결하십시오 . 일반 IO 에 연결하거나 단일신호로 연결하여 사용 할 경우 , 규정된 안전수준을 달성할 수 없습니다 .
4. 연결 | pages [133, 134] | no_match keyword=0.20 semantic_rank=- | stage= | 컨트롤러 I/O 단자를 이용하여 매니퓰레이터와 티치펜던트 이외에 외부 장비를 컨트롤러와 연결하여 사용할 수 있습 니다 . 비상정지 스위치 , 라이트 커튼 , 안전 매트와 같은 안전기기와 더불어 공압용 솔밸브 , 릴레이 , PLC, 컨베이어 벨 트 엔코더 등 로봇 작업 셀을 구성할 때 필요한 다양한 주변기기를 연결할 수 있
5. 구성하기 | pages [142, 143] | no_match keyword=0.20 semantic_rank=- | stage= | 인터페이스 Negative common & Sink type 입력기기와 연결하는 경우 디지털 IO 의 출력을 Sink type 의 입력기기와 연결하는 경우 , TBCO1 ~ TBCO4 단자블록의 Oxx 단자를 외부기기의 입 력단자에 연결하고 , GIO 를 외부기기의 Negative common 에 연결하여 공통 groun
6. (Safety I/O) | pages [32, 33, 34, 35, 36, 31] | no_match keyword=0.20 semantic_rank=- | stage= | 이중화된 단자로 안전 관련 신호를 입출력하는 기능입니다 . 안전 입출력 신호 중 어느 하나라도 이중화된 신호가 다 른 것이 감지되면 단선이나 하드웨어 고장으로 판단하여 로봇을 STO 정지 모드로 정지시킵니다 . 안전 신호 입출력 (Safety I/O) 은 Robot Parameter> Safety Settings > Sa
7. 구성하기 | pages [139, 140, 141, 142, 143, 144] | no_match keyword=0.20 semantic_rank=- | stage= | 컨트롤러에는 디지털 입력 16 개 , 디지털 출력 16 개의 디지털 I/O 가 구성되어 있습니다 . 아래 그림과 같은 디지털 I/O 는 로봇 제어에 필요한 주변기기와 연결하여 사용하거나 이중화된 Safety IO 로 설정하여 안전신호 입출력 용도로 사 용할 수 있습니다 . Configurable 디지털 I/O 의 전기적 
8. 구성하기 | pages [144, 145] | no_match keyword=0.20 semantic_rank=- | stage= | VIO 와 GIO 는 컨트롤러 전면에 위치한 Safety Controller 의 디지털 I/O 에 사용되는 전원으로 , 컨트롤러 내부의 SMPS 에서 공급하는 VCC24V 와 GND 와 분리되어 있습니다 . 만약 , 사용자가 Configurable 디지털 I/O 용으로 2A 이하의 전류 를 사용하고 , IO 연결기기와 컨
9. 6.7.3 Safety Settings | pages [241, 242, 245, 215, 216, 218] | no_match keyword=0.20 semantic_rank=- | stage= | Safety I/O 이중화된 단자로 안전 관련 신호를 입출력하는 기능입니다 . 안전 입출력 신호 중 어느 하나라도 이중화된 신호가 다 른 것이 감지되면 단선이나 하드웨어 고장으로 판단하여 로봇을 STO 정지 모드로 정지시킵니다 . 안전 신호 입출력 (Safety I/O) 를 설정하려면 Robot Parameters > S
10. 구성하기 | pages [137, 138, 139] | no_match keyword=0.20 semantic_rank=- | stage= | 신호입력 정확도를 최대한 확보하기 위해 다음 사항을 준수하십시오 . 노이즈 저감을 위하여 쉴드 트위스트 페어 된 케이블을 사용하십시오 . 케이블 쉴드는 컨트롤러 내부 접지단자에 연결하십시오 . S 상 입력의 경우 플로팅 상태를 방지하기 위하여 센서 종류 (NPN/PNP) 에 따라 풀업 , 풀다운 저항을 연결하십시오 . 아",page_147_img_0_0.jpeg,1,1,O,"1. page_147_img_0_0.jpeg | score=1.269 | stage=0.975 | page=1.00; keyword=안전,연결,protective,safety; section=안전,테스트,펄스
2. page_145_img_0_0.jpeg | score=1.134 | stage=0.891 | page=1.00; keyword=안전,연결,접점,safety; section=안전,구성하기,연결
3. page_144_img_0_0.jpeg | score=0.967 | stage=0.672 | page=1.00; keyword=safety,controller; section=구성하기
4. page_142_img_0_0.jpeg | score=0.962 | stage=0.490 | page=0.70; keyword=연결; section=구성하기,연결
5. page_144_img_1_0.jpeg | score=0.951 | stage=0.672 | page=1.00; keyword=safety,controller; section=구성하기
6. page_142_img_1_0.jpeg | score=0.935 | stage=0.490 | page=0.70; keyword=연결; section=구성하기,연결
7. page_139_img_0_0.jpeg | score=0.902 | stage=0.431 | page=0.70; section=구성하기
8. page_133_img_0_0.jpeg | score=0.848 | stage=0.328 | keyword=안전,연결,외부; section=안전,연결
9. page_137_img_0_0.jpeg | score=0.801 | stage=0.297 | keyword=연결; section=구성하기,연결
10. page_241_img_0_0.jpeg | score=0.787 | stage=0.219 | keyword=safety"
Q58,추가,컨트롤러 네트워크 연결에서 WAN 포트와 LAN 포트의 용도는 각각 무엇입니까?,네트워크/포트 연결,기능 확인형,"WAN은 외부 인터넷 망 연결, LAN은 TCP/IP 또는 Modbus 주변기기 연결에 사용됨",1,1,O,"page; keyword:wan,외부,인터넷,연결,lan,tcp; semantic_rank:1","1. 네트워크 연결 | pages [148, 149] | page; keyword:wan,외부,인터넷,연결,lan,tcp; semantic_rank:1 | stage= | 컨트롤러 내 네트워크 연결단자에 연결하여 랩탑 , TCP/IP 장비 , Modbus 장비 등을 사용할 수 있습니다 . 네트워크 용도에 따라 전용 포트에 케이블을 연결하십시오 . WAN: 외부 인터넷 망 연결 LAN: TCP/IP, Modbus 프로토콜을 사용하는 주변 기기 연결 아래 그림의 네트워크 연결 단자에 케이블을 
2. 외부 장치 연결 | pages [152, 153, 150, 151] | keyword:외부,연결,lan,ip,연결에; semantic_rank:3 | stage= | 인터페이스 DRL(Doosan Robot Language) 의 외부 비전센서 기능에 대한 상세한 내용과 통합예제 등은 Programming manual 에서 확인 가능합니다 . 외부 장치 연결 – DART Platform DART Platform 는 Windows OS 기반의 Desktop 이나 Laptop 위에서 실행되
3. 로봇 시스템 구성 및 설명 | pages [104, 101, 102, 103] | semantic_rank:4 | stage= | 5 커넥터 로봇의 전원 인가 및 통신에 사용됩니다 . PART 3. 설치 매뉴얼 컨트롤러 No. 항목 설명 1 I/O 연결 단자 ( 내부 ) 다른 로봇의 컨트롤러나 주변 기기와 연결할 수 있습니다 . 2 네트워크 연결 단자 컨트롤러 내 네트워크 연결단자에 연결하여 랩탑 , TCP/IP 장비 , Modbus 장비 등을 사용
4. 연결 | pages [133, 134] | semantic_rank:7 | stage= | 컨트롤러 I/O 단자를 이용하여 매니퓰레이터와 티치펜던트 이외에 외부 장비를 컨트롤러와 연결하여 사용할 수 있습 니다 . 비상정지 스위치 , 라이트 커튼 , 안전 매트와 같은 안전기기와 더불어 공압용 솔밸브 , 릴레이 , PLC, 컨베이어 벨 트 엔코더 등 로봇 작업 셀을 구성할 때 필요한 다양한 주변기기를 연결할 수 있
5. 6.9.11 Signal Commands | pages [326, 327, 328, 329, 330, 331] | keyword:외부,연결,tcp,ip,modbus; semantic_rank:2 | stage= | 통신 설정 : 기본값 모드 : 장치별 세부 설정 직접 입력 모듈 모드 : 사전 설정된 값 선택 주의사항 연결 이름은 프로젝트 내에서 고유해야 합니다 IP 주소와 포트가 올바른지 확인하세요 대상 장치가 선택한 프로토콜을 지원하는지 확인하세요 Get Signal (Input/Read) 기능 외부 장치로부터 데이터를 읽어오는 
6. 구성하기 | pages [144, 145] | no_match keyword=0.15 semantic_rank=20 | stage= | VIO 와 GIO 는 컨트롤러 전면에 위치한 Safety Controller 의 디지털 I/O 에 사용되는 전원으로 , 컨트롤러 내부의 SMPS 에서 공급하는 VCC24V 와 GND 와 분리되어 있습니다 . 만약 , 사용자가 Configurable 디지털 I/O 용으로 2A 이하의 전류 를 사용하고 , IO 연결기기와 컨
7. 항목에서 설정하기 | pages [355, 356, 357] | semantic_rank:9 | stage= | DART-Platform 매뉴얼 PLC Ethernet/IP 와 PROFINET 탭으로 구분 되며 , 제어기의 EtherNet/IP 및 PROFINET 네트워크 정보 조회 및 통신 방식 , 데이터 설정을 구성할 수 있는 메뉴입니다 .
8. 구성하기 | pages [145, 146, 147] | no_match keyword=0.15 semantic_rank=- | stage= | 컨트롤러의 안전 입출력 (Safety I/O) 은 안전장치 연결을 위한 이중화된 전용 접점입력단자로 구성되어 있습니다 . 이 단자는 용도에 따라 두 영역으로 나누어져 있습니다 . 하부 2 쌍의 External Emergency Contact In: 외부 비상 스위치 등 비상정지에 필요한 장치 연결 상부 2 쌍의 Prote
9. 전원 켜기 | pages [125] | no_match keyword=0.00 semantic_rank=- | stage= | 컨트롤러 하단에 전원 차단을 위한 전원 스위치가 설치되어 있습니다 . 컨트롤러 하단에 있는 전원 스위치를 누르십시 오 . 로봇 , 컨트롤러 , 티치펜던트와 같은 시스템에 필요한 전원이 켜집니다 .
10. (CS-12P) | pages [397, 398, 399, 400, 401, 402, 403, 404] | no_match keyword=0.15 semantic_rank=- | stage= | 제품 소개 (CS-12P) 각 부 명칭과 기능 번호 항목 설명 1 I/O 연결 단자 ( 내부 ) 다른 로봇의 컨트롤러나 주변 기기와 연결할 수 있 습니다 . 2 전원 스위치 컨트롤러의 주 전원을 켜거나 끌 수 있습니다 . 3 티치펜던트 케이블 연결 단자 티치펜던트의 케이블을 컨트롤러와 연결합니다 . 4 로봇 케이블 연결 ",page_148_img_0_0.jpeg,1,1,O,"1. page_148_img_0_0.jpeg | score=1.160 | stage=0.857 | page=1.00; keyword=연결,네트워크,ip,tcp; section=연결,네트워크,포트
2. page_144_img_0_0.jpeg | score=0.980 | stage=0.605 | page=1.00; section=구성하기
3. page_144_img_1_0.jpeg | score=0.962 | stage=0.605 | page=1.00; section=구성하기
4. page_145_img_0_0.jpeg | score=0.951 | stage=0.790 | page=1.00; keyword=연결,안전,접점,전용; section=연결,구성하기,장치
5. page_133_img_0_0.jpeg | score=0.853 | stage=0.332 | keyword=연결,외부,안전; section=연결,외부
6. page_355_img_1_0.jpeg | score=0.837 | stage=0.346 | keyword=네트워크,ip; section=네트워크
7. page_139_img_0_0.jpeg | score=0.799 | stage=0.431 | page=0.70; section=구성하기
8. page_151_img_2_0.jpeg | score=0.794 | stage=0.756 | page=1.00; keyword=연결,외부,part; section=연결,외부,장치
9. page_120_img_0_0.jpeg | score=0.791 | stage=0.337 | keyword=연결; section=연결
10. page_355_img_0_0.jpeg | score=0.790 | stage=0.223 | keyword=연결; section=연결"
Q59,추가,"오른손 법칙에서 좌표계의 X축, Y축, Z축은 각각 어느 손가락에 대응됩니까?",좌표계/오른손 법칙,개념 확인형,"엄지는 X축, 검지는 Y축, 중지는 Z축에 대응됨",1,1,O,page; semantic_rank:1,"1. 알아보기 | pages [176, 177] | page; semantic_rank:1 | stage= | DART-Platform 매뉴얼 이를 오른손으로 간단하게 시각화할 수 있습니다 . 오른손을 다음과 같이 만드십시오 . 이를 오른손의 법칙이라고 부르 며 엄지 (X 축 ), 검지 (Y 축 ), 중지 (Z 축 ) 세 손가락이 서로 90 도를 이루도록 만들면 서로 수직인 X, Y, Z 축의 좌표계와 동일 해집니다 . 이제 오른
2. 알아보기 | pages [176, 175] | page; semantic_rank:3 | stage= | 오일러 각 (Euler Angle) 이란 물체의 방향을 서로 수직인 X, Y, Z 축의 각도로 표현하는 방법 중 하나 입니다 . 이때 A, B, C 는 순차적인 회전 각도를 의미합니다 . 로봇 브랜드 마다 이 A, B, C 회전의 순서를 Rz-Ry-Rz, Rz-Ry-Rx 그리고 Rx- Ry-Rz 등으로 다르게 정의합니다 
3. 화면 | pages [377, 378, 379, 380, 381] | semantic_rank:2 | stage= | DART-Platform 매뉴얼 항목 설명 8 Force Monitoring Base, Tool, World, Reference 등을 기준으로 X, Y, Z 축의 힘을 설정 할 수 있습니다 . 9 기준 좌표계 선택 11 번의 Task 좌표를 표시하거나 jog 할 기준 좌표계를 선택합니다 . Base, World, User
4. 화면 | pages [384, 385, 381, 382, 383] | semantic_rank:14 | stage= | 메뉴 구성 항목 설명 16 기준 좌표계 선택 18 번 Task 좌표에 사용될 기준 좌표계를 선택합니다 . Base, World, User coordinate 를 선택할 수 있습니다 . 17 조인트 자세 현재 로봇 자세와 목표가 될 조인트 자세를 표시합니다 . 18 태스크 자세 선택한 기준 좌표계에 맞는 현재 로봇 자세와 
5. 6.7.2 Tool Settings | pages [201, 202, 203, 204, 205, 206, 207, 208, 209] | no_match keyword=0.00 semantic_rank=- | stage= | Tool Center Point 공구중심점 (TCP) 를 설정할 때에 플랜지 좌표계를 기준으로 위치와 함께 회전각을 함께 정의해야 합니다 . 이때 , 플랜 지좌표계 기준 원점에서 공구중심점 (TCP) 까지 X, Y, Z 각 방향 별 거리가 10000mm 이상이 되도록 공구중심점 (TCP) 를 설정할 수 없습니다 . 그리고
6. 6.7.2 Tool Settings | pages [202, 203, 204, 205, 206, 207, 208, 209, 210, 211] | no_match keyword=0.00 semantic_rank=19 | stage= | PART 6. DART-Platform 매뉴얼 1. 플랜지 좌표계의 z 축을 따라 A 각도 회전 2. 1) 을 통해 회전된 좌표계의 y’ 축을 따라 B 각도 회전 3. 2) 를 통해 회전된 좌표계의 z’’ 축을 따라 C 각도 회전 위의 방법을 따라 TCP 값을 설정하는 몇 가지 예를 들어보겠습니다 . [X, Y, Z, A
7. 화면 | pages [379, 380] | no_match keyword=0.00 semantic_rank=- | stage= | DART-Platform 매뉴얼 로봇 베이스 기준으로 실행하기 로봇의 베이스 좌표를 기준으로 로봇을 이동하려면 : 1. 참조 좌표계를 베이스로 선택하십시오 . 태스크 패널에서 각도를 조절할 축 (X~RX) 을 선택하십시오 . 방향 버튼 (+,_) 을 길게 눌러 해당 축을 이동하십시오 . 월드 좌표계를 기준으로 실행하기 월
8. 6.7.2 Tool Settings | pages [203] | semantic_rank:13 | stage= | DART-Platform 매뉴얼 [X, Y, Z, A, B, C] = [-100, 0, 300, 0, -45, 0]: 45 도 각도를 가진 우측 그리퍼 (TCP Coord.
9. 화면 | pages [387, 389] | semantic_rank:11 | stage= | 2 홈 포지션 버튼 버튼 클릭 시 홈 포지션으로 이동합니다 . 3 정렬 버튼 버튼 클릭 시 정렬합니다 . 4 기준 좌표계 선택 포지션의 기준 좌표계를 선택합니다 . 5 툴 축 TCP 의 어떤 축을 정렬 시킬지 선택합니다 . 6 목표 방향 정렬 시킬 때의 방향을 선택합니다 . 7 정렬 방법 선택 정렬 방법을 선택합니다 . 
10. 힘 제어 개념 알아보기 | pages [276, 277, 278, 279, 280, 281, 282] | no_match keyword=0.00 semantic_rank=18 | stage= | 힘 제어 (Force Control) 와 순응 제어 (Compliance Control) 는 로봇의 힘을 제어하는 기능입니다 . 또한 모션 명령어를 추가하는 경우 모션 이동과 동시에 힘을 제어할 수 있습니다 . 순응 제어와 힘 제어 방식은 아래와 같은 차이점이 있습 니다 . 순응 제어 순응 제어 시에는 로봇 끝단 TCP ",page_177_img_1_0.jpeg,1,2,O,"1. page_176_img_2_0.jpeg | score=1.087 | stage=0.737 | page=1.00; keyword=dart,오른손; section=알아보기,오른손,법칙
2. page_177_img_1_0.jpeg | score=1.083 | stage=0.674 | page=1.00; keyword=서보; section=알아보기,서보
3. page_176_img_3_0.jpeg | score=1.082 | stage=0.677 | page=1.00; keyword=회전,각도를; section=알아보기
4. page_174_img_1_0.jpeg | score=0.870 | stage=0.745 | page=1.00; keyword=특이점,로봇의,이동,dart; section=알아보기
5. page_378_img_2_0.jpeg | score=0.859 | stage=0.212 | keyword=로봇의
6. page_176_img_1_0.png | score=0.855 | stage=0.737 | page=1.00; keyword=dart,오른손; section=알아보기,오른손,법칙
7. page_176_img_0_0.png | score=0.851 | stage=0.737 | page=1.00; keyword=dart,오른손; section=알아보기,오른손,법칙
8. page_201_img_1_0.jpeg | score=0.842 | stage=0.215 | keyword=좌표계; section=좌표계
9. page_203_img_0_0.jpeg | score=0.831 | stage=0.324 | keyword=좌표계,part,dart,좌표계의; section=좌표계
10. page_379_img_2_0.jpeg | score=0.827 | stage=0.236 | keyword=로봇의,각도를,dart"
Q60,추가,Recovery 모듈은 어떤 상황에서 로봇 위치와 각도를 설정하기 위해 사용합니까?,안전 복구/Recovery,기능 확인형,안전 위반이 지속되는 오류가 발생하거나 운반/포장을 위해 로봇을 설정할 때 사용함,1,1,O,"page; keyword:안전,위반이,위반,지속되는,지속되,오류가; semantic_rank:1","1. 모듈 | pages [181] | page; keyword:안전,위반이,위반,지속되는,지속되,오류가; semantic_rank:1 | stage= | Recovery Module: 안전 위반이 지속되는 오류가 발생하거나 운반 / 운송을 위해 로봇을 포장할 경우 안전복구 모드를 이용해 사용자가 지정한 위치와 각도로 로봇을 설정할 수 있습니다 . Recovery 모듈은 하단의 Recovery 버튼을 통해 들어갈 수 있습니다 . 소프트웨어 복구 : 로봇이 운전 영역을 벗어나
2. 소프트웨어 복구 모드 사용하기 | pages [184, 183] | no_match keyword=0.12 semantic_rank=- | stage= | PART 6. DART-Platform 매뉴얼 항목 설명 8 Joint/Task 원하는 값을 입력하여 로봇을 움직일 수 있습니다 . 소프트웨어 복구 모드를 사용하려면 : 1. 주 메뉴 창에서 Recovery 메뉴를 탭 하십시오 . Recovery 창에서 소프트웨어 복구 화면이 자동으로 활성화됩니다 . 소프트웨어 복구 화면
3. 기타 안전 대책 | pages [42] | keyword:안전,위반이,위반,지속되는,지속되,오류가; semantic_rank:2 | stage= | 사용자 안전 및 로봇의 안전복구를 위해 안전복구 모드 , 무동력동작 기능을 제공합니다 . 안전복구 모드 : 안전 위반이 지속되는 오류가 발생하거나 로봇을 패키지 할 경우 안전복구 모드에서 사용자가 지정 한 위치와 각도로 로봇을 설정할 수 있습니다 . 안전복구 모드에 대한 자세한 내용은 Recovery 모듈 (p. 180)
4. 언팩 사용하기 | pages [184, 185, 186] | no_match keyword=0.12 semantic_rank=- | stage= | 메뉴 구성 항목 설명 1 모델 이름 연결된 로봇 모델의 이름이 나타납니다 . 2 Pack/Unpack Pack 과 Unpack 중 하나를 선택할 수 있습니다 . 3 Packaging Pose/Joint Limit 자세 및 조인트 제한치 값이 나타납니다 . 4 Speed Ratio 팩 혹은 언팩 모드의 속력을 슬라이더 혹은
5. 로봇의 모드 | pages [16] | no_match keyword=0.19 semantic_rank=- | stage= | 안전 매뉴얼 수동 모드에서는 Robot Parameter 로 로봇의 주변 장치에 대한 설정하거나 Task Editor 를 통해 로봇의 태스크 프로 그래밍을 할 수 있으며 , 로봇이 안전 제한치 초과 등의 이유로 정상 조작이 불가능할 때 정상 상태로 움직이기 위한 복 구 기능을 사용할 수 있습니다 . 자동 모드 (Autom
6. 색상 | pages [17, 18, 19, 20] | no_match keyword=0.19 semantic_rank=- | stage= | 안전 매뉴얼 모드 상태 설명 플랜지 and/or 베이스 LED Recovery Jogging 축별 조그를 이용해 안전 제한치 초과 상태에서 벗어날 수 있 습니다 . 노란색 깜박임 Recovery Handguiding 매니퓰레이터를 손으로 직접 움직여서 안전 제한치 초과 상태 를 벗어 날 수 있습니다 . 노락색 깜박임 In
7. 패키징 자세 해제하기 | pages [91] | no_match keyword=0.12 semantic_rank=- | stage= | PART 2. 로봇 시작하기 패키징 자세를 설정하는 방법은 다음과 같습니다 . 헤더 창에서 Recovery 메뉴를 탭 하십시오 . 패키징 모드 탭을 선택하십시오 . Servo On to Start Recovery 버튼을 탭 해 패키징 모드를 활성화하십시오 . 설정된 패키징 포즈로 로봇이 자동으로 이동합니다 . Pack 버
8. 패키징 자세 해제하기 | pages [90, 91] | keyword:안전,위반,운반,포장,로봇을,로봇 | stage= | MANDATORY EASY 3 MIN 로봇은 운반이나 포장에 용이하도록 패키징 자세로 설정되어 있습니다 . 로봇을 사용하려면 패키징 자세를 해제해야 합니다 . 패키징 자세에서는 로봇이 로봇 각도 제한치 (Joint Angle Limit) 를 초과하는 자세를 유지하기 때문에 안전 제 한치 위반으로 서보 온 상태로 전환하는 
9. 안전검사 고시 | pages [46, 47] | no_match keyword=0.19 semantic_rank=- | stage= | 비상정지회로의 성능은 제 4 호 안전관련 제어시스템 성능요건을 만 족할 것 나 . 보호정지 기능 1. 로봇 시스템은 외부 보호장치와 연결하기 위한 하나 이상의 보호정 지회로를 구비하고 있을 것 2. 보호정지회로는 작동 시 로봇 동작 정지 , 액츄에이터 동력 제거 및 로 봇에 의해 제어되는 모든 위험원에 대한 제어가 가능할
10. (Robot Limits) | pages [40, 41, 42] | no_match keyword=0.31 semantic_rank=- | stage= | 안전 매뉴얼 기계적 동력 (Power) : 로봇의 기계적 동력의 제한치를 설정합니다 . 기계적 동력은 로봇의 토크와 속도와 비례합니 다 . TCP 속력 (TCP Speed) : 로봇 끝단의 TCP 속력의 제한치를 설정합니다 . 속도 및 이격거리 감시 운전모드에 활용 될 수 있습니다 . 운동량 (Momentum) : 로봇의",page_181_img_0_0.jpeg,1,1,O,"1. page_181_img_0_0.jpeg | score=1.167 | stage=0.957 | page=1.00; keyword=recovery,로봇을,모드를,안전; section=복구,안전,recovery
2. page_184_img_0_0.jpeg | score=1.057 | stage=0.733 | page=1.00; keyword=복구,on; section=복구,소프트웨어,모드
3. page_182_img_0_0.jpeg | score=0.809 | stage=0.699 | page=1.00; keyword=복구; section=복구,소프트웨어,모드
4. page_192_img_0_0.jpeg | score=0.726 | stage=0.284 | keyword=on
5. page_379_img_2_0.jpeg | score=0.619 | stage=0.245 | keyword=on,각도를
6. page_92_img_1_0.jpeg | score=0.611 | stage=0.332 | keyword=on,서보
7. page_84_img_0_0.jpeg | score=0.602 | stage=0.319 | keyword=on
8. page_379_img_1_0.jpeg | score=0.582 | stage=0.244 | keyword=on
9. page_191_img_0_0.jpeg | score=0.548 | stage=0.289 | keyword=on
10. page_196_img_0_0.jpeg | score=0.537 | stage=0.249 | keyword=on"
Q61,추가,Robot Settings 화면의 더보기 버튼은 어떤 파일 작업을 수행할 수 있게 합니까?,DART-Platform/Robot Settings,화면 구성형,"새 파일 생성, 기존 파일 불러오기, 저장, 내보내기 등을 수행할 수 있음",1,1,O,"page; keyword:파일,생성,기존,내보내기,등을; semantic_rank:1","1. 모듈 | pages [186] | page; keyword:파일,생성,기존,내보내기,등을; semantic_rank:1 | stage= | 메뉴 구성 항목 설명 1 Project name 프로젝트 이름이 들어가 있습니다 . 2 더보기 이 버튼을 클릭하면 새로운 파일을 생성하거나 기존의 파일 불러내기 , 저 장 , 내보내기 등을 할 수 있습니다 . 3 Accordion menu 항목을 클릭하면 관련 메뉴들의 리스트가 나옵니다 . 4 Sub menu 메뉴들을 클
2. 알아보기 | pages [168, 169, 167] | no_match keyword=0.11 semantic_rank=- | stage= | 항목 설명 1 로봇 모드 스위치 Auto ↔ Manual 모드로 변경할 수 있습니다 . 2 로봇 상태 표시 링크 참고 PART 6. DART-Platform 매뉴얼 항목 설명 3 로봇 파라미터 파일 정보 현재 설정된 로봇 파라미터 파일의 이름이 표시됩니다 . 로봇 파라미터 파일의 설정값과 제어기에 설정된 정보가 일치하지 
3. 언팩 사용하기 | pages [184, 185, 186] | page | stage= | 메뉴 구성 항목 설명 1 모델 이름 연결된 로봇 모델의 이름이 나타납니다 . 2 Pack/Unpack Pack 과 Unpack 중 하나를 선택할 수 있습니다 . 3 Packaging Pose/Joint Limit 자세 및 조인트 제한치 값이 나타납니다 . 4 Speed Ratio 팩 혹은 언팩 모드의 속력을 슬라이더 혹은
4. 로봇 업데이트 및 복원 | pages [360, 361, 362, 363, 364, 365, 366] | no_match keyword=0.22 semantic_rank=17 | stage= | 업데이트 Robot Update > Update 메뉴에서는 업데이트 파일을 사용하여 시스템을 업데이트 하는 기능을 제공합니다 . 업데이트 영역에서 원하는 업데이트 파일을 업로드합니다 . 업로드가 완료되면 업데이트 버튼이 표시되며 , 해당 버 튼을 통해서 업데이트를 수행할 수 있습니다 . 메뉴 구성 항목 설명 1 Curre
5. 6.7.1 Robot Settings | pages [196, 197, 198, 199, 200] | no_match keyword=0.00 semantic_rank=- | stage= | DART-Platform 매뉴얼 메뉴 구성 항목 설명 1 콕핏 이미지 콕핏 설정을 위한 이미지 입니다 . 2 리셋 설정한 값들을 초기화 시킬 수 있습니다 . 3 1 버튼 설정 1 버튼에 설정할 기능을 선택할 수 있습니다 . 4 2 버튼 설정 2 버튼에 설정할 기능을 선택할 수 있습니다 . 5 1+2 버튼 설정 1+2 버튼
6. 6.7.4 Safety Setting Review | pages [248, 246, 247] | no_match keyword=0.22 semantic_rank=- | stage= | Robot Parameter 모듈 상에서 로봇 데이터 설정 값이 변경 된 경우 Safety Setting Review 팝업을 통해 바뀐 설정 값 들을 저장할 수 있습니다 . Safety Setting Review 팝업은 Header 의 Robot Parameter 파일 정보 항목을 클릭하거나 , Robot Paramete
7. 화면 | pages [376, 377, 378, 379, 380] | no_match keyword=0.00 semantic_rank=- | stage= | 메뉴 구성 항목 설명 1 패널 타입 선택 동작 버튼의 위치를 선택 할 수 있습니다 . 2 3D simulation 3D 뷰어에서 로봇의 모습을 보여줍니다 . 3 Simulator Alignment 시뮬레이터의 정렬 방법 항목입니다 . 4 Use Increment 각도 혹은 위치 increment 의 활성화 버튼입니다 . 
8. 모듈 | pages [375] | no_match keyword=0.00 semantic_rank=- | stage= | 조그 플러스 (Jog Plus) 모듈에서는 수동 모드로 전체 작업 공간을 탐색 (exploring) 하거나 사용자가 설정한 작동 공간 (Operation Space) 을 로봇 작업 공간으로 선택하여 탐색할 수 있습니다 . 각 축의 이동 각도는 로봇의 사양 , 조그 화면 에서 선택한 작동 공간 , 설정 화면의 안전 설정 중
9. 명령어 예제 따라하기 | pages [308, 309, 310, 311] | no_match keyword=0.00 semantic_rank=- | stage= | 이를 개선하기 위한 방법을 추가로 설명 드립니다 . 종료 버튼을 눌러 Task 를 종료합니다 . Task 수정을 위해 로봇의 동작 Mode 를 Manual 로 변경하십시오 . 명령어 (Command) 탭을 선택하십시오 . PART 6. DART-Platform 매뉴얼 28. 태스크 리스트의 4 번 줄에 Wait 명령어를 
10. 6.7.2 Tool Settings | pages [209, 207] | no_match keyword=0.00 semantic_rank=- | stage= | 로봇은 로봇 끝단의 TCP(Tool Center Point) 와 로봇 본체를 기준으로 공간 제한 위반 여부를 판단합니다 . 실제 로 봇에 설정된 TCP 보다 툴 형상이 더 큰 경우에는 툴 형상을 추가해야만 작업물과 툴을 보호할 수 있습니다 . 툴 형상을 너무 크게 설정하면 실제로 로봇을 움직일 수 있는 영역이 좁아지므로 ",page_186_img_0_0.jpeg,5,1,O,"1. page_186_img_0_0.jpeg | score=1.098 | stage=0.890 | page=1.00; keyword=part,dart,platform,메뉴; section=dart,platform,언팩
2. page_184_img_0_0.jpeg | score=0.987 | stage=0.767 | page=1.00; keyword=part,dart,platform; section=dart,platform,언팩
3. page_168_img_0_0.jpeg | score=0.940 | stage=0.341 | keyword=part,dart,platform,설명; section=dart,platform
4. page_248_img_0_0.jpeg | score=0.866 | stage=0.254 | keyword=robot; section=robot,모듈
5. page_361_img_0_0.jpeg | score=0.850 | stage=0.123 | keyword=파일,메뉴,robot; section=robot
6. page_360_img_0_0.jpeg | score=0.830 | stage=0.123 | keyword=파일,메뉴,robot; section=robot
7. page_376_img_0_0.jpeg | score=0.820 | stage=0.293 | keyword=part,dart,platform,메뉴; section=dart,platform,모듈
8. page_375_img_0_0.jpeg | score=0.787 | stage=0.250 | section=모듈
9. page_323_img_0_0.jpeg | score=0.765 | stage=0.332 | keyword=part,dart,platform; section=dart,platform
10. page_309_img_1_0.jpeg | score=0.751 | stage=0.254 | "
Q62,추가,Cockpit 설정 화면에서 1번 버튼에 수행할 기능을 지정하는 항목은 무엇입니까?,직접교시/Cockpit 설정,화면 구성형,1 버튼 설정 항목에서 기능을 선택함,1,1,O,"page; keyword:버튼,항목,기능을,기능; semantic_rank:15","1. 6.7.1 Robot Settings | pages [196, 197, 198, 199, 200] | page; keyword:버튼,항목,기능을,기능; semantic_rank:15 | stage= | DART-Platform 매뉴얼 메뉴 구성 항목 설명 1 콕핏 이미지 콕핏 설정을 위한 이미지 입니다 . 2 리셋 설정한 값들을 초기화 시킬 수 있습니다 . 3 1 버튼 설정 1 버튼에 설정할 기능을 선택할 수 있습니다 . 4 2 버튼 설정 2 버튼에 설정할 기능을 선택할 수 있습니다 . 5 1+2 버튼 설정 1+2 버튼
2. 6.7.1 Robot Settings | pages [193, 194, 196, 198, 200, 189, 191] | page; keyword:버튼,항목; semantic_rank:14 | stage= | DART-Platform 매뉴얼 메뉴 구성 항목 설명 1 잠금 토글 버튼 설정된 값이 잠금 상태가 됩니다 . 수정을 위해서는 Safety Password 입 력이 필요합니다 . 2 Use Mount Mount 사용을 활성화 하는 버튼입니다 . 버튼의 활성화는 잠금을 푼 이후 가능합니다 . 3 Auto Measure 명령 
3. 6.7.1 Robot Settings | pages [192, 193, 194, 198, 200] | keyword:버튼,항목에서,항목 | stage= | DART-Platform 매뉴얼 항목 설명 12 Apply button 설정 값을 적용할 수 있습니다 . User Coordinates 메뉴 구성 항목 설명 1 Add New User Coordinate 을 추가할 수 있습니다 . 100 개 이하로 추가 가능합 니다 . 2 삭제 선택한 User Coordinate 을 삭제
4. 6.7.1 Robot Settings | pages [192, 193, 196, 191] | page | stage= | DART-Platform 매뉴얼 메뉴 구성 항목 설명 1 Lock Toggle Button 설정된 값이 잠금 상태가 됩니다 . 수정을 위해서는 Safety Password 입력을 해야 합니다 . 2 Information Image 설정에 필요한 이미지 팁입니다 . 3 Information Message 설정에 필요한 팁 
5. 화면 | pages [384, 385, 381, 382, 383] | keyword:버튼,항목; semantic_rank:9 | stage= | 메뉴 구성 항목 설명 16 기준 좌표계 선택 18 번 Task 좌표에 사용될 기준 좌표계를 선택합니다 . Base, World, User coordinate 를 선택할 수 있습니다 . 17 조인트 자세 현재 로봇 자세와 목표가 될 조인트 자세를 표시합니다 . 18 태스크 자세 선택한 기준 좌표계에 맞는 현재 로봇 자세와 
6. 소프트웨어 복구 모드 사용하기 | pages [184, 183] | keyword:버튼,항목 | stage= | PART 6. DART-Platform 매뉴얼 항목 설명 8 Joint/Task 원하는 값을 입력하여 로봇을 움직일 수 있습니다 . 소프트웨어 복구 모드를 사용하려면 : 1. 주 메뉴 창에서 Recovery 메뉴를 탭 하십시오 . Recovery 창에서 소프트웨어 복구 화면이 자동으로 활성화됩니다 . 소프트웨어 복구 화면
7. 6.7.3 Safety Settings | pages [220, 223] | keyword:버튼,항목; semantic_rank:13 | stage= | 메뉴 구성 항목 설명 1 Lock 토글 버튼 설정된 값이 잠금 상태 됩니다 . 수정을 위해서는 Safety Password 입력이 필요합니다 . 2 Information message 설정을 위해 필요한 정보가 있는 메시지 입니다 . 3 Reset 설정의 초기화를 위한 버튼입니다 . PART 6.
8. 안전기능의 설정 | pages [29, 30, 31] | keyword:기능을,기능 | stage= | 구분 안전 설정 기능 설명 1 기본 / 전역 설정 월드 좌표계 (World Coordinates) 설정 (p. 189) 로봇 및 작업대상을 포함한 작업영역을 대표하 는 좌표계를 설정할 수 있습니다 . 로봇 제한치 (Robot Limits) 설정 (p. 210) 조인트와 로봇 /TCP 안전 정격 감시기능의 전역 안전 제한치
9. 6.7.3 Safety Settings | pages [234, 238] | no_match keyword=0.17 semantic_rank=- | stage= | 3 Coordinates Base 와 World 중 좌표계를 설정할 수 있습니다 . 4 Point 1 Point 1 의 값을 입력합니다 . 5 Point 2 Point 2 의 값을 입력합니다 . 6 Point 3 Point 3 의 값을 입력합니다 . 7 크기 설정 Length, Width, Height 값을 입력합니다 .
10. 화면 | pages [376, 377, 378, 379, 380] | keyword:버튼,항목; semantic_rank:7 | stage= | 메뉴 구성 항목 설명 1 패널 타입 선택 동작 버튼의 위치를 선택 할 수 있습니다 . 2 3D simulation 3D 뷰어에서 로봇의 모습을 보여줍니다 . 3 Simulator Alignment 시뮬레이터의 정렬 방법 항목입니다 . 4 Use Increment 각도 혹은 위치 increment 의 활성화 버튼입니다 . ",page_196_img_0_0.jpeg,7,1,O,"1. page_196_img_0_0.jpeg | score=0.880 | stage=0.689 | page=1.00; keyword=robot; section=robot,settings
2. page_195_img_2_0.jpeg | score=0.788 | stage=0.722 | page=1.00; keyword=mount,robot; section=robot,settings
3. page_220_img_0_0.jpeg | score=0.778 | stage=0.226 | section=settings
4. page_192_img_0_0.jpeg | score=0.761 | stage=0.689 | page=1.00; keyword=robot; section=robot,settings
5. page_224_img_0_0.jpeg | score=0.753 | stage=0.227 | section=settings
6. page_190_img_1_0.jpeg | score=0.734 | stage=0.722 | page=1.00; keyword=mount,robot; section=robot,settings
7. page_235_img_1_0.jpeg | score=0.724 | stage=0.225 | section=settings
8. page_376_img_0_0.jpeg | score=0.724 | stage=0.245 | keyword=part
9. page_190_img_0_0.jpeg | score=0.703 | stage=0.689 | page=1.00; keyword=robot; section=robot,settings
10. page_236_img_0_0.jpeg | score=0.697 | stage=0.037 | section=settings"
Q63,추가,툴 무게를 설정하기 위해 Robot Parameters에서 선택해야 하는 메뉴 경로는 무엇입니까?,툴 설정/Tool Weight,메뉴 경로형,Robot Parameters > Tool Settings > Tool Weight,1,1,O,"page; keyword:robot,parameters,tool,settings,weight; semantic_rank:1","1. 6.7.2 Tool Settings | pages [205, 206, 207] | page; keyword:robot,parameters,tool,settings,weight; semantic_rank:1 | stage= | DART-Platform 매뉴얼 Tool Weight 툴 무게 (Tool Weight) 를 추가하여 플랜지에 장착된 Tool 의 무게를 설정할 수 있습니다 . 툴 무게는 Robot Parameters > Tool Settings > Tool Weight 를 선택하여 설정할 수 있습니다 . 자동 계산 (Auto Measur
2. 6.7.2 Tool Settings | pages [209, 207] | keyword:tool,settings; semantic_rank:4 | stage= | 로봇은 로봇 끝단의 TCP(Tool Center Point) 와 로봇 본체를 기준으로 공간 제한 위반 여부를 판단합니다 . 실제 로 봇에 설정된 TCP 보다 툴 형상이 더 큰 경우에는 툴 형상을 추가해야만 작업물과 툴을 보호할 수 있습니다 . 툴 형상을 너무 크게 설정하면 실제로 로봇을 움직일 수 있는 영역이 좁아지므로 
3. 6.7.2 Tool Settings | pages [208, 209, 206] | keyword:tool,settings,weight; semantic_rank:5 | stage= | DART-Platform 매뉴얼 메뉴 구성 항목 설명 1 Lock 토글 버튼 설정된 값이 잠금 상태가 됩니다 . 수정을 위해서는 Safety Password 입력이 필요합니다 . 2 추가하기 새로운 Tool Weight 를 추가할 수 있습니다 . 3 삭제하기 Tool Weight 를 삭제할 수 있습니다 . 4 Tool W
4. 6.7.1 Robot Settings | pages [192, 193, 194, 195, 196, 197, 198, 199, 200, 201, 188, 189, 190, 191] | keyword:robot,parameters,settings; semantic_rank:10 | stage= | DART-Platform 매뉴얼 항목 설명 5 I/O 이름 최대 40 자로 이름 설정이 가능합니다 . Mount 로봇 설치 자세 (Mount) 메뉴에서 로봇 설치 자세를 설정할 수 있습니다 . 로봇이 평평한 바닥에 설치되는 경우에는 이 과정을 건너뛸 수 있습니다 . 로봇 설치 자세는 Robot Parameters > Ro
5. 6.7.2 Tool Settings | pages [205, 207] | page; keyword:tool,settings,weight; semantic_rank:2 | stage= | 알아두기 툴 무게 (Tool Weight) 는 최대 50 개까지 등록 할 수 있습니다 . M series 의 경우 모델별 허용 가능한 최대 툴 무게 초과 설정 시 가속도 자동 조정 기능이 활성화 됩니 다 .
6. 언팩 사용하기 | pages [184, 185, 186] | no_match keyword=0.00 semantic_rank=20 | stage= | 메뉴 구성 항목 설명 1 모델 이름 연결된 로봇 모델의 이름이 나타납니다 . 2 Pack/Unpack Pack 과 Unpack 중 하나를 선택할 수 있습니다 . 3 Packaging Pose/Joint Limit 자세 및 조인트 제한치 값이 나타납니다 . 4 Speed Ratio 팩 혹은 언팩 모드의 속력을 슬라이더 혹은
7. 화면 | pages [384, 385, 381, 382, 383] | no_match keyword=0.00 semantic_rank=- | stage= | 메뉴 구성 항목 설명 16 기준 좌표계 선택 18 번 Task 좌표에 사용될 기준 좌표계를 선택합니다 . Base, World, User coordinate 를 선택할 수 있습니다 . 17 조인트 자세 현재 로봇 자세와 목표가 될 조인트 자세를 표시합니다 . 18 태스크 자세 선택한 기준 좌표계에 맞는 현재 로봇 자세와 
8. 화면 | pages [384, 385, 382, 383] | no_match keyword=0.00 semantic_rank=- | stage= | DART-Platform 매뉴얼 월드 좌표 기준으로 좌표값을 설정해서 이동하기 월드 좌표를 기준으로 로봇을 이동하려면 : 1. 이동 탭을 선택한 후 참조 좌표계 항목을 선택하십시오 . 표시 좌표계를 월드로 선택하십시오 3. 이동하고자 하는 포즈를 월드 기준으로 설정하십시오 . 해당 태스크 포지션으로 이동 버튼을 길게 탭 
9. 안전기능의 설정 | pages [29, 30, 31] | keyword:robot,tool,weight | stage= | 구분 안전 설정 기능 설명 1 기본 / 전역 설정 월드 좌표계 (World Coordinates) 설정 (p. 189) 로봇 및 작업대상을 포함한 작업영역을 대표하 는 좌표계를 설정할 수 있습니다 . 로봇 제한치 (Robot Limits) 설정 (p. 210) 조인트와 로봇 /TCP 안전 정격 감시기능의 전역 안전 제한치
10. 6.7.4 Safety Setting Review | pages [248, 246, 247] | no_match keyword=0.20 semantic_rank=- | stage= | Robot Parameter 모듈 상에서 로봇 데이터 설정 값이 변경 된 경우 Safety Setting Review 팝업을 통해 바뀐 설정 값 들을 저장할 수 있습니다 . Safety Setting Review 팝업은 Header 의 Robot Parameter 파일 정보 항목을 클릭하거나 , Robot Paramete",page_205_img_1_0.jpeg,1,1,O,"1. page_205_img_1_0.jpeg | score=1.154 | stage=0.797 | page=1.00; keyword=tool,weight; section=tool,weight,settings
2. page_192_img_0_0.jpeg | score=1.048 | stage=0.664 | page=1.00; keyword=robot; section=settings
3. page_196_img_0_0.jpeg | score=0.912 | stage=0.664 | page=1.00; keyword=robot; section=settings
4. page_195_img_2_0.jpeg | score=0.883 | stage=0.698 | page=1.00; keyword=robot,메뉴; section=settings
5. page_195_img_0_0.jpeg | score=0.875 | stage=0.698 | page=1.00; keyword=part,robot; section=settings
6. page_206_img_0_0.jpeg | score=0.874 | stage=0.781 | page=1.00; keyword=tool,값을,메뉴; section=tool,settings
7. page_384_img_0_0.jpeg | score=0.806 | stage=0.240 | keyword=좌표계,값을
8. page_197_img_0_0.jpeg | score=0.795 | stage=0.698 | page=1.00; keyword=part,robot; section=settings
9. page_191_img_0_0.jpeg | score=0.794 | stage=0.664 | page=1.00; keyword=robot; section=settings
10. page_189_img_0_0.jpeg | score=0.791 | stage=0.664 | page=1.00; keyword=robot; section=settings"
Q64,추가,Tool Shape 팝업에서 새 툴 형상을 등록할 때 입력해야 하는 기본 항목은 무엇입니까?,툴 설정/Tool Shape,화면 구성형,Tool Shape의 이름을 입력해야 함,1,1,O,"page; keyword:tool,shape,이름을,이름; semantic_rank:2","1. 6.7.2 Tool Settings | pages [209] | page; keyword:tool,shape,이름을,이름; semantic_rank:2 | stage= | DART-Platform 매뉴얼 메뉴 구성 항목 설명 1 Tool Shape Tool Shape 팝업임을 표시합니다 . 2 이름 입력하기 Tool Shape 의 이름을 입력할 수 있습니다 . 3 주의 사항 메시지 설정 시 주의 사항 메시지입니다 .
2. 6.7.2 Tool Settings | pages [208, 209, 207] | page; keyword:tool,shape; semantic_rank:5 | stage= | DART-Platform 매뉴얼 항목 설명 16 CZ 입력 CZ 를 입력할 수 있습니다 . 17 관성 사용 여부 관성 사용 여부를 선택할 수 있는 체크박스입니다 . 18 lxx 입력 관성의 lxx 항목을 입력할 수 있습니다 . 19 lyy 입력 관성의 lyy 항목을 입력할 수 있습니다 . 20 lzz 입력 관성의 lzz 
3. 6.7.2 Tool Settings | pages [208] | keyword:tool,shape,이름; semantic_rank:1 | stage= | 2 3D Simulation 설정한 Tool Shape 의 결과를 3D Simulation 해볼 수 있습니다 . 3 Tool Shape 이름 설정된 Tool 의 이름입니다 . 4 Tool Shape 모양 설정된 Tool 의 Shape 형식입니다 . 5 Tool Shape 편집하기 설정된 Tool Shape 를 편집할 수 
4. 6.7.2 Tool Settings | pages [207] | keyword:tool,shape; semantic_rank:3 | stage= | 알아두기 툴 형상 (Tool Shape) 은 최대 50 개까지 등록 할 수 있습니다 .
5. 6.7.2 Tool Settings | pages [209, 207] | page; keyword:tool,shape; semantic_rank:6 | stage= | 로봇은 로봇 끝단의 TCP(Tool Center Point) 와 로봇 본체를 기준으로 공간 제한 위반 여부를 판단합니다 . 실제 로 봇에 설정된 TCP 보다 툴 형상이 더 큰 경우에는 툴 형상을 추가해야만 작업물과 툴을 보호할 수 있습니다 . 툴 형상을 너무 크게 설정하면 실제로 로봇을 움직일 수 있는 영역이 좁아지므로 
6. 6.7.2 Tool Settings | pages [208, 209, 206] | page; keyword:tool,이름을,이름; semantic_rank:10 | stage= | DART-Platform 매뉴얼 메뉴 구성 항목 설명 1 Lock 토글 버튼 설정된 값이 잠금 상태가 됩니다 . 수정을 위해서는 Safety Password 입력이 필요합니다 . 2 추가하기 새로운 Tool Weight 를 추가할 수 있습니다 . 3 삭제하기 Tool Weight 를 삭제할 수 있습니다 . 4 Tool W
7. 6.7.3 Safety Settings | pages [211, 212, 213, 214, 215, 216, 217, 218, 219, 220, 221, 222, 223, 224, 225, 226, 227, 228, 229, 230, 231, 232, 233, 234, 235, 236, 237, 238, 239, 240, 241, 242, 243, 244, 245, 246] | semantic_rank:8 | stage= | DART-Platform 매뉴얼 Cuboid 메뉴 구성 항목 설명 1 Shape Type 원하는 Shape 타입을 선택할 수 있습니다 . 2 Shape Image 선택한 Type 의 이미지입니다 .
8. 모듈 | pages [186] | semantic_rank:7 | stage= | 메뉴 구성 항목 설명 1 Project name 프로젝트 이름이 들어가 있습니다 . 2 더보기 이 버튼을 클릭하면 새로운 파일을 생성하거나 기존의 파일 불러내기 , 저 장 , 내보내기 등을 할 수 있습니다 . 3 Accordion menu 항목을 클릭하면 관련 메뉴들의 리스트가 나옵니다 . 4 Sub menu 메뉴들을 클
9. 원격 제어 모드 | pages [259, 260, 261] | no_match keyword=0.00 semantic_rank=- | stage= | DART-Platform 매뉴얼 항목 설명 7 툴 무게 태스크에서 지정된 툴 무게를 표시합니다 . 8 툴 모양 태스크에서 지정 된 툴 모양을 표시합니다 . 9 신호 입출력 각각의 신호 입출력 값들을 표시합니다 . 10 로그 시스템 로그 정보를 표시합니다 . 11 속력 태스크의 속도를 설정할 수 있습니다 . 12 TCP 힘
10. 6.7.3 Safety Settings | pages [224, 225, 226, 227, 229, 230, 231, 232, 234, 235, 236, 238, 245] | keyword:tool,shape,이름; semantic_rank:15 | stage= | DART-Platform 매뉴얼 Safety Zone Safety Zone 설정 화면 메뉴 구성 항목 설명 1 Lock 토글 버튼 설정된 값이 잠금 상태 됩니다 . 수정을 위해서는 Safety Password 입력 이 필요합니다 . 2 활성화 여부 선택 생성된 안전 영역을 적용 / 적용해제 할 수 있습니다 . 3 Zone",page_209_img_0_0.jpeg,2,2,O,"1. page_208_img_0_0.jpeg | score=1.138 | stage=0.916 | page=1.00; keyword=플랜지,tool,좌표계,따라; section=tool,settings
2. page_209_img_0_0.jpeg | score=1.109 | stage=0.916 | page=1.00; keyword=플랜지,tool,좌표계,따라; section=tool,settings
3. page_210_img_0_0.jpeg | score=1.025 | stage=0.747 | page=1.00; keyword=tool,part; section=tool,settings
4. page_206_img_0_0.jpeg | score=0.990 | stage=0.747 | page=1.00; keyword=tool,값을; section=tool,settings
5. page_224_img_0_0.jpeg | score=0.979 | stage=0.630 | page=1.00; section=settings
6. page_205_img_1_0.jpeg | score=0.930 | stage=0.714 | page=1.00; keyword=tool; section=tool,settings
7. page_245_img_0_0.jpeg | score=0.926 | stage=0.630 | page=1.00; section=settings
8. page_235_img_1_0.jpeg | score=0.885 | stage=0.630 | page=1.00; section=settings
9. page_233_img_2_0.jpeg | score=0.851 | stage=0.630 | page=1.00; section=settings
10. page_226_img_2_0.jpeg | score=0.839 | stage=0.630 | page=1.00; section=settings"
Q65,추가,구 형태의 안전 영역을 설정할 때 중심 위치는 어떤 축 값으로 입력합니까?,안전 설정/구역 설정,설정 절차형,"Center Position에서 X축, Y축, Z축 값을 입력함",3,1,O,page,"1. 6.7.3 Safety Settings | pages [224, 225, 226, 227, 229, 230, 231, 232, 234, 235, 236, 238, 245] | page | stage= | DART-Platform 매뉴얼 Safety Zone Safety Zone 설정 화면 메뉴 구성 항목 설명 1 Lock 토글 버튼 설정된 값이 잠금 상태 됩니다 . 수정을 위해서는 Safety Password 입력 이 필요합니다 . 2 활성화 여부 선택 생성된 안전 영역을 적용 / 적용해제 할 수 있습니다 . 3 Zone
2. 안전기능의 설정 | pages [29, 30, 31] | no_match keyword=0.00 semantic_rank=- | stage= | 구분 안전 설정 기능 설명 1 기본 / 전역 설정 월드 좌표계 (World Coordinates) 설정 (p. 189) 로봇 및 작업대상을 포함한 작업영역을 대표하 는 좌표계를 설정할 수 있습니다 . 로봇 제한치 (Robot Limits) 설정 (p. 210) 조인트와 로봇 /TCP 안전 정격 감시기능의 전역 안전 제한치
3. 6.7.3 Safety Settings | pages [240, 241, 242, 243, 244] | no_match keyword=0.00 semantic_rank=- | stage= | DART-Platform 매뉴얼 공간 제한과 구역의 설정 공통 사항 유효 면적 (Effective Area) 은 내부 / 외부 중 하나를 선택할 수 있습니다 . 모양 유형 (Shape Type) 은 구 , 원기둥 , 직육면체 , 기울어진 직육면체 , 다면상자 중 하나를 선택할 수 있으며 자세한 내용은 공간 제한과 구역의 
4. 안전기능의 설정 | pages [31] | no_match keyword=0.00 semantic_rank=- | stage= | 안전 매뉴얼 구분 안전 설정 기능 설명 사용자 정의 구역 (Custom Zone) 설정하기 (p. 239) 로봇 응용의 필요에 따라 안전 제한치들을 구 역별로 다르게 적용하는데 사용될 수 있습니 다 . 선택한 안전 제한치들이 , 구역 (Zone) 내에 서 별도적용 (Override) 됩니다 . 협동 작업 구역 혹은 높은 
5. 6.7.3 Safety Settings | pages [240, 239] | no_match keyword=0.00 semantic_rank=- | stage= | DART-Platform 매뉴얼 항목 설명 원기둥 공간 제한 (Space Limit) / 구역 (Zone) 의 형태를 원기둥으로 구성합니다 . 원기둥의 반지름 거리의 점 , 윗면의 한 점 , 밑면의 한 점을 입력한 후 , 포즈 저장 버튼을 탭 하십시오 . 다면 상자 공간 제한 (Space Limit) / 구역 (Zone)
6. 6.7.3 Safety Settings | pages [240, 237, 238, 239] | no_match keyword=0.00 semantic_rank=- | stage= | 안전 매뉴얼 (p. 8) 에서 다음의 내용을 참고하십 시오 . 공간 제한 (Space Limit) (p. 38) 구역 (Zone) (p. 37) 공간 제한과 구역의 형태 알아보기 공간 제한 (Space Limit) / 구역 (Zone) 의 형태에 대한 설정 방법은 다음과 같습니다 . 항목 설명 직육면체 공간 제한 (Spa
7. (Zone) | pages [38] | no_match keyword=0.00 semantic_rank=- | stage= | 응용에 따라 특정 공간에서는 로봇 제한치 (Robot Limits) 설정 (p. 210) 에서 지정한 전역 안전제한치와는 다른 안전제 한치 적용이 필요할 수 있습니다 . 구역설정 기능을 이용하면 지정한 구역에만 별도의 안전제한치를 설정할 수 있습니 다 . 구역의 종류에 따라 오버라이드가 가능한 안전제한치가 지정되어있습니다
8. (Safety Stop Modes) | pages [37] | no_match keyword=0.12 semantic_rank=- | stage= | 안전 매뉴얼 안전 정지 모드 설명 6 TCP/ 로봇 위치 제한 위반 (TCP/ Robot Position Limit Violation) 공구중심점 (TCP) 과 로봇의 위치가 워크셀 매니저의 로봇에서 설정한 공 간 제한을 위반할 때 활성화되는 정지 모드를 설정합니다 . 또한 TCP 가 안전 영역 ( 협동 작업 구역 (Co
9. 6.7.2 Tool Settings | pages [201, 202, 203, 204, 205, 206, 207, 208, 209] | semantic_rank:7 | stage= | Tool Center Point 공구중심점 (TCP) 를 설정할 때에 플랜지 좌표계를 기준으로 위치와 함께 회전각을 함께 정의해야 합니다 . 이때 , 플랜 지좌표계 기준 원점에서 공구중심점 (TCP) 까지 X, Y, Z 각 방향 별 거리가 10000mm 이상이 되도록 공구중심점 (TCP) 를 설정할 수 없습니다 . 그리고
10. 6.7.3 Safety Settings | pages [240, 238] | semantic_rank:6 | stage= | DART-Platform 매뉴얼 항목 설명 기울어진 직육면체 공간 제한 (Space Limit) / 구역 (Zone) 의 형태를 기울어진 직육면체로 구성합니다 . 4 포인트 입력 방식 기울어진 직육면체의 기준점 ( 포인트 1 ), x 축 끝점 ( 포인트 2 ), y 축 끝점 ( 포인트 3 ), z 축 끝점 ( 포인트 4 ",page_226_img_0_0.jpeg,,,X,"1. page_224_img_0_0.jpeg | score=1.093 | stage=0.689 | page=1.00; keyword=safety; section=safety,settings
2. page_240_img_0_0.jpeg | score=1.088 | stage=0.722 | page=1.00; keyword=safety,설정할; section=safety,settings
3. page_241_img_0_0.jpeg | score=1.058 | stage=0.689 | page=1.00; keyword=safety; section=safety,settings
4. page_242_img_0_0.jpeg | score=1.012 | stage=0.689 | page=1.00; keyword=safety; section=safety,settings
5. page_236_img_0_0.jpeg | score=0.951 | stage=0.689 | page=1.00; keyword=safety; section=safety,settings
6. page_244_img_0_0.jpeg | score=0.942 | stage=0.689 | page=1.00; keyword=safety; section=safety,settings
7. page_243_img_0_0.jpeg | score=0.900 | stage=0.689 | page=1.00; keyword=safety; section=safety,settings
8. page_226_img_2_0.jpeg | score=0.884 | stage=0.689 | page=1.00; keyword=safety; section=safety,settings
9. page_232_img_0_0.jpeg | score=0.870 | stage=0.722 | page=1.00; keyword=safety,설정할; section=safety,settings
10. page_243_img_1_0.jpeg | score=0.847 | stage=0.689 | page=1.00; keyword=safety; section=safety,settings"
Q66,추가,공간 제한 구역에서 두 점을 사용하는 형상 설정 시 입력해야 하는 주요 위치 항목은 무엇입니까?,안전 설정/공간 제한 구역,설정 절차형,Point 1과 Point 2 값을 입력함,4,4,O,"keyword:point,값을","1. 6.7.3 Safety Settings | pages [240, 239] | no_match keyword=0.00 semantic_rank=- | stage= | DART-Platform 매뉴얼 항목 설명 원기둥 공간 제한 (Space Limit) / 구역 (Zone) 의 형태를 원기둥으로 구성합니다 . 원기둥의 반지름 거리의 점 , 윗면의 한 점 , 밑면의 한 점을 입력한 후 , 포즈 저장 버튼을 탭 하십시오 . 다면 상자 공간 제한 (Space Limit) / 구역 (Zone)
2. 6.7.3 Safety Settings | pages [240, 237, 238, 239] | no_match keyword=0.00 semantic_rank=- | stage= | 안전 매뉴얼 (p. 8) 에서 다음의 내용을 참고하십 시오 . 공간 제한 (Space Limit) (p. 38) 구역 (Zone) (p. 37) 공간 제한과 구역의 형태 알아보기 공간 제한 (Space Limit) / 구역 (Zone) 의 형태에 대한 설정 방법은 다음과 같습니다 . 항목 설명 직육면체 공간 제한 (Spa
3. 6.7.3 Safety Settings | pages [240, 241, 242, 243, 244] | no_match keyword=0.00 semantic_rank=- | stage= | DART-Platform 매뉴얼 공간 제한과 구역의 설정 공통 사항 유효 면적 (Effective Area) 은 내부 / 외부 중 하나를 선택할 수 있습니다 . 모양 유형 (Shape Type) 은 구 , 원기둥 , 직육면체 , 기울어진 직육면체 , 다면상자 중 하나를 선택할 수 있으며 자세한 내용은 공간 제한과 구역의 
4. 6.7.3 Safety Settings | pages [236, 237, 238, 239, 240, 241] | keyword:point,값을 | stage= | 3 Coordinates Base 와 World 중 좌표계를 설정할 수 있습니다 . 4 Upper 상단 값을 입력할 수 있습니다 . 5 Lower 하단 값을 입력할 수 있습니다 . 6 Plane Start X, Y 면의 시작 점 값을 입력할 수 있습니다 . 7 Pane End X,Y 면의 끝 점 값을 입력할 수 있습니다 
5. 6.7.3 Safety Settings | pages [240, 238] | no_match keyword=0.00 semantic_rank=- | stage= | DART-Platform 매뉴얼 항목 설명 기울어진 직육면체 공간 제한 (Space Limit) / 구역 (Zone) 의 형태를 기울어진 직육면체로 구성합니다 . 4 포인트 입력 방식 기울어진 직육면체의 기준점 ( 포인트 1 ), x 축 끝점 ( 포인트 2 ), y 축 끝점 ( 포인트 3 ), z 축 끝점 ( 포인트 4 
6. 6.7.3 Safety Settings | pages [234, 238] | keyword:point,값을; semantic_rank:10 | stage= | 3 Coordinates Base 와 World 중 좌표계를 설정할 수 있습니다 . 4 Point 1 Point 1 의 값을 입력합니다 . 5 Point 2 Point 2 의 값을 입력합니다 . 6 Point 3 Point 3 의 값을 입력합니다 . 7 크기 설정 Length, Width, Height 값을 입력합니다 .
7. 6.7.3 Safety Settings | pages [232, 234] | keyword:point,값을; semantic_rank:1 | stage= | 3 Coordinates Base 와 World 중 좌표계를 설정할 수 있습니다 . 4 Point 1 Point 1 의 값을 입력합니다 . 5 Point 2 Point 2 의 값을 입력합니다 . 6 Point 3 Point 3 의 값을 입력합니다 . 7 Point 4 Point 4 의 값을 입력합니다 . 8 Space E
8. 6.7.3 Safety Settings | pages [230, 231, 232, 234, 238] | page; keyword:point,값을; semantic_rank:7 | stage= | 3 Coordinates Base 와 World 중 좌표계를 설정할 수 있습니다 . 4 Point 1 Point 1 의 값을 입력합니다 . 5 Point 2 Point 2 의 값을 입력합니다 . 6 Space Expansion 공간 확장을 설정할 수 있습니다 . PART 6. DART-Platform 매뉴얼 항목 설명 7
9. 안전기능의 설정 | pages [29, 30, 31] | no_match keyword=0.00 semantic_rank=- | stage= | 구분 안전 설정 기능 설명 1 기본 / 전역 설정 월드 좌표계 (World Coordinates) 설정 (p. 189) 로봇 및 작업대상을 포함한 작업영역을 대표하 는 좌표계를 설정할 수 있습니다 . 로봇 제한치 (Robot Limits) 설정 (p. 210) 조인트와 로봇 /TCP 안전 정격 감시기능의 전역 안전 제한치
10. 6.7.3 Safety Settings | pages [232, 234] | no_match keyword=0.00 semantic_rank=- | stage= | DART-Platform 매뉴얼 메뉴 구성 항목 설명 1 입력 방식 원하는 입력 방식을 선택할 수 있습니다 . 2 Space Image 선택한 Type 의 이미지입니다 .",page_230_img_0_0.jpeg,4,4,O,"1. page_240_img_0_0.jpeg | score=1.088 | stage=0.698 | page=1.00; keyword=safety,설정할; section=safety,settings
2. page_236_img_0_0.jpeg | score=1.055 | stage=0.664 | page=1.00; keyword=safety; section=safety,settings
3. page_241_img_0_0.jpeg | score=1.052 | stage=0.664 | page=1.00; keyword=safety; section=safety,settings
4. page_230_img_0_0.jpeg | score=0.998 | stage=0.664 | page=1.00; keyword=safety; section=safety,settings
5. page_232_img_0_0.jpeg | score=0.995 | stage=0.698 | page=1.00; keyword=safety,설정할; section=safety,settings
6. page_244_img_0_0.jpeg | score=0.962 | stage=0.664 | page=1.00; keyword=safety; section=safety,settings
7. page_235_img_1_0.jpeg | score=0.949 | stage=0.664 | page=1.00; keyword=safety; section=safety,settings
8. page_242_img_0_0.jpeg | score=0.945 | stage=0.664 | page=1.00; keyword=safety; section=safety,settings
9. page_230_img_1_0.jpeg | score=0.931 | stage=0.664 | page=1.00; keyword=safety; section=safety,settings
10. page_233_img_1_0.jpeg | score=0.920 | stage=0.664 | page=1.00; keyword=safety; section=safety,settings"
Q67,추가,충돌 민감도 감소 구역은 어떤 목적의 안전 구역입니까?,안전 설정/충돌 민감도 감소 구역,개념 확인형,로봇이 다양한 재료나 표면과 작업할 때 충돌 감지 민감도를 조정하는 구역임,1,1,O,"page; keyword:로봇이,로봇,다양한,재료나,표면과,표면; semantic_rank:1","1. 6.7.3 Safety Settings | pages [243] | page; keyword:로봇이,로봇,다양한,재료나,표면과,표면; semantic_rank:1 | stage= | DART-Platform 매뉴얼 충돌 민감도 감소 구역 (Collision Sensitivity Reduction Zone) 설정하기 충돌 민감도 감소 구역 (Collision Sensitivity Reduction Zone) 은 로봇이 다양한 재료나 표면과 작업할 때 충돌 감지 민감도를 조정하는 구역입니다 . 힘과 충돌
2. 6.7.3 Safety Settings | pages [242] | keyword:로봇,작업할,충돌,감지,민감도; semantic_rank:2 | stage= | DART-Platform 매뉴얼 협동 작업 구역 (Collaborative Zone) 설정하기 협동 작업 구역 (Collaborative Zone) 은 로봇과 안전하게 함께 작업할 수 있도록 설계된 구역입니다 . 근접 작업에 필 요한 감속률 등의 로봇 제한 , 안전 정지 모드 설정을 제공합니다 . Robot Paramet
3. (Robot Limits) | pages [41] | semantic_rank:9 | stage= | 안전 매뉴얼 충돌 민감도 감소 구역 (Collision Sensitivity Reduction Zone) 설정하기 (p. 239) 툴 방향 전환 제한 구역 (Tool Orientation Limit Zone) 설정하기 (p. 239) 사용자 정의 구역 (Custom Zone) 설정하기 (p. 239) PART 1. 안전 
4. 안전기능의 설정 | pages [29, 30, 31] | semantic_rank:3 | stage= | 구분 안전 설정 기능 설명 1 기본 / 전역 설정 월드 좌표계 (World Coordinates) 설정 (p. 189) 로봇 및 작업대상을 포함한 작업영역을 대표하 는 좌표계를 설정할 수 있습니다 . 로봇 제한치 (Robot Limits) 설정 (p. 210) 조인트와 로봇 /TCP 안전 정격 감시기능의 전역 안전 제한치
5. (Safety I/O) | pages [34, 35, 36] | no_match keyword=0.29 semantic_rank=- | stage= | 안전 매뉴얼 TBCI - Protective Stop - STO (L) TBCI - Protective Stop - SS1 (L) TBCI - Protective Stop - SS2 (L) TBCI - Protective Stop (L) - Auto Reset & Resume (R) 보호정지 관련신호가 중단이 가능한 상태
6. 명령어 예제 따라하기 | pages [296, 297, 294, 295] | semantic_rank:13 | stage= | 안전 정지 경고 창에서 Reset 버튼을 누르십시오 . 태스크 프로그램이 다시 동작합니다 . 정지 버튼을 눌러 프로그램을 종료 하십시오 . PART 6. DART-Platform 매뉴얼 31. 충돌 문제 해결을 위해서는 안전 설정 중 충돌 민감도 (Collision Sensitivity) 를 낮춰야 합니다 .(TCP Fo
7. (Safety I/O) | pages [33, 35, 36] | no_match keyword=0.14 semantic_rank=- | stage= | 안전 매뉴얼 신호명 설명 Safety Zone Dynamic Enable (H) 안전 공간 제한 ( Space Limit ) 또는 구역 ( Zone ) 을 동적으로 활성화 또는 비활성화 시킬 때 사용 가능합니다 . 공간제한 , 구역 설정 시 동적 구역 활성화를 설정한 경우에만 이 신 호를 사용할 수 있습니다 . High 
8. (Safety Stop Modes) | pages [37] | semantic_rank:10 | stage= | 안전 매뉴얼 안전 정지 모드 설명 6 TCP/ 로봇 위치 제한 위반 (TCP/ Robot Position Limit Violation) 공구중심점 (TCP) 과 로봇의 위치가 워크셀 매니저의 로봇에서 설정한 공 간 제한을 위반할 때 활성화되는 정지 모드를 설정합니다 . 또한 TCP 가 안전 영역 ( 협동 작업 구역 (Co
9. 6.7.3 Safety Settings | pages [240, 241, 242, 243, 244] | page; semantic_rank:14 | stage= | DART-Platform 매뉴얼 공간 제한과 구역의 설정 공통 사항 유효 면적 (Effective Area) 은 내부 / 외부 중 하나를 선택할 수 있습니다 . 모양 유형 (Shape Type) 은 구 , 원기둥 , 직육면체 , 기울어진 직육면체 , 다면상자 중 하나를 선택할 수 있으며 자세한 내용은 공간 제한과 구역의 
10. 명령어 예제 따라하기 | pages [296, 284, 285, 295] | no_match keyword=0.14 semantic_rank=17 | stage= | 이 예제에서는 순응 제어 사용 시 충돌 민감도 (Collision Sensitivity) 를 낮춰야 하는 이유를 설명하기 위해 충돌 민감도 (Collision Sensitivity) 를 95% 로 설정합니다 .",page_243_img_0_0.jpeg,1,1,O,"1. page_243_img_0_0.jpeg | score=1.112 | stage=0.657 | page=1.00; keyword=safety; section=safety,settings
2. page_242_img_0_0.jpeg | score=1.076 | stage=0.657 | page=1.00; keyword=safety; section=safety,settings
3. page_244_img_0_0.jpeg | score=0.923 | stage=0.657 | page=1.00; keyword=safety; section=safety,settings
4. page_240_img_0_0.jpeg | score=0.872 | stage=0.657 | page=1.00; keyword=safety; section=safety,settings
5. page_243_img_1_0.jpeg | score=0.836 | stage=0.657 | page=1.00; keyword=safety; section=safety,settings
6. page_24_img_0_0.jpeg | score=0.718 | stage=0.306 | keyword=정지,안전,stop; section=안전
7. page_241_img_0_0.jpeg | score=0.703 | stage=0.657 | page=1.00; keyword=safety; section=safety,settings
8. page_245_img_0_0.jpeg | score=0.698 | stage=0.801 | page=1.00; keyword=모드,정지,안전,safety; section=안전,구역,safety
9. page_295_img_0_0.jpeg | score=0.639 | stage=0.332 | keyword=정지,안전; section=안전
10. page_294_img_1_0.jpeg | score=0.626 | stage=0.302 | "
Q68,추가,Safety Setting Review 팝업은 어떤 설정 값이 변경되었을 때 저장을 위해 사용됩니까?,안전 설정/Safety Review,상태 확인형,Robot Parameter 모듈에서 로봇 데이터 설정 값이 변경된 경우 사용됨,1,1,O,"page; keyword:robot,parameter,모듈,로봇,데이터,값이; semantic_rank:1","1. 6.7.4 Safety Setting Review | pages [248, 246, 247] | page; keyword:robot,parameter,모듈,로봇,데이터,값이; semantic_rank:1 | stage= | Robot Parameter 모듈 상에서 로봇 데이터 설정 값이 변경 된 경우 Safety Setting Review 팝업을 통해 바뀐 설정 값 들을 저장할 수 있습니다 . Safety Setting Review 팝업은 Header 의 Robot Parameter 파일 정보 항목을 클릭하거나 , Robot Paramete
2. 6.7.4 Safety Setting Review | pages [248, 249, 247] | page | stage= | DART-Platform 매뉴얼 Header 를 통해 Safety Setting Review 팝업에 진입 하였으나 변경 사항이 없을 경우에는 Close 버튼만 표시됩니다 . 알아두기 파라미터 파일의 경우 Manual 상태에서만 수정이 가능합니다 .
3. 6.7.2 Tool Settings | pages [203, 206, 207, 208, 209] | no_match keyword=0.11 semantic_rank=- | stage= | R) 메뉴 구성 항목 설명 1 Lock 토글 버튼 설정된 값이 잠금됩니다 . 값을 수정하기 위해서는 Safety Password 의 입력이 필요합니다 .
4. 6.7.3 Safety Settings | pages [220, 223] | no_match keyword=0.11 semantic_rank=- | stage= | 메뉴 구성 항목 설명 1 Lock 토글 버튼 설정된 값이 잠금 상태 됩니다 . 수정을 위해서는 Safety Password 입력이 필요합니다 . 2 Information message 설정을 위해 필요한 정보가 있는 메시지 입니다 . 3 Reset 설정의 초기화를 위한 버튼입니다 . PART 6.
5. 6.7.3 Safety Settings | pages [240, 241, 229, 223] | no_match keyword=0.00 semantic_rank=- | stage= | STO (H/P 시리즈 제외 ) SS1 SS2 PART 6. DART-Platform 매뉴얼 항목 설명 16 Save 설정 값들을 저장할 수 있습니다 . 알아두기 Information 메시지에는 다음과 같은 팝업이 뜹니다 . PART 6.
6. 6.7.3 Safety Settings | pages [245] | no_match keyword=0.11 semantic_rank=- | stage= | 메뉴 구성 항목 설명 1 Lock 토글 버튼 설정된 값이 잠금 상태 됩니다 . 수정을 위해서는 Safety Password 입력이 필요합니다 . 2 Nudge 사용 여부 넛지 사용 여부를 선택할 수 있습니다 . 3 Force 입력 원하는 Force 값을 입력할 수 있습니다 . 4 Delay Time 지연 시간을 설정할 수
7. 6.7.3 Safety Settings | pages [212, 213, 214, 215, 216, 217, 218, 219, 220, 221, 222, 223, 224, 225, 226, 227, 228, 229, 230, 231, 232, 233, 234, 235, 236, 237, 238, 239, 240, 241, 242, 243, 244, 245, 246] | no_match keyword=0.11 semantic_rank=- | stage= | DART-Platform 매뉴얼 메뉴 구성 항목 설명 1 Lock 토글 버튼 설정된 값이 잠금 상태가 됩니다 . 수정을 위해서는 Safety Password 입 력이 필요합니다 .
8. 6.7.2 Tool Settings | pages [208] | no_match keyword=0.11 semantic_rank=- | stage= | DART-Platform 매뉴얼 메뉴 구성 항목 설명 1 Lock 토글 버튼 설정된 값이 잠금 상태 됩니다 . 수정을 위해서는 Safety Password 입 력이 필요합니다 .
9. 항목에서 설정하기 | pages [355] | no_match keyword=0.00 semantic_rank=- | stage= | 알아두기 하단의 Save 버튼을 눌러야 설정이 저장됩니다 .
10. 6.7.3 Safety Settings | pages [211, 212, 213, 214, 215, 216, 217, 218, 219, 220, 221, 222, 223, 224, 225, 226, 227, 228, 229, 230, 231, 232, 233, 234, 235, 236, 237, 238, 239, 240, 241, 242, 243, 244, 245, 246] | no_match keyword=0.11 semantic_rank=- | stage= | DART-Platform 매뉴얼 메뉴 구성 항목 설명 1 Lock 토글 버튼 설정된 값이 잠금 상태가 됩니다 . 수정을 위해서는 Safety Password 입 력이 필요합니다 .",page_248_img_0_0.jpeg,1,1,O,"1. page_248_img_0_0.jpeg | score=1.230 | stage=0.970 | page=1.00; keyword=safety,review,robot,setting; section=safety,review,setting
2. page_249_img_0_0.jpeg | score=1.049 | stage=0.677 | page=1.00; keyword=있는,모듈; section=모듈
3. page_220_img_0_0.jpeg | score=1.035 | stage=0.708 | page=1.00; keyword=safety,setting; section=safety,setting
4. page_245_img_0_0.jpeg | score=1.013 | stage=0.737 | page=1.00; keyword=safety,setting; section=safety,안전,setting
5. page_240_img_0_0.jpeg | score=1.003 | stage=0.567 | page=0.70; keyword=safety,setting,있는; section=safety,setting
6. page_224_img_0_0.jpeg | score=0.986 | stage=0.708 | page=1.00; keyword=safety,setting; section=safety,setting
7. page_246_img_0_0.jpeg | score=0.952 | stage=0.970 | page=1.00; keyword=safety,review,robot,setting; section=safety,review,setting
8. page_247_img_0_0.jpeg | score=0.943 | stage=0.970 | page=1.00; keyword=safety,review,robot,setting; section=safety,review,setting
9. page_252_img_2_0.jpeg | score=0.887 | stage=0.741 | page=1.00; keyword=robot,parameter,모듈; section=안전,모듈
10. page_247_img_1_0.jpeg | score=0.860 | stage=0.805 | page=1.00; keyword=safety,review,setting,part; section=safety,review,setting"
Q69,추가,Remote Control 모듈의 필수 설정에서는 원격 제어를 위해 어떤 항목들을 설정해야 합니까?,원격 제어/필수 설정,설정 절차형,모듈 및 태스크를 설정하고 안전 입력 신호를 설정해야 함,1,1,O,"page; keyword:모듈,태스크를,태스크,안전,신호를,신호; semantic_rank:1","1. 설정 항목 | pages [250, 251, 252, 253] | page; keyword:모듈,태스크를,태스크,안전,신호를,신호; semantic_rank:1 | stage= | 필수 설정 필수 설정에서는 리모트 컨트롤 실행에 반드시 필요한 항목을 설정해야 합니다 . 이 설정을 완료해야 Remote Control 기능을 사용할 수 있습니다 . 모듈과 태스크 선택 원격 제어를 지원하는 모듈을 선택하고 , 해당 모듈 내에서 제어할 태스크를 지정합니다 . 안전 입력 신호 원격 제어 활성화 신호를 설정합
2. 모듈 | pages [250] | page; keyword:모듈,태스크를,태스크,설정하고,안전,신호를 | stage= | DART-Platform 매뉴얼 메뉴 구성 항목 설명 1 주의사항 모듈을 사용할 때 필요한 주의 사항을 안내합니다 . 2 필수 설정 원격 제어를 위해 필수적으로 설정해야 할 항목입니다 . 모듈 및 태스크를 설정하고 안전 입력 신호를 설정할 수 있습니다 . 3 고급 설정 원격 제어를 위한 고급 설정이 가능한 항목입니다 . 
3. 설정 항목 | pages [251, 252, 253, 254] | keyword:모듈,안전,신호를,신호; semantic_rank:13 | stage= | DART-Platform 매뉴얼 고급 설정 고급 설정에서는 리모트 컨트롤 사용 시 필요한 선택 기능을 추가로 설정할 수 있습니다 . 이 설정들은 선택 사항이며 , 설정하지 않아도 기본 Remote Control 기능은 사용 가능합니다 . 재부팅 시 원격 제어 자동 시작 토글 버튼을 ON 으로 설정 시 , 로봇 재부팅 후 
4. 모듈 | pages [249, 250] | page | stage= | Remote Control 모듈은 이미 만든 태스크에 대해 원격 제어를 실행할 수 있는 모듈입니다 . 작업자 권한에서는 리모트 컨트롤 모드를 시작할 수 있으나 IO 설정은 수정할 수 없습니다 . IO 설정 변경은 수 동 모드에서만 수행할 수 있습니다 .
5. 원격 제어 모드 실행 절차 | pages [256, 254, 255] | keyword:모듈,태스크를,태스크,안전,신호를,신호; semantic_rank:3 | stage= | 필수 설정 구성 리모트 컨트롤 모듈에서 다음 항목을 필수로 설정해야 합니다 . 모듈 및 태스크 선택 목록에서 실행할 모듈과 태스크를 선택합니다 . 원격 제어 활성화 신호 지정 Robot Parameter 모듈의 안전 입출력 메뉴에서 Remote Control Enable 신호를 선택하고 , 사용할 포트를 할당합니다 . 고
6. 원격 제어 모드 | pages [257, 258, 259, 260, 261] | keyword:태스크를,태스크,신호를,신호 | stage= | 원격 제어 시작 시 Remote Control Mode 화면으로 이동 가능합니다 . 예를 들어 , 리모트 컨트롤 모드 진입 이후 로봇에서 지정된 태스크를 실행하고자 한다면 , 먼저 Servo On( 상승 엣지 ) 신호를 통해 지정한 포트로 서보를 활성화한 뒤 , Task Start( 상승 엣지 ) 신호를 입력하여 필수 설
7. 원격 제어 모드 실행 절차 | pages [256] | no_match keyword=0.12 semantic_rank=- | stage= | DART-Platform 매뉴얼 Start, Stop, Pause, Resume 명령어용 디지털 입력 포트를 설정합니다 . 리모트 컨트롤 모드 진입 설정이 완료되면 리모트 컨트롤 모드에 진입할 수 있습니다 . 리모트 컨트롤 모듈 화면에서 원격 제어 시작하기 버튼을 클릭합니다 . 원격 제어 실행 지정한 프로그램을 원격으로 
8. 하드웨어 설치 | pages [115] | no_match keyword=0.00 semantic_rank=- | stage= | 로봇을 사용하기 전에 시스템 필수 요소인 로봇 , 컨트롤러 , 티치펜던트를 작업 영역에 설치하고 전원을 연결해야 합 니다 . 각 요소를 설치하는 방법은 아래와 같습니다 .
9. 원격 제어 모드 실행 절차 | pages [256, 254, 255] | keyword:모듈,태스크를,태스크 | stage= | 프로그램 작성 원격으로 제어할 프로그램을 미리 작성해 두어야 합니다 . Task Editor 모듈에서 태스크를 생성합니다 . 작성이 완료되면 태스크를 저장합니다 .
10. 6.7.3 Safety Settings | pages [245] | no_match keyword=0.00 semantic_rank=- | stage= | 메뉴 구성 항목 설명 1 Lock 토글 버튼 설정된 값이 잠금 상태 됩니다 . 수정을 위해서는 Safety Password 입력이 필요합니다 . 2 Nudge 사용 여부 넛지 사용 여부를 선택할 수 있습니다 . 3 Force 입력 원하는 Force 값을 입력할 수 있습니다 . 4 Delay Time 지연 시간을 설정할 수",page_251_img_2_0.jpeg,1,1,O,"1. page_251_img_2_0.jpeg | score=1.196 | stage=0.825 | page=1.00; keyword=필수,설정해야,remote,control; section=필수,모듈
2. page_252_img_0_0.jpeg | score=1.153 | stage=0.825 | page=1.00; keyword=필수,설정해야,remote,control; section=필수,모듈
3. page_251_img_1_0.jpeg | score=1.140 | stage=0.825 | page=1.00; keyword=필수,설정해야,remote,control; section=필수,모듈
4. page_249_img_0_0.jpeg | score=1.122 | stage=0.813 | page=1.00; keyword=원격,제어를,remote,control; section=원격,제어,모듈
5. page_249_img_2_0.jpeg | score=1.062 | stage=0.813 | page=1.00; keyword=원격,제어를,remote,control; section=원격,제어,모듈
6. page_252_img_2_0.jpeg | score=0.990 | stage=0.804 | page=1.00; keyword=안전,dart,platform,모듈; section=모듈
7. page_256_img_0_0.jpeg | score=0.971 | stage=0.371 | page=0.45; keyword=원격,part; section=원격,제어
8. page_249_img_3_0.png | score=0.859 | stage=0.813 | page=1.00; keyword=원격,제어를,remote,control; section=원격,제어,모듈
9. page_257_img_0_0.jpeg | score=0.840 | stage=0.306 | keyword=원격,remote,control,태스크를; section=원격,제어
10. page_245_img_0_0.jpeg | score=0.838 | stage=0.439 | page=0.45; keyword=안전,dart,platform,매뉴얼; section=safety,setting"
Q70,추가,I/O Overview에서 제어기 디지털 입력이 High 신호일 때와 Low 신호일 때 아이콘 색상은 각각 어떻게 표시됩니까?,상태 확인/I/O Overview,화면 판독형,"High 신호는 연두색, Low 신호는 회색으로 표시됨",1,1,O,"page; keyword:high,신호,연두색,low,회색으로,회색; semantic_rank:2","1. 6.10.2 I/O Overview | pages [336, 337, 334, 335] | page; keyword:high,신호,연두색,low,회색으로,회색; semantic_rank:2 | stage= | 제어기 입출력 제어기 디지털 입력 1. 컨트롤러에 연결된 기기의 포트 번호를 확인하십시오 . 해당 번호의 디지털 입력 상태에 따라 다음과 같이 표시됩니다 . 디지털 신호가 High 신호일 경우 , 아이콘의 색상이 연두색으로 표시됩니다 . 디지털 신호가 Low 신호일 경우 , 아이콘 색상이 회색으로 표시됩니다 .
2. 6.10.2 I/O Overview | pages [336, 337, 334, 335] | page; keyword:high,신호,연두색,low,회색으로,회색; semantic_rank:1 | stage= | 안전 입력 1. 컨트롤러에 연결된 기기의 포트 번호를 확인하십시오 . 해당 번호의 디지털 입력 상태에 따라 다음과 같이 표시됩니다 . 디지털 신호가 High 신호일 경우 , 아이콘의 색상이 연두색으로 표시됩니다 . 디지털 신호가 Low 신호일 경우 , 아이콘 색상이 회색으로 표시됩니다 . 알아두기 디지털 입력을 안전 입력
3. 6.10.2 I/O Overview | pages [336] | page; keyword:high,신호,연두색,low,회색으로,회색; semantic_rank:8 | stage= | PART 6. DART-Platform 매뉴얼 1. 컨트롤러 아날로그 출력에 있는 드롭다운 목록을 눌러 설정할 항목을 선택하십시오 . 선택한 항목에 따라 드롭다운 목록 오른쪽에 아날로그 출력 정보가 표시됩니다 . 아날로그 출력 신호 타입의 기본값은 전압입니다 . 아날로그 출력 값을 변경하십시오 . 플랜지 입출력 플랜지 디
4. 6.10.2 I/O Overview | pages [336] | page; keyword:high,신호,연두색,low,회색으로,회색; semantic_rank:4 | stage= | 플랜지 디지털 출력 1. 플랜지에 연결된 기기의 포트 번호를 확인하십시오 . 포트 번호에 해당하는 On/Off 아이콘을 눌러 디지털 출력을 활성화하거나 비활성화하십시오 . On 아이콘을 누르면 색상이 연두색으로 변경되고 해당 포트가 활성화됩니다 . Off 아이콘을 누르면 색상이 연두색으로 변경되고 해당 포트가 비활성화됩니
5. 6.10.2 I/O Overview | pages [333, 334, 335, 336, 337] | page | stage= | I/O Overview 화면 구성 항목 설명 1 제어기 디지털 입력 제어기 디지털 입력 설정을 할 수 있습니다 . 2 안전 입력 안전 입력 설정을 할 수 있습니다 . 3 제어기 디지털 출력 제어기 디지털 출력 설정을 할 수 있습니다 . 4 제어기 아날로그 입력 제어기 아날로그 입력 설정을 할 수 있습니다 . 5 제어기 아
6. 6.10.2 I/O Overview | pages [336, 335] | page | stage= | DART-Platform 매뉴얼 제어기 디지털 출력 1. 컨트롤러나 플랜지에 연결된 기기의 포트 번호를 확인하십시오 . 포트 번호에 해당하는 On/Off 아이콘을 눌러 디지털 출력을 활성화하거나 비활성화하십시오 . On 아이콘을 누르면 색상이 연두색으로 변경되고 해당 포트가 활성화됩니다 . Off 아이콘을 누르면 색상이 
7. 구성하기 | pages [139, 140, 141, 142, 143, 144] | no_match keyword=0.12 semantic_rank=- | stage= | 컨트롤러에는 디지털 입력 16 개 , 디지털 출력 16 개의 디지털 I/O 가 구성되어 있습니다 . 아래 그림과 같은 디지털 I/O 는 로봇 제어에 필요한 주변기기와 연결하여 사용하거나 이중화된 Safety IO 로 설정하여 안전신호 입출력 용도로 사 용할 수 있습니다 . Configurable 디지털 I/O 의 전기적 
8. 설정 항목 | pages [253] | semantic_rank:6 | stage= | DART-Platform 매뉴얼 전원 켜기 / 끄기 용 입력 포트를 설정할 수 있습니다 . 신호 포트 옆에 표시되는 설명은 해당 신호의 동작 조건을 나타냅니다 . 상승 엣지 입력 신호가 상승하는 경우 활성화 됩니다 . 예를 들어 , 태스크 시작 신호는 입력이 0V 에서 24V 로 상승하는 순간 활성화됩니다 . 재시도 시 
9. 구성하기 | pages [142, 143] | no_match keyword=0.12 semantic_rank=- | stage= | 인터페이스 Negative common & Sink type 입력기기와 연결하는 경우 디지털 IO 의 출력을 Sink type 의 입력기기와 연결하는 경우 , TBCO1 ~ TBCO4 단자블록의 Oxx 단자를 외부기기의 입 력단자에 연결하고 , GIO 를 외부기기의 Negative common 에 연결하여 공통 groun
10. 6.7.1 Robot Settings | pages [192, 193, 194, 195, 196, 197, 198, 199, 200, 187, 188, 189, 190, 191] | no_match keyword=0.00 semantic_rank=- | stage= | I/O Alias & Mount I/O Alias 메뉴 구성 항목 설명 1 제어기 디지털 I/O 제어기 디지털 I/O 의 이름을 각각 설정할 수 있습니다 . 2 플랜지 디지털 I/O 플랜지 디지털 I/O 의 이름을 각각 설정할 수 있습니다 . 3 제어기 아날로그 I/O 제어기 아날로그 I/O 의 이름을 각각 설정할 수 있",page_336_img_0_0.jpeg,1,1,O,"1. page_336_img_0_0.jpeg | score=1.080 | stage=0.680 | page=1.00; section=overview,10
2. page_333_img_0_0.jpeg | score=1.078 | stage=0.747 | page=1.00; keyword=디지털,설정을; section=overview,10
3. page_335_img_1_0.jpeg | score=0.936 | stage=0.865 | page=1.00; keyword=디지털,표시됩니다,포트,확인하십시오; section=overview,상태,10
4. page_335_img_2_0.jpeg | score=0.922 | stage=0.882 | page=1.00; keyword=디지털,출력,플랜지,포트; section=overview,10
5. page_334_img_0_0.jpeg | score=0.849 | stage=0.730 | page=1.00; section=overview,상태,10
6. page_139_img_0_0.jpeg | score=0.843 | stage=0.302 | keyword=디지털,출력
7. page_142_img_0_0.jpeg | score=0.841 | stage=0.337 | keyword=디지털,출력
8. page_335_img_0_0.jpeg | score=0.835 | stage=0.680 | page=1.00; section=overview,10
9. page_142_img_1_0.jpeg | score=0.813 | stage=0.324 | keyword=디지털,출력
10. page_144_img_0_0.jpeg | score=0.788 | stage=0.293 | keyword=디지털"
