질문 번호,구분,질문,실습 단계,질문 유형,정답 텍스트,정답 이미지,G1 텍스트 정답 순위,G1 텍스트 평가,G1 텍스트 평가 근거,G1 검색 텍스트 Top-10,G2 텍스트 정답 순위,G2 텍스트 평가,G2 텍스트 평가 근거,G2 검색 텍스트 Top-10,G3 텍스트 정답 순위,G3 텍스트 평가,G3 이미지 정답 순위,G3 이미지 평가,G4 텍스트 정답 순위,G4 텍스트 평가,G4 이미지 정답 순위,G4 이미지 평가
Q01,기존,로봇 케이블을 임의로 개조하거나 연장할 경우 발생할 수 있는 가장 큰 위험 두 가지는 무엇입니까?,안전/전원/케이블,안전 주의형,화재가 발생하거나 컨트롤러가 고장 날 수 있음,page_403_img_0_0.jpeg,1,O,"keyword:화재가,화재,발생하거나,발생,컨트롤러가,컨트롤러","1. (CS-12P) | pages [403] | keyword:화재가,화재,발생하거나,발생,컨트롤러가,컨트롤러 | 경고 전원 케이블을 연결한 후 로봇을 올바르게 접지했는지 확인하십시오 ( 전기적 지면 연결 ). 컨트롤러 안의 접지 심볼 과 관련된 나사 중에서 사용하지 않은 나사로 시스템의 모든 장비에 대하여 공통적인 접지를 하십시오 . 접지 컨덕 터는 최소한 시스템에서 최고 전류의 전류 등급을 가지고 있어야 합니다 . 컨트롤러의 입력
2. 시스템 연결 | pages [121] | keyword:화재가,화재,발생하거나,발생,컨트롤러가,컨트롤러 | 매개변수 사양 입력전압 100 – 240 VAC 입력전원 퓨즈 (@100-240V) 15 A 주의 전원 케이블을 연결한 후 로봇을 올바르게 접지했는지 확인하십시오 ( 전기적 지면 연결 ). 컨트롤러 내부 의 접지 심볼과 관련된 나사 중에서 사용하지 않은 나사로 시스템의 모든 장비에 대하여 공통적인 접지 를 하십시오 . 접
3. 시스템 연결 | pages [118] | no_match keyword=0.25 semantic_rank=- | 매니퓰레이터와 컨트롤러 연결하기 설명 1 매니퓰레이터 연결 케이블 연결 후 고정용 고리 체결 매니퓰레이터 연결 케이블을 컨트롤러의 해당 연결부에 연결한 후 고정용 고리를 걸어 케이블이 빠지지 않 도록 하십시오 . 2 매니퓰레이터 연결 케이블의 반대편 끝을 컨트롤러에 연결 매니퓰레이터 연결 케이블의 반대편 끝을 컨트롤러의
4. (CS-12P) | pages [400] | keyword:컨트롤러가,컨트롤러,고장 | 매니퓰레이터와 컨트롤러 연결하기 설명 1 매니퓰레이터 연결 케이블 연결 후 고정용 고리 체결 매니퓰레이터 연결 케이블을 컨트롤러의 해당 연결부에 연결한 후 고정용 고 리를 걸어 케이블이 빠지지 않도록 하십시오 . 2 매니퓰레이터 연결 케이블의 반대편 끝을 컨트롤러에 연결 매니퓰레이터 연결 케이블의 반대편 끝을 컨트롤러의
5. 안전 기호 확인 | pages [9] | semantic_rank:5 | 본 매뉴얼에서 사용하는 기호 중 사용자의 안전과 관련된 기호는 아래와 같습니다 . 기호 설명 고전압 등의 의해 즉각적인 전기적인 위험한 상황을 초래할 수 있음을 의미합 니다 . 이 표시의 지시사항을 위반할 경우 , 심각한 사고가 발생할 수 있으며 작 업자가 사망하거나 중대한 상해를 입을 수 있습니다 . 즉각적인 위험한 상
6. 네트워크 연결 | pages [148] | no_match keyword=0.12 semantic_rank=- | 컨트롤러 내 네트워크 연결단자에 연결하여 랩탑 , TCP/IP 장비 , Modbus 장비 등을 사용할 수 있습니다 . 네트워크 용도에 따라 전용 포트에 케이블을 연결하십시오 . WAN: 외부 인터넷 망 연결 LAN: TCP/IP, Modbus 프로토콜을 사용하는 주변 기기 연결 아래 그림의 네트워크 연결 단자에 케이블을
7. 매뉴얼 표기 규약 | pages [9] | no_match keyword=0.12 semantic_rank=- | 본 제품 사용에 대한 안전 주의 사항을 전달하기 위해 아래와 같은 기호를 사용자 매뉴얼에 표기합니다 . 기호 명칭 설명 위험 이 표시의 지시사항을 위반할 경우 , 심각한 사고가 발생할 수 있 으며 작업자가 사망하거나 중대한 상해를 입을 수 있습니다 . 경고 이 표시의 지시 사항을 위반할 경우 , 사고가 발생할 수 있으며
8. (CS-12P) | pages [402] | page | 매니퓰레이터 연결 케이블 및 티치펜던트 케이블 배치하기 매니퓰레이터 연결 케이블 및 티치펜던트 케이블 배치 시 케이블의 곡률반경이 최소곡률반경 (120mm) 이상이 되도 록 배치하십시오 . 주의 티치펜던트 케이블의 양쪽 연결 부위는 가급적 최소곡률반경 (120mm) 이상의 직선이 되도록 배치하시기 바랍니 다 . 곡률반경이
9. 사용 시 주의사항 | pages [12] | keyword:발생,컨트롤러,고장; semantic_rank:1 | 로봇 및 컨트롤러의 작동 중에 로봇의 전원 플러그를 뽑거나 전원을 강제로 종료하는 경우 로봇 및 컨트 롤러의 고장의 원인이 될 수 있습니다 . 컨트롤러는 눕혀 놓고 사용하지 마십시오 . 덮개를 연 후 작업 시 부주의로 덮개가 닫혀 손 끼임 발생할 수 있으니 세워서 작업을 수행하십시오 . 위험 로봇에 이상이 생긴 경우 절대
10. 로봇 설치 준비 | pages [117] | no_match keyword=0.12 semantic_rank=- | 전자파 노이즈가 발생할 수 있는 환경에서는 적합한 케이블 설치 및 조치를 취해야 오동작 등을 방지 할 수 있습니다 .",2,O,"keyword:발생,컨트롤러,고장","1. 사용 시 주의사항 | pages [12] | no_match keyword=0.25 semantic_rank=- | 로봇을 절대로 개조하지 마십시오 . 임의로 개조하여 발생한 사항에 대해서는 두산로보틱스에서 어떠한 책임도 지지 않습니다 . 로봇 작동하는 중에는 로봇이 닿는 범위 안으로 들어오거나 로봇을 만지지 마십시오 . 로봇과 충돌하여 로봇이 고장 나거나 상해를 입을 수 있습니다 . 경고 시스템을 사용할 때 , 항상 모든 설치 장비의
2. 일반 주의사항 | pages [11] | keyword:발생,컨트롤러,고장 | 로봇을 사용하며 발생할 수 있는 일반적인 위험 및 경고 사항에 대해 설명합니다 . 경고 로봇과 전기 장치를 설치하는 경우 설치 매뉴얼을 참조하여 설치 하십시오 . 경고 로봇의 설치 시 툴에 장치를 장착하는 경우 적절한 볼트를 사용하여 체결하십시오 . 로봇의 설치 시에는 작업자와 로봇을 운용하는 사람을 보호하기 위한 안전
3. 산업안전보건기준에 관한 규칙 | pages [44] | no_match keyword=0.12 semantic_rank=- | 제 222 조 ( 교시 등 ) 사업주는 산업용 로봇 ( 이하 "" 로봇 "" 이라 한다 ) 의 작동범위에서 해당 로봇에 대하여 교시 ( 敎示 ) 등 [ 매니퓰레이터 (manipulator) 의 작동순서 , 위치ㆍ속도의 설정ㆍ변경 또는 그 결과를 확인하는 것을 말한다 . 이하 같 다 ] 의 작업을 하는 경우에는 해당 로봇의 예
4. 안전검사 고시 | pages [47] | no_match keyword=0.12 semantic_rank=- | 수동 리셋 , 기동과 재기동 로봇 시스템은 예기치 않은 기동을 방지하기 위하여 다음 각 목에 적합할 것 가 . 기동과 재기동은 모든 안전기능 및 보호 대책이 정상 작동 시에만 가 능할 것 나 . 동력 공급이 중단되었다가 재개되는 경우 위험한 동작이 자동으로 시 작되는 것을 방지하기 위하여 기동 연동 장치가 설치되어야 하며
5. 안전 매뉴얼 | pages [9] | no_match keyword=0.00 semantic_rank=- | 안전 매뉴얼에서는 사용자가 로봇을 설치하거나 사용하기 전에 숙지하여야 하는 안전 정보를 제공합니다 . 모든 로봇 에는 고압 , 전기 , 충돌 등으로 인한 위험이 포함되어 있습니다 . 그러므로 로봇과 해당 부품을 사용할 때는 부상과 기계 손상의 위험을 줄이기 위해 기본적인 안전 주의 사항을 반드시 준수해야 합니다 . 사용자
6. 사용 시 주의사항 | pages [12] | keyword:발생,컨트롤러,고장; semantic_rank:1 | 로봇 및 컨트롤러의 작동 중에 로봇의 전원 플러그를 뽑거나 전원을 강제로 종료하는 경우 로봇 및 컨트 롤러의 고장의 원인이 될 수 있습니다 . 컨트롤러는 눕혀 놓고 사용하지 마십시오 . 덮개를 연 후 작업 시 부주의로 덮개가 닫혀 손 끼임 발생할 수 있으니 세워서 작업을 수행하십시오 . 위험 로봇에 이상이 생긴 경우 절대
7. (CS-12P) | pages [403] | keyword:화재가,화재,발생하거나,발생,컨트롤러가,컨트롤러 | 경고 전원 케이블을 연결한 후 로봇을 올바르게 접지했는지 확인하십시오 ( 전기적 지면 연결 ). 컨트롤러 안의 접지 심볼 과 관련된 나사 중에서 사용하지 않은 나사로 시스템의 모든 장비에 대하여 공통적인 접지를 하십시오 . 접지 컨덕 터는 최소한 시스템에서 최고 전류의 전류 등급을 가지고 있어야 합니다 . 컨트롤러의 입력
8. 명판과 라벨 | pages [104] | no_match keyword=0.12 semantic_rank=20 | 로봇과 컨트롤러에 부착된 라벨을 제거하거나 손상되지 않도록 주의하십시오 .
9. 사용 시 주의사항 | pages [13] | keyword:발생하거나,발생,컨트롤러,고장 | 직접교시 기능을 사용하기 전에 툴에 관련된 입력사항 ( 툴의 길이 , 무게 , 무게중심 등 ) 을 정확하게 입력 하십시오 . 실제 툴의 사양과 다른 정보가 입력되는 경우 직접교시 기능의 오류가 발생하거나 , 오동작을 유발할 수 있습니다 . 사용자의 안전을 위해 직접교시 기능 사용시 관절이 일정 속도 이상으로 작동되거나 T
10. 이동 및 설치를 위한 인양 지점 | pages [97] | no_match keyword=0.12 semantic_rank=- | 설치 장소로 로봇을 옮기고자 하는 경우에는 아래 음영 표시된 부분을 들어 이동하십시오 . 안전 사고 예방을 위하 여 반드시 해당 지역 또는 국가의 중량 운반 작업 기준을 확인하고 , 지침을 준수하여 운반하시기 바랍니다 . 운반 중 낙하에 의해 사고가 발생하지 않도록 주의하십시오 . 경고 당해 산업용 로봇은 산업안전보건기준",2,O,1,O,2,O,1,O
Q02,기존,제어기의 전원 공급을 위해 시스템에서 반드시 갖추어야 하는 최소 요구 조건(안전 장치)은 무엇입니까?,안전/전원/접지,안전 주의형,접지와 누전차단기,page_403_img_0_0.jpeg,1,O,"keyword:접지와,접지,누전차단기; semantic_rank:8","1. 컨트롤러와 전원 연결하기 | pages [86] | keyword:접지와,접지,누전차단기; semantic_rank:8 | 전원 공급을 위해서는 접지와 누전차단기 등 최소 요구 조건을 갖추어야 합니다 . 기본으로 제공되는 AC 컨트롤러의 전기 사양은 아래와 같습니다 . 매개변수 사양 입력전압 100 – 240 VAC 입력전원 퓨즈 (@100-240V) 15 A
2. (CS-12P) | pages [403] | keyword:접지와,접지,누전차단기 | DC 용 컨트롤러 사용 시 , 부하 및 모션에 따라 로봇의 동작이 제한될 수 있습니다 . 입력전압이 48V 이하일 경우 부하 및 모션에 따라 로봇의 동작이 제한될 수 있습니다 . 전원 공급을 위해서는 접지와 누전차단기 등 최소 요구 조건을 갖추어야 합니다 . 전기 사양은 아래와 같습니다 . 매개변수 사양 입력전압 22 –
3. 시스템 연결 | pages [121] | keyword:접지와,접지,누전차단기; semantic_rank:1 | 매개변수 사양 입력전압 100 – 240 VAC 입력전원 퓨즈 (@100-240V) 15 A 주의 전원 케이블을 연결한 후 로봇을 올바르게 접지했는지 확인하십시오 ( 전기적 지면 연결 ). 컨트롤러 내부 의 접지 심볼과 관련된 나사 중에서 사용하지 않은 나사로 시스템의 모든 장비에 대하여 공통적인 접지 를 하십시오 . 접
4. 유지보수 | pages [162] | keyword:접지 | 전원 케이블을 분리하고 매니퓰레이터 또는 컨트롤러에 연결된 다른 전력 공급원에서 전력이 공급되지 않도록 합 니다 . 보수 작업 중 시스템에 전원을 연결하지 마십시오 . 시스템에 다시 전원 공급을 하기 전에는 반드시 접지를 확인하십시오 . 매니퓰레이터 또는 컨트롤러의 부품을 해체할 때에는 ESD 규정을 준수하여 작업하십시오
5. 안전 매뉴얼 | pages [9] | no_match keyword=0.00 semantic_rank=- | 안전 매뉴얼에서는 사용자가 로봇을 설치하거나 사용하기 전에 숙지하여야 하는 안전 정보를 제공합니다 . 모든 로봇 에는 고압 , 전기 , 충돌 등으로 인한 위험이 포함되어 있습니다 . 그러므로 로봇과 해당 부품을 사용할 때는 부상과 기계 손상의 위험을 줄이기 위해 기본적인 안전 주의 사항을 반드시 준수해야 합니다 . 사용자
6. 컨트롤러와 전원 연결하기 | pages [86] | keyword:접지; semantic_rank:3 | MANDATORY EASY 1 MIN 컨트롤러에 전원을 연결하려면 표준 IEC 전원 플러그에 케이블을 연결하십시오 . 전원 케이블을 연결한 후 로봇을 올바르게 접지가 되었는지 확인하십시오 ( 전기적 지면 연결 ). 컨트롤러 안의 접지 심볼과 관련된 나사 중에서 사용하지 않은 나사로 시스템의 모든 장비에 대하여 공통적인 접
7. 전원 끄기 | pages [125] | no_match keyword=0.00 semantic_rank=16 | 로봇과 컨트롤러를 청소하거나 유지 보수를 위해 분해할 경우에는 반드시 전원 스위치를 눌러 전원을 차단하십시오 .
8. 외부 장치 연결 | pages [150] | no_match keyword=0.00 semantic_rank=- | DRL(Doosan Robot Language) 의 외부 비전센서 기능에 대한 상세한 내용과 통합예제 등은 Programming manual 에서 확인 가능합니다 . 외부 장치 연결 – DART Platform DART Platform 는 Windows OS 기반의 Desktop 이나 Laptop 위에서 실행되는 소프트웨
9. (Zone) | pages [38] | no_match keyword=0.00 semantic_rank=- | 경고 높은 우선 순위 구역 (High Priority Zone) 은 다른 영역 및 전역 로봇 제한 설정보다 우선합니다 . 여러 개의 높 은 우선 순위 구역이 중첩되는 경우 안전 기능은 가장 적은 제한 안전 제한을 우선합니다 . 이러한 이유로 안전 을 위해 높은 우선 순위 구역은 가능한 최소 크기로 지정하여야 합니다 .
10. 안전정격 입출력 | pages [27] | no_match keyword=0.00 semantic_rank=- | 두산로봇은 안전보호장치로부터 보호 장치 , 비상 정지 스위치 , 활성화 스위치 및 제어 장치 등을 연결할 수 있는 안전 정격 입력 인터페이스를 제공합니다 . 또한 로봇의 모드 및 상태 정보는 물론 TCP 가 다양한 유형의 안전 영역에 있는 지 여부를 출력할 수 있는 안전 정격 출력 인터페이스를 제공합니다 . 안전 기능 기",1,O,"keyword:접지와,접지,누전차단기; semantic_rank:8","1. 컨트롤러와 전원 연결하기 | pages [86] | keyword:접지와,접지,누전차단기; semantic_rank:8 | 전원 공급을 위해서는 접지와 누전차단기 등 최소 요구 조건을 갖추어야 합니다 . 기본으로 제공되는 AC 컨트롤러의 전기 사양은 아래와 같습니다 . 매개변수 사양 입력전압 100 – 240 VAC 입력전원 퓨즈 (@100-240V) 15 A
2. 시스템 연결 | pages [121] | keyword:접지와,접지,누전차단기; semantic_rank:1 | 매개변수 사양 입력전압 100 – 240 VAC 입력전원 퓨즈 (@100-240V) 15 A 주의 전원 케이블을 연결한 후 로봇을 올바르게 접지했는지 확인하십시오 ( 전기적 지면 연결 ). 컨트롤러 내부 의 접지 심볼과 관련된 나사 중에서 사용하지 않은 나사로 시스템의 모든 장비에 대하여 공통적인 접지 를 하십시오 . 접
3. (CS-12P) | pages [403] | keyword:접지와,접지,누전차단기 | DC 용 컨트롤러 사용 시 , 부하 및 모션에 따라 로봇의 동작이 제한될 수 있습니다 . 입력전압이 48V 이하일 경우 부하 및 모션에 따라 로봇의 동작이 제한될 수 있습니다 . 전원 공급을 위해서는 접지와 누전차단기 등 최소 요구 조건을 갖추어야 합니다 . 전기 사양은 아래와 같습니다 . 매개변수 사양 입력전압 22 –
4. 4.1.1 Schematic Diagram | pages [129] | no_match keyword=0.00 semantic_rank=- | Parameter Min Type Max Unit Supply voltage (12V mode) 11.4 12 12.6 V Supply voltage (24V mode) 22.8 24 25.2 V Supply current - - 1.5 A 경고 전원 차단 시 어떠한 위험상황이 발생하지 않도록 Tool 과 그리퍼를 구성하
5. 컨트롤러와 전원 연결하기 | pages [86] | keyword:접지; semantic_rank:3 | MANDATORY EASY 1 MIN 컨트롤러에 전원을 연결하려면 표준 IEC 전원 플러그에 케이블을 연결하십시오 . 전원 케이블을 연결한 후 로봇을 올바르게 접지가 되었는지 확인하십시오 ( 전기적 지면 연결 ). 컨트롤러 안의 접지 심볼과 관련된 나사 중에서 사용하지 않은 나사로 시스템의 모든 장비에 대하여 공통적인 접
6. 구성하기 | pages [147] | no_match keyword=0.00 semantic_rank=- | Safety Controller 는 테스트펄스가 포함된 안전신호를 연결 가능한 전용 안전 입력단자 (SI1, SI2, SI3, SI4) 를 제공합 니다 . Protective Device 는 위험상황을 감지했을 때 로봇 등의 기계에 신호를 전달하기 위한 출력을 갖고있습니다 . Protective Device 는 이 신호의
7. 안전검사 고시 | pages [46] | no_match keyword=0.00 semantic_rank=- | 비상정지회로의 성능은 제 4 호 안전관련 제어시스템 성능요건을 만 족할 것 나 . 보호정지 기능 1. 로봇 시스템은 외부 보호장치와 연결하기 위한 하나 이상의 보호정 지회로를 구비하고 있을 것 2. 보호정지회로는 작동 시 로봇 동작 정지 , 액츄에이터 동력 제거 및 로 봇에 의해 제어되는 모든 위험원에 대한 제어가 가능할
8. 전원 켜기 | pages [125] | no_match keyword=0.00 semantic_rank=- | 컨트롤러 하단에 전원 차단을 위한 전원 스위치가 설치되어 있습니다 . 컨트롤러 하단에 있는 전원 스위치를 누르십시 오 . 로봇 , 컨트롤러 , 티치펜던트와 같은 시스템에 필요한 전원이 켜집니다 .
9. 플랜지 아날로그 입력 사양 | pages [132] | no_match keyword=0.00 semantic_rank=- | 외부 기기로부터 전압 또는 전류 신호를 입력 받습니다 . 아날로그 입력 기능은 전압 모드 (0~10V) 또는 전류 모드 (4~20mA, default) 로 설정 가능합니다 . 상세 전원 사양은 아래 표를 참조하시어 연결하시기 바랍니다 . Parameter Min Type Max Unit 전압 모드에서의 입력 전압 0 -
10. ....................................................................8 | pages [3] | no_match keyword=0.00 semantic_rank=- | 1.10.1 유효성 및 책임 ....................................................................................................... 41 1.10.2 면책 사항 ............................................",1,O,3,O,1,O,1,O
Q03,기존,로봇 베이스를 바닥에 고정할 때 사용하는 볼트의 권장 규격과 체결 토크는 얼마입니까?,설치/기구 고정,설치 절차형,M8 육각 렌치 볼트 / 20Nm 토크 권장,page_115_img_0_0.jpeg,1,O,"keyword:m8,육각,렌치,볼트; semantic_rank:3","1. 로봇 베이스 고정하기 | pages [84] | keyword:m8,육각,렌치,볼트; semantic_rank:3 | MANDATORY EASY 3 MIN 로봇의 베이스를 고정할 때와 툴 플랜지에 툴을 장착하기 위해서는 아래와 같이 추가 부품이 필요합니다 . M8 육각 렌치 볼트 : 4 개 Φ 5 의 위치 결정 핀 : 2 개 로봇의 베이스에 있는 구멍 4 개에 M8 볼트를 이용하여 고정하십시오 . 자세한 내용은 로봇 고정하기 (p. 11
2. 시스템 연결 | pages [118] | no_match keyword=0.00 semantic_rank=- | 매니퓰레이터와 컨트롤러 연결하기 설명 1 매니퓰레이터 연결 케이블 연결 후 고정용 고리 체결 매니퓰레이터 연결 케이블을 컨트롤러의 해당 연결부에 연결한 후 고정용 고리를 걸어 케이블이 빠지지 않 도록 하십시오 . 2 매니퓰레이터 연결 케이블의 반대편 끝을 컨트롤러에 연결 매니퓰레이터 연결 케이블의 반대편 끝을 컨트롤러의
3. (CS-12P) | pages [400] | no_match keyword=0.00 semantic_rank=- | 매니퓰레이터와 컨트롤러 연결하기 설명 1 매니퓰레이터 연결 케이블 연결 후 고정용 고리 체결 매니퓰레이터 연결 케이블을 컨트롤러의 해당 연결부에 연결한 후 고정용 고 리를 걸어 케이블이 빠지지 않도록 하십시오 . 2 매니퓰레이터 연결 케이블의 반대편 끝을 컨트롤러에 연결 매니퓰레이터 연결 케이블의 반대편 끝을 컨트롤러의
4. 로봇 베이스 고정하기 | pages [84] | keyword:볼트,20nm,토크; semantic_rank:1 | 볼트를 고정할 때에는 20Nm 정도의 토크로 볼트를 조이는 것을 권장합니다 . 진동에 의한 풀림 방지를 위해서 와셔 ( 스프링 - 평 ) 사용하시기 바랍니다 .
5. 항목에서 설정하기 | pages [356] | no_match keyword=0.00 semantic_rank=- | 산업용 통신을 사용하는 경우 고정 주소 (Static Address) 를 사용하십시오 .
6. (Safety I/O) | pages [33] | no_match keyword=0.00 semantic_rank=- | 경고 이 기능을 사용하는 것이 안전한지 확인하기 위해 반드시 포괄적인 위험평가를 수행하십시오 .
7. (Safety I/O) | pages [32] | no_match keyword=0.00 semantic_rank=- | Handguiding Enable Switch (H) 동작 허가 장치 - 핸드가이딩 인에이블 스위치를 연결할 때 사용하는 작업 허가 신호입니 다 . High : 핸드가이딩 유효 Low : 핸드가이딩 불가 HGC End & Resume (R) 자동모드에서 핸드가이딩 명령어 실행시 , 태스크프로그램이 중지됩니다 . 사용자가
8. 컨트롤러 배치하기 | pages [87] | no_match keyword=0.00 semantic_rank=- | MANDATORY EASY 1 MIN 컨트롤러를 바닥에 설치할 때에는 기기 내 환기를 위해 양쪽 면에서 50 mm 정도의 여유 공간을 확보해주세요 . 주의 케이블 배치 시 최소 곡률 반경 이상이 되도록 배치하십시오 . 자세한 내용은 케이블 배치하기 (p. 114) 를 참고하십시오 .
9. 6.7.1 Robot Settings | pages [188] | no_match keyword=0.00 semantic_rank=- | 항목 설명 5 I/O 이름 최대 40 자로 이름 설정이 가능합니다 . Mount 로봇 설치 자세 (Mount) 메뉴에서 로봇 설치 자세를 설정할 수 있습니다 . 로봇이 평평한 바닥에 설치되는 경우에는 이 과정을 건너뛸 수 있습니다 . 로봇 설치 자세는 Robot Parameters > Robot Settings > Mou
10. 로봇 베이스 고정하기 | pages [84] | no_match keyword=0.00 semantic_rank=- | 로봇을 고정된 위치에 정확하게 설치해야 하는 경우에는 2 개의 Φ 5 의 위치 결정 핀을 이용하면 원하는 위치에 설치 할 수 있습니다 . 주의 케이블을 연결할 때 , 핀 부분이 휘지 않도록 연결부 모양을 잘 확인한 후 연결하십시오 . 전자파 노이즈의 영향을 받거나 다른 기기에 영향을 줄 경우 정상적인 사용을 위해 페라이트",1,O,"keyword:m8,볼트,20nm,토크; semantic_rank:4","1. 로봇 설치 준비 | pages [115] | keyword:m8,볼트,20nm,토크; semantic_rank:4 | 로봇 고정하기 매니퓰레이터 베이스에 있는 Ø 8.5 mm 구멍 4 개에 M8 볼트를 이용하여 고정하십시오 . 볼트를 고정할 때에는 20Nm 의 토크로 볼트를 조이는 것을 권장합니다 . 진동에 의한 풀림 방지를 위해서 와셔 ( 스프 링 - 평 ) 사용하시기 바랍니다 . 매니퓰레이터를 고정된 위치에 정확하게 설치해야 하는 경
2. 툴 설치하기 | pages [93] | keyword:볼트,토크; semantic_rank:5 | MANDATORY EASY 5 MIN M6 볼트 4 개를 이용하여 툴 플랜지에 툴을 고정하십시오 . 볼트를 고정할 때에는 9 Nm 의 토크로 볼트를 조이는 것을 권장합니다 . 로봇을 고정된 위치에 정확하게 설치해야 하는 경우에는 Φ 6 의 위치 결정 핀을 이용하면 원하는 위치에 설치할 수 있습니다 . 번호 항목 1 툴 2
3. 로봇과 툴 연결하기 | pages [123] | keyword:볼트,토크; semantic_rank:6 | 번호 항목 1 툴 2 브라켓 3 케이블 4 툴 플랜지 1. M6 볼트 4 개를 이용하여 툴 플랜지에 툴을 고정하십시오 . 볼트를 고정할 때에는 9 Nm 의 토크로 볼트를 조이는 것을 권장합니다 . 로봇을 고정된 위치에 정확하게 설치해야 하는 경우에는 Φ 6 의 위치 결정 핀을 이용하면 원하는 위치에 설 치할 수 있습니다
4. 로봇 베이스 고정하기 | pages [84] | keyword:m8,육각,렌치,볼트; semantic_rank:3 | MANDATORY EASY 3 MIN 로봇의 베이스를 고정할 때와 툴 플랜지에 툴을 장착하기 위해서는 아래와 같이 추가 부품이 필요합니다 . M8 육각 렌치 볼트 : 4 개 Φ 5 의 위치 결정 핀 : 2 개 로봇의 베이스에 있는 구멍 4 개에 M8 볼트를 이용하여 고정하십시오 . 자세한 내용은 로봇 고정하기 (p. 11
5. 로봇 설치 준비 | pages [116] | keyword:볼트,토크; semantic_rank:15 | 케이블 배치하기 케이블 배치 시 케이블의 곡률반경이 최소곡률반경 이상이 되도록 배치하십시오 . 각 케이블의 최소곡률반경 (R) 은 아래와 같습니다 . 케이블 최소곡률반경 (R) 티치 펜던트 케이블 120 mm 로봇 케이블 120 mm 경고 매니퓰레이터가 작동할 때 , 볼트가 풀리지 않도록 끝까지 조이십시오 . 매니퓰레이터
6. 로봇 베이스 고정하기 | pages [85] | no_match keyword=0.17 semantic_rank=- | Robot Base 부에 접지용 Tap 추가되었음 ('23 년 12 월 중 관련 설계변경 승인 완료 : ECO00371_Robot Base 접지볼트 체결부 추가 ) 2. 접지 볼트는 동봉되지 않으며 , 사용자가 필요에 따라 직접 구비하여 체결 가능 3. 접지 볼트 사양 : M4X4L 4. Guide 문구 예시 : 두산로보
7. (Robot Limits) | pages [40] | no_match keyword=0.17 semantic_rank=- | 기계적 동력 (Power) : 로봇의 기계적 동력의 제한치를 설정합니다 . 기계적 동력은 로봇의 토크와 속도와 비례합니 다 . TCP 속력 (TCP Speed) : 로봇 끝단의 TCP 속력의 제한치를 설정합니다 . 속도 및 이격거리 감시 운전모드에 활용 될 수 있습니다 . 운동량 (Momentum) : 로봇의 운동량 제한
8. 로봇 베이스 고정하기 | pages [84] | keyword:볼트,20nm,토크; semantic_rank:1 | 볼트를 고정할 때에는 20Nm 정도의 토크로 볼트를 조이는 것을 권장합니다 . 진동에 의한 풀림 방지를 위해서 와셔 ( 스프링 - 평 ) 사용하시기 바랍니다 .
9. 시스템 연결 | pages [121] | semantic_rank:8 | 매개변수 사양 입력전압 100 – 240 VAC 입력전원 퓨즈 (@100-240V) 15 A 주의 전원 케이블을 연결한 후 로봇을 올바르게 접지했는지 확인하십시오 ( 전기적 지면 연결 ). 컨트롤러 내부 의 접지 심볼과 관련된 나사 중에서 사용하지 않은 나사로 시스템의 모든 장비에 대하여 공통적인 접지 를 하십시오 . 접
10. 일반 주의사항 | pages [11] | keyword:볼트,토크 | 로봇을 사용하며 발생할 수 있는 일반적인 위험 및 경고 사항에 대해 설명합니다 . 경고 로봇과 전기 장치를 설치하는 경우 설치 매뉴얼을 참조하여 설치 하십시오 . 경고 로봇의 설치 시 툴에 장치를 장착하는 경우 적절한 볼트를 사용하여 체결하십시오 . 로봇의 설치 시에는 작업자와 로봇을 운용하는 사람을 보호하기 위한 안전",1,O,1,O,1,O,1,O
Q04,기존,외부 비상 정지 스위치를 연결하기 위한 안전용 접점 입력 단자블록의 명칭과 단자는 무엇입니까?,안전 I/O/비상정지 배선,배선 확인형,TBSFT 단자블록의 EM 단자,page_145_img_0_0.jpeg,1,O,"keyword:tbsft,단자블록,em,단자; semantic_rank:2","1. 구성하기 | pages [145] | keyword:tbsft,단자블록,em,단자; semantic_rank:2 | 컨트롤러의 안전 입출력 (Safety I/O) 은 안전장치 연결을 위한 이중화된 전용 접점입력단자로 구성되어 있습니다 . 이 단자는 용도에 따라 두 영역으로 나누어져 있습니다 . 하부 2 쌍의 External Emergency Contact In: 외부 비상 스위치 등 비상정지에 필요한 장치 연결 상부 2 쌍의 Prote
2. 안전정격 정지기능 | pages [24] | keyword:tbsft,단자 | 비상 정지 사용자는 비상 상황에 대비하여 시스템을 정지시킬 수 있는 비상정지 버튼을 사용할 수 있습니다 . 비상 상황에서는 티치펜던트 우측 상단에 있는 비상정지 버튼을 눌러 시스템을 즉시 정지하십시오 . 보호 정지 안전매트 등의 압력식 방호 장치 (Pressure sensitive preotective equipment)
3. 6.7.3 Safety Settings | pages [211] | no_match keyword=0.00 semantic_rank=- | 티치펜던트에 부착된 비상 정지 버튼을 누르거나 Safety I/O 에 연결한 안전 장치를 통해 로봇을 비상 정지할 수 있습 니다 . 티치펜던트 화면에서 Robot Parameters > Safety Settings > Safety I/O 기능을 활용하여 안전 장치를 비상 정지 또는 보호 정지로 연결할 수 있습니다 . 안전
4. 6.7.3 Safety Settings | pages [220] | no_match keyword=0.00 semantic_rank=- | 안전 정지 / 해제 방법 티치펜던트에 부착된 비상 정지 버튼을 누르거나 Safety I/O 에 연결한 안전 장치를 통해 로봇을 비상 정지할 수 있습 니다 . 티치펜던트 화면에서 Robot Parameters > Safety Settings > Safety I/O 기능을 활용하여 안전 장치를 비상 정지 또는 보호 정지로 연
5. ................................................................ 126 | pages [5] | keyword:tbsft,em,단자; semantic_rank:10 | 4.1 플랜지 I/O.......................................................................................... 126 4.1.1 Schematic Diagram ..................................................
6. 6.7.3 Safety Settings | pages [211] | keyword:tbsft,em,단자 | Safety Settings 사용을 위한 기본 개념 안내 입니다 . 사용자의 안전을 위해 제공되는 정지 모드는 다음과 같습니다 . STO (Safe Torque Off): 서보 오프 정지 ( 모터 전원을 즉시 Off) SS1(Safe Stop 1): 최대감속정지 후 서보오프 SS2(Safe Stop 2): 최대감속정지 후
7. 구성하기 | pages [143] | keyword:tbsft,단자 | Configurable 디지털 IO 를 Safety IO 로 사용할 경우 O01 & O02, … , O15 & O16, I01 & I02, .. I15 & I16 으로 인접한 두 개의 IO 단자를 동일 안전신호로 이중화하여 입출력 할 수 있습니다 . 안전용 접점 출력 단자 (TBSFT) 의 전용입력단자는 오직 접점형태 (
8. 구성하기 | pages [141] | keyword:단자블록의,단자블록,단자; semantic_rank:9 | 단순부하를 구동하는 경우 TBCO1~ TBCO4 단자블록의 Oxx 단자와 GIO 단자 사이에 부하를 연결하는 방식입니다 . 각각의 단자는 최대 1A 까지 출력이 가능하지만 , 전체 구동가능한 총 전류량은 발열량과 부하에 따라 제한될 수 있습니다 . 공장출고 세팅대로 내부의 전원을 통해 디지털 I/O 의 전원 (VIO/GI
9. 구성하기 | pages [142] | keyword:단자블록의,단자블록,단자 | Negative common & Sink type 입력기기와 연결하는 경우 디지털 IO 의 출력을 Sink type 의 입력기기와 연결하는 경우 , TBCO1 ~ TBCO4 단자블록의 Oxx 단자를 외부기기의 입 력단자에 연결하고 , GIO 를 외부기기의 Negative common 에 연결하여 공통 ground 를 구성
10. 안전검사 고시 | pages [46] | no_match keyword=0.00 semantic_rank=- | 비상정지회로의 성능은 제 4 호 안전관련 제어시스템 성능요건을 만 족할 것 나 . 보호정지 기능 1. 로봇 시스템은 외부 보호장치와 연결하기 위한 하나 이상의 보호정 지회로를 구비하고 있을 것 2. 보호정지회로는 작동 시 로봇 동작 정지 , 액츄에이터 동력 제거 및 로 봇에 의해 제어되는 모든 위험원에 대한 제어가 가능할",1,O,"keyword:tbsft,단자블록,em,단자; semantic_rank:2","1. 구성하기 | pages [145] | keyword:tbsft,단자블록,em,단자; semantic_rank:2 | 컨트롤러의 안전 입출력 (Safety I/O) 은 안전장치 연결을 위한 이중화된 전용 접점입력단자로 구성되어 있습니다 . 이 단자는 용도에 따라 두 영역으로 나누어져 있습니다 . 하부 2 쌍의 External Emergency Contact In: 외부 비상 스위치 등 비상정지에 필요한 장치 연결 상부 2 쌍의 Prote
2. 연결 | pages [133] | keyword:tbsft,단자블록,단자 | 컨트롤러 I/O 단자를 이용하여 매니퓰레이터와 티치펜던트 이외에 외부 장비를 컨트롤러와 연결하여 사용할 수 있습 니다 . 비상정지 스위치 , 라이트 커튼 , 안전 매트와 같은 안전기기와 더불어 공압용 솔밸브 , 릴레이 , PLC, 컨베이어 벨 트 엔코더 등 로봇 작업 셀을 구성할 때 필요한 다양한 주변기기를 연결할 수 있
3. 구성하기 | pages [143] | keyword:tbsft,단자 | Configurable 디지털 IO 를 Safety IO 로 사용할 경우 O01 & O02, … , O15 & O16, I01 & I02, .. I15 & I16 으로 인접한 두 개의 IO 단자를 동일 안전신호로 이중화하여 입출력 할 수 있습니다 . 안전용 접점 출력 단자 (TBSFT) 의 전용입력단자는 오직 접점형태 (
4. 구성하기 | pages [146] | keyword:em,단자; semantic_rank:1 | 알아두기 EMGA : Emergency Stop 채널 A(EM1) LED EMGB : Emergency Stop 채널 B(EM2) LED PRDA : Protective Stop 채널 A(PR1) LED PRDB : Protective Stop 채널 B(PR2) LED 주의 이 단자는 연결 끊김 및 선간 단락을 체크하기
5. 안전정격 정지기능 | pages [24] | no_match keyword=0.20 semantic_rank=- | 알아두기 비상 정지는 방호조치 (Safeguarding) 가 아니라 , 추가적 보호조치 (complementary protective measure) 로 사용해야 합니다 . 비상 정지의 안전정지 모드는 SS1(Safe Stop 1) 이 기본으로 설정되어 있습니다 . 로봇 애플리케이션에 대한 위험성 평가 결과 , 필요하다고
6. (Safety I/O) | pages [31] | keyword:em,단자 | 이중화된 단자로 안전 관련 신호를 입출력하는 기능입니다 . 안전 입출력 신호 중 어느 하나라도 이중화된 신호가 다 른 것이 감지되면 단선이나 하드웨어 고장으로 판단하여 로봇을 STO 정지 모드로 정지시킵니다 . 안전 신호 입출력 (Safety I/O) 은 Robot Parameter> Safety Settings > Sa
7. 이동 및 설치를 위한 인양 지점 | pages [97] | no_match keyword=0.20 semantic_rank=- | 컨트롤러와 연결하여 사용할 안전 장비는 반드시 안전용 접점입력 단자 또는 Safety IO 로 설정한 Configurable 디지털 IO 에 이중신호로 연결하십시오 . 일반 IO 에 연결하거나 단일신호로 연결하여 사용 할 경우 , 규정된 안전수준을 달성할 수 없습니다 .
8. 구성하기 | pages [147] | no_match keyword=0.20 semantic_rank=18 | Safety Controller 는 테스트펄스가 포함된 안전신호를 연결 가능한 전용 안전 입력단자 (SI1, SI2, SI3, SI4) 를 제공합 니다 . Protective Device 는 위험상황을 감지했을 때 로봇 등의 기계에 신호를 전달하기 위한 출력을 갖고있습니다 . Protective Device 는 이 신호의
9. 6.7.3 Safety Settings | pages [215] | no_match keyword=0.20 semantic_rank=- | 항목 설명 10 Save 해당 설정을 저장할 수 있습니다 . Safety I/O 이중화된 단자로 안전 관련 신호를 입출력하는 기능입니다 . 안전 입출력 신호 중 어느 하나라도 이중화된 신호가 다 른 것이 감지되면 단선이나 하드웨어 고장으로 판단하여 로봇을 STO 정지 모드로 정지시킵니다 . 안전 신호 입출력 (Safety
10. 6.7.3 Safety Settings | pages [211] | no_match keyword=0.00 semantic_rank=- | 티치펜던트에 부착된 비상 정지 버튼을 누르거나 Safety I/O 에 연결한 안전 장치를 통해 로봇을 비상 정지할 수 있습 니다 . 티치펜던트 화면에서 Robot Parameters > Safety Settings > Safety I/O 기능을 활용하여 안전 장치를 비상 정지 또는 보호 정지로 연결할 수 있습니다 . 안전",1,O,1,O,1,O,2,O
Q05,기존,엔드 이펙터(End-effector)를 제어하기 위한 툴 플랜지 커넥터의 전원 출력 핀 번호는 몇 번입니까?,툴 플랜지/I/O 배선,배선 확인형,핀 5번(Power) 및 핀 8번(GND),page_128_img_0_0.jpeg,1,O,semantic_rank:8,"1. 배선 연결하기 | pages [94] | semantic_rank:8 | MANDATORY NORMAL 10 MIN 툴을 고정한 후 플랜지 I/O 커넥터에 필요한 케이블을 연결하십시오 . 반드시 플랜지 I/O 의 핀 맵을 확인하십시오 . 로봇에 전원을 인가하게 되면 각 커넥터의 5 번 단자는 항상 24V 가 출력되게 됩니다 .
2. 로봇 시스템 구성 및 설명 | pages [101] | no_match keyword=0.00 semantic_rank=- | 주요 기능 No. 항목 설명 1 콕핏 (Cockpit) [ 옵션 ] 직접 교시를 위한 콘트롤러입니다 . 2 툴 플랜지 (Tool Flange) 툴을 장착하는 부위입니다 . 3 플랜지 I/O 툴 제어를 위한 입출력 포트입니다 . ( 디지털 입력 2ch, 출력 2ch) 4 LED(1 축 ) 로봇의 상태를 색상으로 표시합니다
3. 전원 켜기 | pages [125] | no_match keyword=0.00 semantic_rank=- | 컨트롤러 하단에 전원 차단을 위한 전원 스위치가 설치되어 있습니다 . 컨트롤러 하단에 있는 전원 스위치를 누르십시 오 . 로봇 , 컨트롤러 , 티치펜던트와 같은 시스템에 필요한 전원이 켜집니다 .
4. 4.1.1 Schematic Diagram | pages [127] | page; semantic_rank:1 | 각 커넥터의 핀 맵은 다음과 같습니다 .
5. 4.1.1 Schematic Diagram | pages [129] | no_match keyword=0.00 semantic_rank=- | Parameter Min Type Max Unit Supply voltage (12V mode) 11.4 12 12.6 V Supply voltage (24V mode) 22.8 24 25.2 V Supply current - - 1.5 A 경고 전원 차단 시 어떠한 위험상황이 발생하지 않도록 Tool 과 그리퍼를 구성하
6. 6.7.1 Robot Settings | pages [200] | no_match keyword=0.25 semantic_rank=- | 항목 설명 3 Analog Input/RS485 모드 설정 Analog Input 또는 RS485 를 선택할 수 있도록 기능을 제공합니다 . 로봇 모델이 A 모델일 경우에는 Analog Input/RS485 항목에서 X1 포 트만 지원합니다 . 로봇 모델이 M/H 모델일 경우에는 Analog Input/RS485 항목은
7. 6.7.1 Robot Settings | pages [196] | no_match keyword=0.00 semantic_rank=- | 메뉴 구성 항목 설명 1 콕핏 이미지 콕핏 설정을 위한 이미지 입니다 . 2 리셋 설정한 값들을 초기화 시킬 수 있습니다 . 3 1 버튼 설정 1 버튼에 설정할 기능을 선택할 수 있습니다 . 4 2 버튼 설정 2 버튼에 설정할 기능을 선택할 수 있습니다 . 5 1+2 버튼 설정 1+2 버튼 clamping 활성화 여부를
8. ...............................................................80 | pages [4] | no_match keyword=0.00 semantic_rank=- | 2.4.3 패키징 자세 해제하기 .............................................................................................. 89 2.4.4 서보 오프 하기 .................................................
9. 테스트하기 | pages [82] | no_match keyword=0.00 semantic_rank=- | 분류 작업 필수 작업 난이도 작업 시간 ( 분 ) 1 툴 설치 툴 설치하기 EASY 5 2 I/O 테스트 시스템 전원 끄기 EASY 1 3 배선 연결하기 NORMAL 10 4 시스템 전원 켜기 EASY 1 5 컨트롤러 및 플랜지 I/O 테스트하기 NORMAL 10
10. 컨트롤러 전원 켜기 | pages [88] | no_match keyword=0.00 semantic_rank=- | MANDATORY EASY 1 MIN 1. 컨트롤러 하단에 있는 전원 스위치를 누르십시오 . 로봇 , 컨트롤러 , 티치펜던트와 같은 시스템에 필요한 전원이 켜 집니다 . 티치펜던트 화면이 켜질 때까지 전원 버튼 ( 그림 2 번 ) 을 길게 누르십시오 . 로봇 제어기와의 네트워크 연결이 완료될 때까지 티치펜던트 LED( 그",1,O,semantic_rank:8,"1. 배선 연결하기 | pages [94] | semantic_rank:8 | MANDATORY NORMAL 10 MIN 툴을 고정한 후 플랜지 I/O 커넥터에 필요한 케이블을 연결하십시오 . 반드시 플랜지 I/O 의 핀 맵을 확인하십시오 . 로봇에 전원을 인가하게 되면 각 커넥터의 5 번 단자는 항상 24V 가 출력되게 됩니다 .
2. I/O | pages [127] | page; semantic_rank:2 | 로봇 끝 단 플랜지 커버에 M8 사양의 8pin 커넥터가 1 개 있으며 장착 위치 및 외형은 아래 그림을 참조하시기 바랍니 다 . 커넥터는 그리퍼나 특정 로봇 툴에 내장되어 있는 센서를 구동시키기 위한 전원과 제어 신호를 제공합니다 . 아래 예 시로 표시한 산업용 케이블과 같은 사양이 적용 가능합니다 .
3. 플랜지 디지털 입력 사양 | pages [131] | no_match keyword=0.00 semantic_rank=- | 플랜지 디지털 입력은 Photo coupler 입력으로 구성되어 있습니다 . 입력 24V 기준으로 전류는 내부 저항에 의해 5mA 로 제한됩니다 . 디지털 입력의 전기적 사양은 아래와 같습니다 . Parameter Min Type Max Unit Input voltage 0 - 26 V Logical high 4.4 -
4. 6.10.2 I/O Overview | pages [336] | no_match keyword=0.00 semantic_rank=- | 컨트롤러 아날로그 출력에 있는 드롭다운 목록을 눌러 설정할 항목을 선택하십시오 . 선택한 항목에 따라 드롭다운 목록 오른쪽에 아날로그 출력 정보가 표시됩니다 . 아날로그 출력 신호 타입의 기본값은 전압입니다 . 아날로그 출력 값을 변경하십시오 . 플랜지 입출력 플랜지 디지털 입력 1. 플랜지에 연결된 기기의 포트 번호를
5. 플랜지 디지털 출력 사양 | pages [131] | no_match keyword=0.00 semantic_rank=- | 플랜지 입출력 (I/O) 초기 전원은 24V 로 설정되어 있으며 , 12V 또는 0V 로 설정 가능합니다 . 디지털 출력이 활성화되면 해당 출력 채널의 상태는 12V 또는 24V 가 출력됩니다 . 디지털 출력이 비활성화 되면 해당 출력 채널의 상태는 open(floating) 됩니다 . 디지털 출력의 전기적 사양은 아래와
6. 플랜지 디지털 출력 사양 | pages [130] | no_match keyword=0.00 semantic_rank=- | 플랜지 디지털 출력은 PNP 사양으로 Photo coupler 출력이 output 에 구성되어 있습니다 . 디지털 출력이 활성화되면 해당 출력 채널의 상태는 +24V 가 됩니다 . 디지털 출력이 비활성화 되면 해당 출력 채널의 상태는 open(floating) 됩니다 . 디지털 출력의 전기적 사양은 아래와 같습니다 . P
7. ................................................................ 126 | pages [5] | semantic_rank:9 | 4.1 플랜지 I/O.......................................................................................... 126 4.1.1 Schematic Diagram ..................................................
8. 로봇 시스템 구성 및 설명 | pages [101] | no_match keyword=0.00 semantic_rank=- | 주요 기능 No. 항목 설명 1 콕핏 (Cockpit) [ 옵션 ] 직접 교시를 위한 콘트롤러입니다 . 2 툴 플랜지 (Tool Flange) 툴을 장착하는 부위입니다 . 3 플랜지 I/O 툴 제어를 위한 입출력 포트입니다 . ( 디지털 입력 2ch, 출력 2ch) 4 LED(1 축 ) 로봇의 상태를 색상으로 표시합니다
9. 4.1.1 Schematic Diagram | pages [129] | no_match keyword=0.00 semantic_rank=- | Parameter Min Type Max Unit Supply voltage (12V mode) 11.4 12 12.6 V Supply voltage (24V mode) 22.8 24 25.2 V Supply current - - 1.5 A 경고 전원 차단 시 어떠한 위험상황이 발생하지 않도록 Tool 과 그리퍼를 구성하
10. 구성하기 | pages [137] | no_match keyword=0.00 semantic_rank=- | 컨트롤러는 외부 엔코더를 입력할 수 있는 TBEN 2 개 단자를 제공합니다 . 엔코더의 A, B, Z 상을 입력 받을 수 있으며 입력전압 12Vdc 기준으로 카운트합니다 . 또한 S 상은 컨베이어의 Start 센서로 사용이 가능합니다 .",1,O,,X,1,O,,X
Q06,기존,비상 상황 발생 시 즉각적인 조치를 위해 티치 펜던트에 위치한 비상 정지 버튼의 위치는 어디입니까?,티치 펜던트/비상정지,안전 조작형,티치 펜던트 상단 우측,page_103_img_0_0.jpeg,2,O,"keyword:티치,펜던트; semantic_rank:7","1. 비상 정지 버튼 해제하기 | pages [89] | no_match keyword=0.00 semantic_rank=- | 알아두기 두산 로봇의 시리즈 별 LED 위치는 다음과 같습니다 . A : 플랜지 LED B : 1 축 LED
2. 사용 시 주의사항 | pages [12] | keyword:티치,펜던트; semantic_rank:7 | 컨트롤러나 티치 펜던트에 오류가 나타나면 즉시 비상 정지시켜 오류가 발생한 원인을 확인한 후 오류 코드를 로그 화면에서 찾아 공급자에게 연락하십시오 . 로봇의 작동전에 로봇 사용 매뉴얼을 충분히 숙지한 후 사용하여 주시기 바랍니다 . 티치 펜던트에서 치명적인 에러를 경고하는 경우 즉시 로봇의 비상정지 스위치를 작동하여 로
3. 비상 정지 버튼 해제하기 | pages [89] | keyword:티치,펜던트 | MANDATORY EASY 1 MIN 로봇 설치 후 첫 부팅이 완료되면 , 티치펜던트의 비상 정지 버튼이 눌려 있어 경고 팝업이 나타납니다 . 이때 , 비상 정 지 버튼을 해제해야 로봇을 사용할 수 있습니다 . 비상 정지 버튼을 시계 방향으로 돌려서 비상 정지 상태를 해제하십시오 .
4. (Safety Stop Modes) | pages [36] | keyword:티치,펜던트; semantic_rank:12 | 안전 정지 모드 설명 1 비상 정지 (Emergency Stop) 티치 펜던트의 비상 정지 버튼 또는 추가적으로 설치된 외부 장치가 작 동하였을 때의 정지 모드를 설정합니다 . (STO 또는 SS1 만 선택할 수 있 습니다 .) 2 보호 정지 (Protective Stop) 외부에 연결된 보호 장비를 작동하였을 때의 정지
5. 6.7.3 Safety Settings | pages [220] | keyword:티치,펜던트 | 안전 정지 / 해제 방법 티치펜던트에 부착된 비상 정지 버튼을 누르거나 Safety I/O 에 연결한 안전 장치를 통해 로봇을 비상 정지할 수 있습 니다 . 티치펜던트 화면에서 Robot Parameters > Safety Settings > Safety I/O 기능을 활용하여 안전 장치를 비상 정지 또는 보호 정지로 연
6. 6.7.3 Safety Settings | pages [211] | keyword:티치,펜던트 | Safety Settings 사용을 위한 기본 개념 안내 입니다 . 사용자의 안전을 위해 제공되는 정지 모드는 다음과 같습니다 . STO (Safe Torque Off): 서보 오프 정지 ( 모터 전원을 즉시 Off) SS1(Safe Stop 1): 최대감속정지 후 서보오프 SS2(Safe Stop 2): 최대감속정지 후
7. 6.7.3 Safety Settings | pages [211] | keyword:티치,펜던트; semantic_rank:14 | 티치펜던트에 부착된 비상 정지 버튼을 누르거나 Safety I/O 에 연결한 안전 장치를 통해 로봇을 비상 정지할 수 있습 니다 . 티치펜던트 화면에서 Robot Parameters > Safety Settings > Safety I/O 기능을 활용하여 안전 장치를 비상 정지 또는 보호 정지로 연결할 수 있습니다 . 안전
8. 6.7.3 Safety Settings | pages [219] | keyword:티치,펜던트 | 항목 설명 3 Signal Setting 각 port 에 설정한 옵션입니다 . 설정할 수 있는 옵션은 다음과 같습니다 . Not Used Emergence Stop (L) Emergence Stop - No Loopback (L) Safe Torque Off (L) Safe Operating Stop (L) Abnorma
9. 안전정격 정지기능 | pages [24] | keyword:티치,펜던트,상단,우측; semantic_rank:10 | 비상 정지 사용자는 비상 상황에 대비하여 시스템을 정지시킬 수 있는 비상정지 버튼을 사용할 수 있습니다 . 비상 상황에서는 티치펜던트 우측 상단에 있는 비상정지 버튼을 눌러 시스템을 즉시 정지하십시오 . 보호 정지 안전매트 등의 압력식 방호 장치 (Pressure sensitive preotective equipment)
10. 안전정격 정지기능 | pages [23] | keyword:티치,펜던트 | 안전 기능 안전기능 동작조건 Triggering Event 의도된 동작 Intended Result PFHd PL, SIL 1 Emergency Stop TBSFT 의 EM 단자에 연결된 비상 정지 스위치가 눌린 경 우 티치 펜던트의 비상 정지 스 위치가 눌린 경우 설정된 안전 정지모드에 따 라 비상정지합니다 . STO",1,O,"keyword:티치,펜던트,상단,우측; semantic_rank:10","1. 안전정격 정지기능 | pages [24] | keyword:티치,펜던트,상단,우측; semantic_rank:10 | 비상 정지 사용자는 비상 상황에 대비하여 시스템을 정지시킬 수 있는 비상정지 버튼을 사용할 수 있습니다 . 비상 상황에서는 티치펜던트 우측 상단에 있는 비상정지 버튼을 눌러 시스템을 즉시 정지하십시오 . 보호 정지 안전매트 등의 압력식 방호 장치 (Pressure sensitive preotective equipment)
2. 6.7.3 Safety Settings | pages [211] | keyword:티치,펜던트; semantic_rank:14 | 티치펜던트에 부착된 비상 정지 버튼을 누르거나 Safety I/O 에 연결한 안전 장치를 통해 로봇을 비상 정지할 수 있습 니다 . 티치펜던트 화면에서 Robot Parameters > Safety Settings > Safety I/O 기능을 활용하여 안전 장치를 비상 정지 또는 보호 정지로 연결할 수 있습니다 . 안전
3. (Safety Stop Modes) | pages [36] | keyword:티치,펜던트; semantic_rank:12 | 안전 정지 모드 설명 1 비상 정지 (Emergency Stop) 티치 펜던트의 비상 정지 버튼 또는 추가적으로 설치된 외부 장치가 작 동하였을 때의 정지 모드를 설정합니다 . (STO 또는 SS1 만 선택할 수 있 습니다 .) 2 보호 정지 (Protective Stop) 외부에 연결된 보호 장비를 작동하였을 때의 정지
4. 비상 정지 버튼 해제하기 | pages [89] | keyword:티치,펜던트 | MANDATORY EASY 1 MIN 로봇 설치 후 첫 부팅이 완료되면 , 티치펜던트의 비상 정지 버튼이 눌려 있어 경고 팝업이 나타납니다 . 이때 , 비상 정 지 버튼을 해제해야 로봇을 사용할 수 있습니다 . 비상 정지 버튼을 시계 방향으로 돌려서 비상 정지 상태를 해제하십시오 .
5. 6.7.3 Safety Settings | pages [220] | keyword:티치,펜던트 | 안전 정지 / 해제 방법 티치펜던트에 부착된 비상 정지 버튼을 누르거나 Safety I/O 에 연결한 안전 장치를 통해 로봇을 비상 정지할 수 있습 니다 . 티치펜던트 화면에서 Robot Parameters > Safety Settings > Safety I/O 기능을 활용하여 안전 장치를 비상 정지 또는 보호 정지로 연
6. 사용 시 주의사항 | pages [12] | keyword:티치,펜던트; semantic_rank:7 | 컨트롤러나 티치 펜던트에 오류가 나타나면 즉시 비상 정지시켜 오류가 발생한 원인을 확인한 후 오류 코드를 로그 화면에서 찾아 공급자에게 연락하십시오 . 로봇의 작동전에 로봇 사용 매뉴얼을 충분히 숙지한 후 사용하여 주시기 바랍니다 . 티치 펜던트에서 치명적인 에러를 경고하는 경우 즉시 로봇의 비상정지 스위치를 작동하여 로
7. 티치 펜던트를 사용할 경우 | pages [163] | keyword:티치,펜던트,상단; semantic_rank:2 | 티치 펜던트 좌측 상단에 있는 전원 버튼을 길게 누르십시오 . 로봇 , 컨트롤러 , 티치 펜던트와 같은 시스템에 필요한 전원이 켜집니다 . 시스템의 전원이 켜지면 로봇의 상태 LED 가 점등됩니다 . 전원을 끄려면 티치 펜던트 화면의 종료 버튼을 누르거나 티치펜던트 좌측 상단에 있는 전원 버튼을 2 초 정도 길게 누르십시
8. 시스템 전원 끄기 | pages [94] | keyword:티치,펜던트,상단; semantic_rank:8 | MANDATORY EASY 1 MIN 시스템의 전원을 끄려면 티치 펜던트 화면의 종료 버튼을 누르거나 티치펜던트 좌측 상단에 있는 전원 버튼을 2 초 정 도 길게 누르십시오 . 화면에 전원 종료 팝업이 나타납니다 . 전원 종료 팝업에서 확인 버튼을 눌러 시스템을 정상적으로 종료합니다 .
9. 테스트하기 | pages [95] | keyword:티치,펜던트 | MANDATORY NORMAL 10 MIN 티치펜던트에서는 플랜지 I/O 에 연결된 툴의 동작을 테스트할 수 있는 기능을 제공하고 있습니다 . 전원을 차단했을 때 툴에서 작업물이 낙하하는 등의 위험 상황이 발생하지 않도록 툴과 그리퍼를 구성 하십시오 . A 시리즈의 경우 로봇이 서보 오프될 때 Flange I/O 의 24
10. 로봇 시스템 구성 및 설명 | pages [103] | keyword:티치,펜던트 | 2 전원 LED 전원이 들어오면 LED 가 붉은색으로 점멸하기 시작하고 , 부팅이 완료되면 붉 은색으로 점등 됩니다 . 3 비상 정지 버튼 긴급한 상황이 발생한 경우 버튼을 눌러 로봇의 작동을 멈출 수 있습니다 . 4 핸드 가이딩 버 튼 (3PE 3 Position Enable) Switch) 버튼을 누른 상태로 로봇을",1,O,10,△,1,O,4,O
Q07,기존,협동로봇의 직접 교시(Direct Teaching)를 활성화하기 위해 조작기 툴 플랜지에서 눌러야 하는 버튼은 무엇입니까?,직접교시/Cockpit,조작 절차형,Cockpit 버튼,page_195_img_0_0.jpeg,1,O,"keyword:cockpit,버튼; semantic_rank:13","1. 기능 | pages [325] | keyword:cockpit,버튼; semantic_rank:13 | 사용 시나리오는 다음과 같습니다 . 프로그램 실행 중 유저 혹은 연결된 장치를 통해 디지털 입력 신호를 수신합니다 . 로봇은 일시 정지하며 , 작업자 개입 팝업이 발생합니다 . ( 직접 교시를 사용하는 경우 ) Use Handguiding 버튼을 누른 후 , cockpit 혹은 teaching pendant 뒷면의 버튼을
2. 항목에서 설정하기 | pages [355] | keyword:버튼 | 알아두기 하단의 Save 버튼을 눌러야 설정이 저장됩니다 .
3. 6.7.1 Robot Settings | pages [194] | page; keyword:cockpit,버튼; semantic_rank:7 | Cockpit 직접 교시는 로봇의 끝단을 손으로 잡고 직접 로봇을 밀거나 당겨서 원하는 자세로 움직이고 그 위치를 현재 선택한 모션에 적용하기 위해 사용합니다 . 직접 교시 방식은 크게 두 가지로 구분됩니다 . 자율이동 (Freedrive) : 사용자가 가한 힘의 방향으로 로봇의 각 관절이 이동 구속모션 (Constrai
4. 기능 | pages [324] | keyword:cockpit,버튼; semantic_rank:11 | Classic Welding module - Analog Welding setting - Communication Setting - Input ( 아래 신호 [Arc Active / Gas Off / Wire Stick / Machine Error] 중 하나라도 사용 설정이 되는 경 우 ) “Move along the p
5. 산업안전보건기준에 관한 규칙 | pages [44] | no_match keyword=0.00 semantic_rank=- | 제 222 조 ( 교시 등 ) 사업주는 산업용 로봇 ( 이하 "" 로봇 "" 이라 한다 ) 의 작동범위에서 해당 로봇에 대하여 교시 ( 敎示 ) 등 [ 매니퓰레이터 (manipulator) 의 작동순서 , 위치ㆍ속도의 설정ㆍ변경 또는 그 결과를 확인하는 것을 말한다 . 이하 같 다 ] 의 작업을 하는 경우에는 해당 로봇의 예
6. 색상 | pages [16] | no_match keyword=0.00 semantic_rank=- | 수동 모드 모드 상태 설명 플랜지 and/or 베이스 LED 수동 Manual Standby 교시 조작 중의 기본 상태입니다 . Robot Parameter, Task Editor 를 통해 작업 환경 설정을 하 거나 태스크 프로그래밍을 수행할 수 있습니다 . SOS(Safe Operating Stop) 로 정지 상태를 모
7. 6.7.1 Robot Settings | pages [189] | keyword:버튼; semantic_rank:9 | 메뉴 구성 항목 설명 1 잠금 토글 버튼 설정된 값이 잠금 상태가 됩니다 . 수정을 위해서는 Safety Password 입 력이 필요합니다 . 2 Use Mount Mount 사용을 활성화 하는 버튼입니다 . 버튼의 활성화는 잠금을 푼 이후 가능합니다 . 3 Auto Measure 명령 내려진 작동을 자동으로 합니다 .
8. 안전정격 정지기능 | pages [24] | keyword:버튼 | 알아두기 비상 정지는 방호조치 (Safeguarding) 가 아니라 , 추가적 보호조치 (complementary protective measure) 로 사용해야 합니다 . 비상 정지의 안전정지 모드는 SS1(Safe Stop 1) 이 기본으로 설정되어 있습니다 . 로봇 애플리케이션에 대한 위험성 평가 결과 , 필요하다고
9. 6.7.1 Robot Settings | pages [191] | no_match keyword=0.00 semantic_rank=- | 메뉴 구성 항목 설명 1 Lock Toggle Button 설정된 값이 잠금 상태가 됩니다 . 수정을 위해서는 Safety Password 입력을 해야 합니다 . 2 Information Image 설정에 필요한 이미지 팁입니다 . 3 Information Message 설정에 필요한 팁 메시지입니다 . 4 Mountin
10. 6.7.2 Tool Settings | pages [201] | no_match keyword=0.00 semantic_rank=- | Tool Center Point 공구중심점 (TCP) 를 설정할 때에 플랜지 좌표계를 기준으로 위치와 함께 회전각을 함께 정의해야 합니다 . 이때 , 플랜 지좌표계 기준 원점에서 공구중심점 (TCP) 까지 X, Y, Z 각 방향 별 거리가 10000mm 이상이 되도록 공구중심점 (TCP) 를 설정할 수 없습니다 . 그리고",1,O,"page; keyword:cockpit,버튼; semantic_rank:7","1. 6.7.1 Robot Settings | pages [194] | page; keyword:cockpit,버튼; semantic_rank:7 | Cockpit 직접 교시는 로봇의 끝단을 손으로 잡고 직접 로봇을 밀거나 당겨서 원하는 자세로 움직이고 그 위치를 현재 선택한 모션에 적용하기 위해 사용합니다 . 직접 교시 방식은 크게 두 가지로 구분됩니다 . 자율이동 (Freedrive) : 사용자가 가한 힘의 방향으로 로봇의 각 관절이 이동 구속모션 (Constrai
2. 기능 | pages [325] | keyword:cockpit,버튼; semantic_rank:13 | 사용 시나리오는 다음과 같습니다 . 프로그램 실행 중 유저 혹은 연결된 장치를 통해 디지털 입력 신호를 수신합니다 . 로봇은 일시 정지하며 , 작업자 개입 팝업이 발생합니다 . ( 직접 교시를 사용하는 경우 ) Use Handguiding 버튼을 누른 후 , cockpit 혹은 teaching pendant 뒷면의 버튼을
3. 사용 시 주의사항 | pages [13] | no_match keyword=0.00 semantic_rank=- | 직접교시 기능을 사용하기 전에 툴에 관련된 입력사항 ( 툴의 길이 , 무게 , 무게중심 등 ) 을 정확하게 입력 하십시오 . 실제 툴의 사양과 다른 정보가 입력되는 경우 직접교시 기능의 오류가 발생하거나 , 오동작을 유발할 수 있습니다 . 사용자의 안전을 위해 직접교시 기능 사용시 관절이 일정 속도 이상으로 작동되거나 T
4. 기능 | pages [324] | keyword:cockpit,버튼; semantic_rank:11 | Classic Welding module - Analog Welding setting - Communication Setting - Input ( 아래 신호 [Arc Active / Gas Off / Wire Stick / Machine Error] 중 하나라도 사용 설정이 되는 경 우 ) “Move along the p
5. 로봇 시스템 구성 및 설명 | pages [101] | keyword:cockpit; semantic_rank:4 | 주요 기능 No. 항목 설명 1 콕핏 (Cockpit) [ 옵션 ] 직접 교시를 위한 콘트롤러입니다 . 2 툴 플랜지 (Tool Flange) 툴을 장착하는 부위입니다 . 3 플랜지 I/O 툴 제어를 위한 입출력 포트입니다 . ( 디지털 입력 2ch, 출력 2ch) 4 LED(1 축 ) 로봇의 상태를 색상으로 표시합니다
6. 6.7.1 Robot Settings | pages [195] | keyword:버튼 | 티치 펜던트 뒷면의 핸드가이드 버튼을 누르면 1 번 버튼을 누른 것과 동일하게 자율이동 모드로 로봇을 움직일 수 있 습니다 . 구속 모션 2 번과 3 번 버튼을 누른 상태에서는 임의의 방향으로 힘을 가하여도 로봇 끝단이 구속 조건과 일치하는 방향으로만 움직이게 됩니다 . 구속 조건은 그림과 같이 Z 축 고정 , 면 고정
7. 로봇과 툴 연결하기 | pages [123] | no_match keyword=0.00 semantic_rank=- | 번호 항목 1 툴 2 브라켓 3 케이블 4 툴 플랜지 1. M6 볼트 4 개를 이용하여 툴 플랜지에 툴을 고정하십시오 . 볼트를 고정할 때에는 9 Nm 의 토크로 볼트를 조이는 것을 권장합니다 . 로봇을 고정된 위치에 정확하게 설치해야 하는 경우에는 Φ 6 의 위치 결정 핀을 이용하면 원하는 위치에 설 치할 수 있습니다
8. 안전기능의 설정 | pages [30] | no_match keyword=0.00 semantic_rank=- | 구분 안전 설정 기능 설명 4 구역 (Zone) 협동 작업 구역 (Collaborative Zone) 설정 하기 (p. 239) 로봇과 인간의 협동작업을 위해 지정할 수 있 는 구역 입니다 . 넛지 (Nudge) 나 핸드가이딩컨트롤 (HGC) 기 능은 협동작업 구역 내에서만 실행가능 합 니다 . 감속률을 설정하여 태스크
9. 사용 시 주의사항 | pages [12] | no_match keyword=0.00 semantic_rank=- | 컨트롤러나 티치 펜던트에 오류가 나타나면 즉시 비상 정지시켜 오류가 발생한 원인을 확인한 후 오류 코드를 로그 화면에서 찾아 공급자에게 연락하십시오 . 로봇의 작동전에 로봇 사용 매뉴얼을 충분히 숙지한 후 사용하여 주시기 바랍니다 . 티치 펜던트에서 치명적인 에러를 경고하는 경우 즉시 로봇의 비상정지 스위치를 작동하여 로
10. 컨트롤러 전원 켜기 | pages [88] | keyword:버튼 | MANDATORY EASY 1 MIN 1. 컨트롤러 하단에 있는 전원 스위치를 누르십시오 . 로봇 , 컨트롤러 , 티치펜던트와 같은 시스템에 필요한 전원이 켜 집니다 . 티치펜던트 화면이 켜질 때까지 전원 버튼 ( 그림 2 번 ) 을 길게 누르십시오 . 로봇 제어기와의 네트워크 연결이 완료될 때까지 티치펜던트 LED( 그",1,O,2,O,1,O,1,O
Q08,기존,제어기의 디지털 입력(Digital Input) 단자에 NPN 타입 센서를 연결할 때 배선은 어떻게 해야 합니까?,제어기 I/O 배선,배선 확인형,24V/12V(VCC)에 PULL-UP 연결,page_138_img_0_0.jpeg,1,O,"keyword:24v,12v,up; semantic_rank:9","1. 6.7.1 Robot Settings | pages [199] | keyword:24v,12v,up; semantic_rank:9 | 메뉴 구성 항목 설명 1 Supply Voltage 공급 전압을 설정 하는 기능을 제공 합니다 . 0V(=Off)/ 12V/ 24V 중 한개의 전압을 선택 할 수 있습니다 . 2 Digital Output Type 디지털 출력 타입을 X1, X2 포트별로 각각 설정하는 기능을 제공합니다 . 로봇 모델이 A 모델일 경우에는
2. 6.9.11 Signal Commands | pages [326] | no_match keyword=0.17 semantic_rank=- | 통신 설정 : 기본값 모드 : 장치별 세부 설정 직접 입력 모듈 모드 : 사전 설정된 값 선택 주의사항 연결 이름은 프로젝트 내에서 고유해야 합니다 IP 주소와 포트가 올바른지 확인하세요 대상 장치가 선택한 프로토콜을 지원하는지 확인하세요 Get Signal (Input/Read) 기능 외부 장치로부터 데이터를 읽어오는
3. 6.9.11 Signal Commands | pages [327] | no_match keyword=0.17 semantic_rank=- | Digital I/O Analog I/O Industrial Ethernet Modbus TCP/RTU TCP Client/Server Serial Communication 2. 타입별 설정 : Digital I/O : 포트 번호 선택 Analog I/O : 포트 번호 선택 , 타입 선택 Industrial Etherne
4. 플랜지 디지털 출력 사양 | pages [130] | keyword:24v,up; semantic_rank:11 | 플랜지 디지털 출력은 PNP 사양으로 Photo coupler 출력이 output 에 구성되어 있습니다 . 디지털 출력이 활성화되면 해당 출력 채널의 상태는 +24V 가 됩니다 . 디지털 출력이 비활성화 되면 해당 출력 채널의 상태는 open(floating) 됩니다 . 디지털 출력의 전기적 사양은 아래와 같습니다 . P
5. 6.9.11 Signal Commands | pages [328] | no_match keyword=0.17 semantic_rank=- | 프로토콜 설명 주요 용도 FOCAS FANUC CNC CNC 기계 문제 해결 자주 발생하는 문제 1. 연결 실패 네트워크 설정 확인 방화벽 설정 확인 장비 전원 상태 확인 2. 데이터 읽기 / 쓰기 실패 주소 범위 확인 데이터 타입 일치 확인 3. 성능 저하 폴링 주기 조정 불필요한 연결 제거 네트워크 대역폭 확인 디바이
6. 6.7.1 Robot Settings | pages [187] | no_match keyword=0.00 semantic_rank=- | I/O Alias & Mount I/O Alias 메뉴 구성 항목 설명 1 제어기 디지털 I/O 제어기 디지털 I/O 의 이름을 각각 설정할 수 있습니다 . 2 플랜지 디지털 I/O 플랜지 디지털 I/O 의 이름을 각각 설정할 수 있습니다 . 3 제어기 아날로그 I/O 제어기 아날로그 I/O 의 이름을 각각 설정할 수 있
7. 연결 | pages [133] | no_match keyword=0.17 semantic_rank=- | 컨트롤러 I/O 단자를 이용하여 매니퓰레이터와 티치펜던트 이외에 외부 장비를 컨트롤러와 연결하여 사용할 수 있습 니다 . 비상정지 스위치 , 라이트 커튼 , 안전 매트와 같은 안전기기와 더불어 공압용 솔밸브 , 릴레이 , PLC, 컨베이어 벨 트 엔코더 등 로봇 작업 셀을 구성할 때 필요한 다양한 주변기기를 연결할 수 있
8. 4.1.1 Schematic Diagram | pages [128] | keyword:24v,12v,연결 | X1 커넥터가 제공하는 상세한 I/O 구성은 아래 표를 참조하시기 바랍니다 . X1 구성 No Signal type Description 1 디지털 입력 1 PNP (Source Type, default) 2 디지털 출력 1 PNP (Source Type, default) / NPN (Sink Type) 선택 3 디지털
9. 플랜지 디지털 입력 사양 | pages [131] | keyword:24v,up,연결 | 플랜지 디지털 입력은 Photo coupler 입력으로 구성되어 있습니다 . 입력 24V 기준으로 전류는 내부 저항에 의해 5mA 로 제한됩니다 . 디지털 입력의 전기적 사양은 아래와 같습니다 . Parameter Min Type Max Unit Input voltage 0 - 26 V Logical high 4.4 -
10. 구성하기 | pages [138] | no_match keyword=0.17 semantic_rank=- | NPN Sensor 연결 PNP Sensor 연결",2,O,"keyword:24v,vcc,연결; semantic_rank:10","1. 구성하기 | pages [137] | no_match keyword=0.17 semantic_rank=- | 신호입력 정확도를 최대한 확보하기 위해 다음 사항을 준수하십시오 . 노이즈 저감을 위하여 쉴드 트위스트 페어 된 케이블을 사용하십시오 . 케이블 쉴드는 컨트롤러 내부 접지단자에 연결하십시오 . S 상 입력의 경우 플로팅 상태를 방지하기 위하여 센서 종류 (NPN/PNP) 에 따라 풀업 , 풀다운 저항을 연결하십시오 . 아
2. 구성하기 | pages [140] | keyword:24v,vcc,연결; semantic_rank:10 | Configurable 디지털 입출력 (I/O) 을 일반적인 디지털 입출력 (I/O) 으로 사용할 경우 , 전압용 솔밸브와 같은 저전류 장 비의 구동 또는 PLC 시스템이나 주변장치와 신호 교환 등 다양한 방법으로 활용할 수 있습니다 . 이와 같은 방법을 사 용하는 방법은 아래와 같습니다 . Dry Contact 입력을
3. 시스템 연결 | pages [121] | semantic_rank:4 | 매개변수 사양 입력전압 100 – 240 VAC 입력전원 퓨즈 (@100-240V) 15 A 주의 전원 케이블을 연결한 후 로봇을 올바르게 접지했는지 확인하십시오 ( 전기적 지면 연결 ). 컨트롤러 내부 의 접지 심볼과 관련된 나사 중에서 사용하지 않은 나사로 시스템의 모든 장비에 대하여 공통적인 접지 를 하십시오 . 접
4. 플랜지 디지털 출력 사양 | pages [130] | keyword:24v,up; semantic_rank:11 | 플랜지 디지털 출력은 PNP 사양으로 Photo coupler 출력이 output 에 구성되어 있습니다 . 디지털 출력이 활성화되면 해당 출력 채널의 상태는 +24V 가 됩니다 . 디지털 출력이 비활성화 되면 해당 출력 채널의 상태는 open(floating) 됩니다 . 디지털 출력의 전기적 사양은 아래와 같습니다 . P
5. 플랜지 디지털 입력 사양 | pages [131] | keyword:24v,up,연결 | 플랜지 디지털 입력은 Photo coupler 입력으로 구성되어 있습니다 . 입력 24V 기준으로 전류는 내부 저항에 의해 5mA 로 제한됩니다 . 디지털 입력의 전기적 사양은 아래와 같습니다 . Parameter Min Type Max Unit Input voltage 0 - 26 V Logical high 4.4 -
6. 구성하기 | pages [138] | no_match keyword=0.17 semantic_rank=- | NPN Sensor 연결 PNP Sensor 연결
7. 구성하기 | pages [142] | no_match keyword=0.17 semantic_rank=- | Negative common & Sink type 입력기기와 연결하는 경우 디지털 IO 의 출력을 Sink type 의 입력기기와 연결하는 경우 , TBCO1 ~ TBCO4 단자블록의 Oxx 단자를 외부기기의 입 력단자에 연결하고 , GIO 를 외부기기의 Negative common 에 연결하여 공통 ground 를 구성
8. 6.9.11 Signal Commands | pages [327] | no_match keyword=0.17 semantic_rank=- | Digital I/O Analog I/O Industrial Ethernet Modbus TCP/RTU TCP Client/Server Serial Communication 2. 타입별 설정 : Digital I/O : 포트 번호 선택 Analog I/O : 포트 번호 선택 , 타입 선택 Industrial Etherne
9. ................................................................ 126 | pages [5] | no_match keyword=0.17 semantic_rank=- | 4.1 플랜지 I/O.......................................................................................... 126 4.1.1 Schematic Diagram ..................................................
10. (CS-12P) | pages [401] | no_match keyword=0.17 semantic_rank=- | 컨트롤러와 티치펜던트 연결하기 티치펜던트 케이블을 컨트롤러의 해당 연결부에 딸깍 소리가 날 때까지 연결하여 케이블이 빠지지 않도록 하십시오 . 주의 케이블을 연결할 때 , 핀 부분이 휘지 않도록 연결부 모양을 잘 확인한 후 연결하십시오 . 스마트 펜던트를 벽 또는 컨트롤러에 걸어 사용할 경우 연결 케이블에 걸려 넘어지지",2,O,4,O,1,O,3,O
Q09,기존,안전 I/O(Safety I/O) 포트를 사용하여 펜스나 라이트 커튼을 연결할 때 사용하는 입력 핀 번호는 무엇입니까?,안전 I/O/보호정지 배선,배선 확인형,TBSFT의 PR단자 (보호 정지),page_145_img_0_0.jpeg,1,O,"keyword:tbsft,보호,정지","1. 연결 | pages [133] | keyword:tbsft,보호,정지 | 컨트롤러 I/O 단자를 이용하여 매니퓰레이터와 티치펜던트 이외에 외부 장비를 컨트롤러와 연결하여 사용할 수 있습 니다 . 비상정지 스위치 , 라이트 커튼 , 안전 매트와 같은 안전기기와 더불어 공압용 솔밸브 , 릴레이 , PLC, 컨베이어 벨 트 엔코더 등 로봇 작업 셀을 구성할 때 필요한 다양한 주변기기를 연결할 수 있
2. (Safety I/O) | pages [32] | no_match keyword=0.00 semantic_rank=- | Handguiding Enable Switch (H) 동작 허가 장치 - 핸드가이딩 인에이블 스위치를 연결할 때 사용하는 작업 허가 신호입니 다 . High : 핸드가이딩 유효 Low : 핸드가이딩 불가 HGC End & Resume (R) 자동모드에서 핸드가이딩 명령어 실행시 , 태스크프로그램이 중지됩니다 . 사용자가
3. 원격 제어 모드 실행 절차 | pages [255] | no_match keyword=0.00 semantic_rank=- | 안전 출력 신호 STO( 안전 토크 오프 ), SOS( 안전 제한 속도 ) 신호 출력 포트를 지정합니다 . 제어 입력 신호 알아두기 각 신호에 대한 자세한 정보는 안전 신호 입출력 (Safety I/O) (p. 30) 을 참조하십시오 .
4. 설정 항목 | pages [252] | no_match keyword=0.20 semantic_rank=- | 안전 토크 오프 , 안전 작동 정지 , 비정상 , 비상 정지 시그널의 출력 포트를 저장할 수 있습니다 . Robot Parameter 모듈의 안전 출력 신호 항목에 안전 토크 오프 , 안전 작동 정지 , 비정상 , 비상 정지 신호가 이미 설 정되어 있는 경우 해당 설정이 적용됩니다 . 일반 출력 신호 안전 토크 오프 ,
5. 구성하기 | pages [143] | keyword:tbsft,정지 | Configurable 디지털 IO 를 Safety IO 로 사용할 경우 O01 & O02, … , O15 & O16, I01 & I02, .. I15 & I16 으로 인접한 두 개의 IO 단자를 동일 안전신호로 이중화하여 입출력 할 수 있습니다 . 안전용 접점 출력 단자 (TBSFT) 의 전용입력단자는 오직 접점형태 (
6. 6.7.3 Safety Settings | pages [211] | keyword:보호,정지 | 티치펜던트에 부착된 비상 정지 버튼을 누르거나 Safety I/O 에 연결한 안전 장치를 통해 로봇을 비상 정지할 수 있습 니다 . 티치펜던트 화면에서 Robot Parameters > Safety Settings > Safety I/O 기능을 활용하여 안전 장치를 비상 정지 또는 보호 정지로 연결할 수 있습니다 . 안전
7. 6.7.3 Safety Settings | pages [220] | keyword:보호,정지 | 안전 정지 / 해제 방법 티치펜던트에 부착된 비상 정지 버튼을 누르거나 Safety I/O 에 연결한 안전 장치를 통해 로봇을 비상 정지할 수 있습 니다 . 티치펜던트 화면에서 Robot Parameters > Safety Settings > Safety I/O 기능을 활용하여 안전 장치를 비상 정지 또는 보호 정지로 연
8. (Safety I/O) | pages [33] | no_match keyword=0.00 semantic_rank=- | 경고 이 기능을 사용하는 것이 안전한지 확인하기 위해 반드시 포괄적인 위험평가를 수행하십시오 .
9. (Safety I/O) | pages [31] | no_match keyword=0.20 semantic_rank=- | 이중화된 단자로 안전 관련 신호를 입출력하는 기능입니다 . 안전 입출력 신호 중 어느 하나라도 이중화된 신호가 다 른 것이 감지되면 단선이나 하드웨어 고장으로 판단하여 로봇을 STO 정지 모드로 정지시킵니다 . 안전 신호 입출력 (Safety I/O) 은 Robot Parameter> Safety Settings > Sa
10. 안전기능 | pages [21] | keyword:보호,정지 | 사용자 / 시스템 통합자는 두산로봇이 제공하는 다양한 안전 정격 정지기능 , 감시기능 및 인터페이스 기능을 사용하 여 , 작업자와 기계를 보호하고 , 다른 기계 및 안전 방호장치를 연결할 수 있습니다 . 각 안전 정격 정지기능 , 감시기능 및 인터페이스 기능은 ISO 13849-1 에서 설명하는 Category 3, Pe",1,O,"keyword:tbsft,보호,정지","1. 구성하기 | pages [145] | keyword:tbsft,보호,정지 | 컨트롤러의 안전 입출력 (Safety I/O) 은 안전장치 연결을 위한 이중화된 전용 접점입력단자로 구성되어 있습니다 . 이 단자는 용도에 따라 두 영역으로 나누어져 있습니다 . 하부 2 쌍의 External Emergency Contact In: 외부 비상 스위치 등 비상정지에 필요한 장치 연결 상부 2 쌍의 Prote
2. 연결 | pages [133] | keyword:tbsft,보호,정지 | 컨트롤러 I/O 단자를 이용하여 매니퓰레이터와 티치펜던트 이외에 외부 장비를 컨트롤러와 연결하여 사용할 수 있습 니다 . 비상정지 스위치 , 라이트 커튼 , 안전 매트와 같은 안전기기와 더불어 공압용 솔밸브 , 릴레이 , PLC, 컨베이어 벨 트 엔코더 등 로봇 작업 셀을 구성할 때 필요한 다양한 주변기기를 연결할 수 있
3. 구성하기 | pages [147] | semantic_rank:7 | Safety Controller 는 테스트펄스가 포함된 안전신호를 연결 가능한 전용 안전 입력단자 (SI1, SI2, SI3, SI4) 를 제공합 니다 . Protective Device 는 위험상황을 감지했을 때 로봇 등의 기계에 신호를 전달하기 위한 출력을 갖고있습니다 . Protective Device 는 이 신호의
4. 구성하기 | pages [143] | keyword:tbsft,정지 | Configurable 디지털 IO 를 Safety IO 로 사용할 경우 O01 & O02, … , O15 & O16, I01 & I02, .. I15 & I16 으로 인접한 두 개의 IO 단자를 동일 안전신호로 이중화하여 입출력 할 수 있습니다 . 안전용 접점 출력 단자 (TBSFT) 의 전용입력단자는 오직 접점형태 (
5. 6.7.3 Safety Settings | pages [215] | no_match keyword=0.20 semantic_rank=- | 항목 설명 10 Save 해당 설정을 저장할 수 있습니다 . Safety I/O 이중화된 단자로 안전 관련 신호를 입출력하는 기능입니다 . 안전 입출력 신호 중 어느 하나라도 이중화된 신호가 다 른 것이 감지되면 단선이나 하드웨어 고장으로 판단하여 로봇을 STO 정지 모드로 정지시킵니다 . 안전 신호 입출력 (Safety
6. 원격 제어 모드 실행 절차 | pages [255] | no_match keyword=0.00 semantic_rank=- | 안전 출력 신호 STO( 안전 토크 오프 ), SOS( 안전 제한 속도 ) 신호 출력 포트를 지정합니다 . 제어 입력 신호 알아두기 각 신호에 대한 자세한 정보는 안전 신호 입출력 (Safety I/O) (p. 30) 을 참조하십시오 .
7. 6.10.2 I/O Overview | pages [334] | no_match keyword=0.00 semantic_rank=- | 안전 입력 1. 컨트롤러에 연결된 기기의 포트 번호를 확인하십시오 . 해당 번호의 디지털 입력 상태에 따라 다음과 같이 표시됩니다 . 디지털 신호가 High 신호일 경우 , 아이콘의 색상이 연두색으로 표시됩니다 . 디지털 신호가 Low 신호일 경우 , 아이콘 색상이 회색으로 표시됩니다 . 알아두기 디지털 입력을 안전 입력
8. 구성하기 | pages [144] | page | VIO 와 GIO 는 컨트롤러 전면에 위치한 Safety Controller 의 디지털 I/O 에 사용되는 전원으로 , 컨트롤러 내부의 SMPS 에서 공급하는 VCC24V 와 GND 와 분리되어 있습니다 . 만약 , 사용자가 Configurable 디지털 I/O 용으로 2A 이하의 전류 를 사용하고 , IO 연결기기와 컨
9. 이동 및 설치를 위한 인양 지점 | pages [97] | no_match keyword=0.00 semantic_rank=- | 컨트롤러와 연결하여 사용할 안전 장비는 반드시 안전용 접점입력 단자 또는 Safety IO 로 설정한 Configurable 디지털 IO 에 이중신호로 연결하십시오 . 일반 IO 에 연결하거나 단일신호로 연결하여 사용 할 경우 , 규정된 안전수준을 달성할 수 없습니다 .
10. (Safety I/O) | pages [31] | no_match keyword=0.20 semantic_rank=- | 이중화된 단자로 안전 관련 신호를 입출력하는 기능입니다 . 안전 입출력 신호 중 어느 하나라도 이중화된 신호가 다 른 것이 감지되면 단선이나 하드웨어 고장으로 판단하여 로봇을 STO 정지 모드로 정지시킵니다 . 안전 신호 입출력 (Safety I/O) 은 Robot Parameter> Safety Settings > Sa",1,O,1,O,1,O,1,O
Q10,기존,티치 펜던트 화면에서 로봇의 현재 각 관절 각도를 수치로 확인하는 메뉴 경로는 무엇입니까?,티치 펜던트/상태 확인,메뉴 경로형,Status 모듈 내 I/O Overview,page_332_img_0_0.jpeg,3,O,keyword:모듈,"1. 기본 개념 알아보기 | pages [272] | no_match keyword=0.00 semantic_rank=- | 두산 로봇은 총 9 종류의 모션을 제공하고 있습니다 . 기본 모션인 MoveJ , MoveL 및 이 두 가지 모션에서 파생되는 7 가지의 모션으로 로봇의 움직임을 제어하게 됩니다 . 로봇 모션의 종류 Motion Feature 1 MoveJ 로봇의 각 관절이 현재 각도에서 목표 각도로 동시에 이동 후 동시에 멈춤 목표 관
2. 티치 펜던트를 사용할 경우 | pages [163] | no_match keyword=0.00 semantic_rank=- | 티치 펜던트 좌측 상단에 있는 전원 버튼을 길게 누르십시오 . 로봇 , 컨트롤러 , 티치 펜던트와 같은 시스템에 필요한 전원이 켜집니다 . 시스템의 전원이 켜지면 로봇의 상태 LED 가 점등됩니다 . 전원을 끄려면 티치 펜던트 화면의 종료 버튼을 누르거나 티치펜던트 좌측 상단에 있는 전원 버튼을 2 초 정도 길게 누르십시
3. 모듈 | pages [373] | keyword:모듈 | 조그 플러스 탭에서 사용자가 원하는 수동 이동의 방식을 선택할 수 있습니다 . 조그 (Jog) : 로봇의 관절 또는 TCP 를 사용자가 선택한 관절축 또는 좌표축 기준으로 이동 이동 (Move) : 로봇의 관절 또는 TCP 를 사용자가 입력한 목표위치로 이동 로봇의 이동은 크게 두 가지로 구별 됩니다 . 조인트 모션 :
4. 사용 시 주의사항 | pages [12] | no_match keyword=0.00 semantic_rank=- | 컨트롤러나 티치 펜던트에 오류가 나타나면 즉시 비상 정지시켜 오류가 발생한 원인을 확인한 후 오류 코드를 로그 화면에서 찾아 공급자에게 연락하십시오 . 로봇의 작동전에 로봇 사용 매뉴얼을 충분히 숙지한 후 사용하여 주시기 바랍니다 . 티치 펜던트에서 치명적인 에러를 경고하는 경우 즉시 로봇의 비상정지 스위치를 작동하여 로
5. 화면 | pages [379] | no_match keyword=0.00 semantic_rank=- | 로봇 베이스 기준으로 실행하기 로봇의 베이스 좌표를 기준으로 로봇을 이동하려면 : 1. 참조 좌표계를 베이스로 선택하십시오 . 태스크 패널에서 각도를 조절할 축 (X~RX) 을 선택하십시오 . 방향 버튼 (+,_) 을 길게 눌러 해당 축을 이동하십시오 . 월드 좌표계를 기준으로 실행하기 월드 좌표를 기준으로 로봇을 이동하
6. 시스템 전원 끄기 | pages [94] | no_match keyword=0.00 semantic_rank=- | MANDATORY EASY 1 MIN 시스템의 전원을 끄려면 티치 펜던트 화면의 종료 버튼을 누르거나 티치펜던트 좌측 상단에 있는 전원 버튼을 2 초 정 도 길게 누르십시오 . 화면에 전원 종료 팝업이 나타납니다 . 전원 종료 팝업에서 확인 버튼을 눌러 시스템을 정상적으로 종료합니다 .
7. 화면 | pages [388] | no_match keyword=0.00 semantic_rank=- | 메뉴 구성 항목 설명 1 로봇 자세 현재 로봇의 조인트 자세와 태스크 자세를 표시합니다 . 태스크 자 세의 경우 4 번에서 선택한 기준 좌표계에 따릅니다 .
8. 알아보기 | pages [175] | no_match keyword=0.00 semantic_rank=- | 속도 가변 : 경로는 지키지만 특이점 근처에서 감속합니다 .
9. 화면 | pages [378] | no_match keyword=0.00 semantic_rank=- | 로봇의 조인트 기준으로 실행하기 로봇의 조인트를 기준으로 각도를 조절하려면 : 1. 조인트 패널에서 각도를 조절할 축 (J1~J6) 을 선택하십시오 . 방향 버튼 ( , ) 을 길게 눌러 해당 축의 각도를 조절하십시오 .
10. 모듈 | pages [349] | keyword:모듈 | 메뉴 구성 항목 설명 1 목록 Setting 의 전체 메뉴 목록을 보여줍니다 . 2 현재 위치 현재 위치하고 있는 메뉴 목록은 파란색으로 표시됩니다 . 3 Lock 관리자 비밀번호가 있어야 사용 가능한 기능입니다 .",7,△,keyword:모듈,"1. 6.7.1 Robot Settings | pages [188] | no_match keyword=0.00 semantic_rank=- | 항목 설명 5 I/O 이름 최대 40 자로 이름 설정이 가능합니다 . Mount 로봇 설치 자세 (Mount) 메뉴에서 로봇 설치 자세를 설정할 수 있습니다 . 로봇이 평평한 바닥에 설치되는 경우에는 이 과정을 건너뛸 수 있습니다 . 로봇 설치 자세는 Robot Parameters > Robot Settings > Mou
2. 화면 | pages [381] | no_match keyword=0.00 semantic_rank=- | 메뉴 구성 항목 설명 16 기준 좌표계 선택 18 번 Task 좌표에 사용될 기준 좌표계를 선택합니다 . Base, World, User coordinate 를 선택할 수 있습니다 . 17 조인트 자세 현재 로봇 자세와 목표가 될 조인트 자세를 표시합니다 . 18 태스크 자세 선택한 기준 좌표계에 맞는 현재 로봇 자세와
3. 6.7.1 Robot Settings | pages [195] | no_match keyword=0.00 semantic_rank=- | 티치 펜던트 뒷면의 핸드가이드 버튼을 누르면 1 번 버튼을 누른 것과 동일하게 자율이동 모드로 로봇을 움직일 수 있 습니다 . 구속 모션 2 번과 3 번 버튼을 누른 상태에서는 임의의 방향으로 힘을 가하여도 로봇 끝단이 구속 조건과 일치하는 방향으로만 움직이게 됩니다 . 구속 조건은 그림과 같이 Z 축 고정 , 면 고정
4. 화면 | pages [388] | no_match keyword=0.00 semantic_rank=- | 메뉴 구성 항목 설명 1 로봇 자세 현재 로봇의 조인트 자세와 태스크 자세를 표시합니다 . 태스크 자 세의 경우 4 번에서 선택한 기준 좌표계에 따릅니다 .
5. 로봇 시스템 구성 및 설명 | pages [104] | no_match keyword=0.00 semantic_rank=- | 시스템 구성도 번호 이름 설명 1 티치펜던트 시스템 전체를 관리하는 기기로 로봇에게 특정 자세를 학습시키거나 매니퓰레이 터와 컨트롤러에 관련된 설정을 할 수 있습니다 . 2 컨트롤러 티치펜던트에서 설정한 자세나 움직임에 따라 로봇의 움직임을 조정합니다 . 다 양한 입출력 포트를 갖추고 있어 다양한 장비 및 장치를 연결하여
6. 사용 시 주의사항 | pages [12] | no_match keyword=0.00 semantic_rank=- | 컨트롤러나 티치 펜던트에 오류가 나타나면 즉시 비상 정지시켜 오류가 발생한 원인을 확인한 후 오류 코드를 로그 화면에서 찾아 공급자에게 연락하십시오 . 로봇의 작동전에 로봇 사용 매뉴얼을 충분히 숙지한 후 사용하여 주시기 바랍니다 . 티치 펜던트에서 치명적인 에러를 경고하는 경우 즉시 로봇의 비상정지 스위치를 작동하여 로
7. 프로그램 화면 구성 알아보기 | pages [165] | keyword:모듈 | 항목 설명 1 Header 자동 / 수동 모드 스위치 , 로봇 상태 , 로봇 파라미터 , 툴 설정 , 메뉴 , 시간 기능 을 제공하는 패널입니다 . 2 Body 실행한 모듈의 화면이 표시되는 패널입니다 . 3 Footer 서보 스위치 , 즐겨찾기 모듈 , 로봇 / 가상 모드 스위치 , 빠른 제어 , 프로그램 제어 , 로봇
8. 6.7.2 Tool Settings | pages [207] | keyword:모듈 | 로봇은 로봇 끝단의 TCP(Tool Center Point) 와 로봇 본체를 기준으로 공간 제한 위반 여부를 판단합니다 . 실제 로 봇에 설정된 TCP 보다 툴 형상이 더 큰 경우에는 툴 형상을 추가해야만 작업물과 툴을 보호할 수 있습니다 . 툴 형상을 너무 크게 설정하면 실제로 로봇을 움직일 수 있는 영역이 좁아지므로
9. 설정하기 | pages [359] | no_match keyword=0.00 semantic_rank=- | 메뉴 항목 항목 설명 1 Joint Check Box Auto Measure 할 Joint 를 선택합니다 . 2 Current 현재 로봇 자세를 표시합니다 . 3 Start Position Auto Measure 수행시 joint 가 시작될 자세를 입력합니다 . 선택하지 않 은 축도 입력이 필요합니다 . 4 Range 해
10. (CS-12P) | pages [398] | no_match keyword=0.00 semantic_rank=- | 시스템 구성도 번호 이름 설명 1 티치펜던트 시스템 전체를 관리하는 기기로 로봇에게 특정 자 세를 학습시키거나 매니퓰레이터와 컨트롤러에 관 련된 설정을 할 수 있습니다 . 2 컨트롤러 티치펜던트에서 설정한 자세나 움직임에 따라 로봇 의 움직임을 조정합니다 . 다양한 입출력 포트를 갖 추고 있어 다양한 장비 및 장치를 연결",7,△,,X,7,△,,X
Q11,기존,로봇을 천장(Ceiling)에 거꾸로 설치할 때 소프트웨어 설정 메뉴에서 입력해야 하는 마운팅 각도는 어떻게 설정합니까?,설치/마운팅 설정,설정 절차형,Y축 회전과 Z축 회전으로 각도 설정,page_188_img_0_0.jpeg,9,△,"keyword:회전과,회전,회전으로,각도; semantic_rank:13","1. 소프트웨어 복구 모드 사용하기 | pages [183] | no_match keyword=0.17 semantic_rank=- | 항목 설명 8 Joint/Task 원하는 값을 입력하여 로봇을 움직일 수 있습니다 . 소프트웨어 복구 모드를 사용하려면 : 1. 주 메뉴 창에서 Recovery 메뉴를 탭 하십시오 . Recovery 창에서 소프트웨어 복구 화면이 자동으로 활성화됩니다 . 소프트웨어 복구 화면 오른쪽 조인트 설정 창에서 각 조인트 버튼을
2. 툴 설치하기 | pages [93] | no_match keyword=0.00 semantic_rank=- | MANDATORY EASY 5 MIN M6 볼트 4 개를 이용하여 툴 플랜지에 툴을 고정하십시오 . 볼트를 고정할 때에는 9 Nm 의 토크로 볼트를 조이는 것을 권장합니다 . 로봇을 고정된 위치에 정확하게 설치해야 하는 경우에는 Φ 6 의 위치 결정 핀을 이용하면 원하는 위치에 설치할 수 있습니다 . 번호 항목 1 툴 2
3. 이동 및 설치를 위한 인양 지점 | pages [97] | no_match keyword=0.00 semantic_rank=- | 설치 장소로 로봇을 옮기고자 하는 경우에는 아래 음영 표시된 부분을 들어 이동하십시오 . 안전 사고 예방을 위하 여 반드시 해당 지역 또는 국가의 중량 운반 작업 기준을 확인하고 , 지침을 준수하여 운반하시기 바랍니다 . 운반 중 낙하에 의해 사고가 발생하지 않도록 주의하십시오 . 경고 당해 산업용 로봇은 산업안전보건기준
4. 모듈 활성화 및 비활성화 | pages [347] | no_match keyword=0.00 semantic_rank=- | 오프라인 상태일 경우 : Setting 모듈의 Installed Module List 메뉴에서 비활성화 하고자 하는 모듈의 옵션 버튼을 이용하여 비활성화할 수 있습니다 . 모듈 비활성화 코드를 발급받으면 모듈은 즉시 비활성화 상태가 됩니다 .
5. 모듈 활성화 및 비활성화 | pages [345] | no_match keyword=0.00 semantic_rank=- | Setting 모듈의 Installed Module List 메뉴에서도 활성화 하고자 하는 모듈의 옵션 버튼을 이용하여 활성화 할 수 있 습니다 . 오프라인 상태일 경우 : Setting 모듈의 Installed Module List 메뉴에서 활성화 하고자 하는 모듈의 옵션 버튼을 이용하여 활성화할 수 있습 니다 . 모듈
6. 모듈 | pages [181] | no_match keyword=0.17 semantic_rank=- | Recovery Module: 안전 위반이 지속되는 오류가 발생하거나 운반 / 운송을 위해 로봇을 포장할 경우 안전복구 모드를 이용해 사용자가 지정한 위치와 각도로 로봇을 설정할 수 있습니다 . Recovery 모듈은 하단의 Recovery 버튼을 통해 들어갈 수 있습니다 . 소프트웨어 복구 : 로봇이 운전 영역을 벗어나
7. 설치 환경 | pages [113] | no_match keyword=0.00 semantic_rank=- | 로봇을 설치할 때 , 로봇이 충분히 움직일 수 있도록 공간을 확보해야 합니다 . 로봇의 작업 영역을 확인하여 외부와 부 딪히지 않도록 하십시오 .
8. 모듈 활성화 및 비활성화 | pages [346] | no_match keyword=0.00 semantic_rank=- | 비활성화 온라인 상태일 경우 : Setting 모듈의 Installed Module List 메뉴에서 비활성화 하고자 하는 모듈의 옵션 버튼을 이용하여 비활성화할 수 있습니다 . 해당 작업 실행 시 비활성화 하려는 유료 모듈 정보와 스토어 로그인 아이디가 일치해야 합니다 . 스토어에 로그인 되 어있지 않거나 , 인증 정보
9. 6.7.1 Robot Settings | pages [188] | keyword:회전과,회전,회전으로,각도; semantic_rank:13 | 항목 설명 5 I/O 이름 최대 40 자로 이름 설정이 가능합니다 . Mount 로봇 설치 자세 (Mount) 메뉴에서 로봇 설치 자세를 설정할 수 있습니다 . 로봇이 평평한 바닥에 설치되는 경우에는 이 과정을 건너뛸 수 있습니다 . 로봇 설치 자세는 Robot Parameters > Robot Settings > Mou
10. 소프트웨어 복구 모드 사용하기 | pages [183] | no_match keyword=0.17 semantic_rank=18 | 설정 값을 변경하면 왼쪽 시뮬레이션 창에 실시간으로 반영됩니다 . 설정이 완료되면 왼쪽 상단의 X 버튼을 탭 해 창을 닫으십시오 . 주의 소프트웨어 복구 모드는 조인트 각도 제한이 3 도를 초과한 상태에서 사용할 수 없습니다 .",1,O,"keyword:회전과,회전,회전으로,각도; semantic_rank:13","1. 6.7.1 Robot Settings | pages [188] | keyword:회전과,회전,회전으로,각도; semantic_rank:13 | 항목 설명 5 I/O 이름 최대 40 자로 이름 설정이 가능합니다 . Mount 로봇 설치 자세 (Mount) 메뉴에서 로봇 설치 자세를 설정할 수 있습니다 . 로봇이 평평한 바닥에 설치되는 경우에는 이 과정을 건너뛸 수 있습니다 . 로봇 설치 자세는 Robot Parameters > Robot Settings > Mou
2. 모듈 | pages [181] | no_match keyword=0.17 semantic_rank=- | Recovery Module: 안전 위반이 지속되는 오류가 발생하거나 운반 / 운송을 위해 로봇을 포장할 경우 안전복구 모드를 이용해 사용자가 지정한 위치와 각도로 로봇을 설정할 수 있습니다 . Recovery 모듈은 하단의 Recovery 버튼을 통해 들어갈 수 있습니다 . 소프트웨어 복구 : 로봇이 운전 영역을 벗어나
3. 명령어 예제 따라하기 | pages [289] | semantic_rank:7 | 3 번 줄의 MoveJ 명령어를 선택하십시오 18. 속성 (Property) 탭을 선택하십시오 . MoveJ 의 목표 위치를 (0, 0, 90, 0, 90, 0)deg 로 수정하십시오 . 로봇의 설치 공간에 따라 J1 의 각도는 변경해도 상관 없습니다 .
4. 소프트웨어 복구 모드 사용하기 | pages [183] | no_match keyword=0.17 semantic_rank=- | 항목 설명 8 Joint/Task 원하는 값을 입력하여 로봇을 움직일 수 있습니다 . 소프트웨어 복구 모드를 사용하려면 : 1. 주 메뉴 창에서 Recovery 메뉴를 탭 하십시오 . Recovery 창에서 소프트웨어 복구 화면이 자동으로 활성화됩니다 . 소프트웨어 복구 화면 오른쪽 조인트 설정 창에서 각 조인트 버튼을
5. 화면 | pages [378] | semantic_rank:1 | 로봇의 조인트 기준으로 실행하기 로봇의 조인트를 기준으로 각도를 조절하려면 : 1. 조인트 패널에서 각도를 조절할 축 (J1~J6) 을 선택하십시오 . 방향 버튼 ( , ) 을 길게 눌러 해당 축의 각도를 조절하십시오 .
6. 소프트웨어 복구 모드 사용하기 | pages [183] | no_match keyword=0.17 semantic_rank=18 | 설정 값을 변경하면 왼쪽 시뮬레이션 창에 실시간으로 반영됩니다 . 설정이 완료되면 왼쪽 상단의 X 버튼을 탭 해 창을 닫으십시오 . 주의 소프트웨어 복구 모드는 조인트 각도 제한이 3 도를 초과한 상태에서 사용할 수 없습니다 .
7. 안전검사 고시 | pages [47] | no_match keyword=0.00 semantic_rank=- | 수동 리셋 , 기동과 재기동 로봇 시스템은 예기치 않은 기동을 방지하기 위하여 다음 각 목에 적합할 것 가 . 기동과 재기동은 모든 안전기능 및 보호 대책이 정상 작동 시에만 가 능할 것 나 . 동력 공급이 중단되었다가 재개되는 경우 위험한 동작이 자동으로 시 작되는 것을 방지하기 위하여 기동 연동 장치가 설치되어야 하며
8. 설치 장소 확인하기 | pages [113] | no_match keyword=0.00 semantic_rank=- | 로봇을 설치할 때 , 로봇이 충분히 움직일 수 있도록 공간을 확보해야 합니다 . 로봇의 작업 영역을 확인하여 외부 물체 와 부딪히지 않도록 하십시오 . 바닥이 단단하고 수평인 장소에 설치하십시오 . 누수가 발생하지 않고 온도와 습도가 일정하게 유지될 수 있는 장소에 설치하십시오 . 로봇 설치 장소 주변에 인화성 및 폭발
9. 로봇 베이스 고정하기 | pages [84] | no_match keyword=0.00 semantic_rank=- | 로봇을 고정된 위치에 정확하게 설치해야 하는 경우에는 2 개의 Φ 5 의 위치 결정 핀을 이용하면 원하는 위치에 설치 할 수 있습니다 . 주의 케이블을 연결할 때 , 핀 부분이 휘지 않도록 연결부 모양을 잘 확인한 후 연결하십시오 . 전자파 노이즈의 영향을 받거나 다른 기기에 영향을 줄 경우 정상적인 사용을 위해 페라이트
10. 패키징 자세 해제하기 | pages [90] | no_match keyword=0.17 semantic_rank=- | MANDATORY EASY 3 MIN 로봇은 운반이나 포장에 용이하도록 패키징 자세로 설정되어 있습니다 . 로봇을 사용하려면 패키징 자세를 해제해야 합니다 . 패키징 자세에서는 로봇이 로봇 각도 제한치 (Joint Angle Limit) 를 초과하는 자세를 유지하기 때문에 안전 제 한치 위반으로 서보 온 상태로 전환하는",1,O,1,O,1,O,1,O
Q12,기존,전원이 꺼진 상태나 비상시 조작기 각 관절의 브레이크(Brake)를 수동으로 해제하는 방법은 무엇입니까?,비상/Backdrive,비상 조작형,Backdrive 모듈 사용,page_178_img_0_0.jpeg,1,O,keyword:모듈,"1. 안전정격 정지하위기능 | pages [22] | keyword:모듈 | 안전정격 정지 하위기능은 안전정격 감시기능 (p. 24) 이 제한치 위반을 감지하였을때 , 안전정격 정지기능 (p. 22) 의 전용 입력단자로 정지입력이 수신되었을 때 , 또는 안전정격 입출력 (p. 26) 에 안전정지기능이 설정되고 정지입력이 수신되 었을 때 로봇을 정지시키는데 사용됩니다 . 안전 기능 기능 설명 PFH
2. 툴 설치하기 | pages [93] | no_match keyword=0.00 semantic_rank=- | 툴을 결합하는 방법은 툴마다 다를 수 있습니다 . 자세한 방법은 툴 제조사에서 제공하는 매뉴얼을 참조 하십시오
3. 유지보수 | pages [162] | no_match keyword=0.00 semantic_rank=- | 전원 케이블을 분리하고 매니퓰레이터 또는 컨트롤러에 연결된 다른 전력 공급원에서 전력이 공급되지 않도록 합 니다 . 보수 작업 중 시스템에 전원을 연결하지 마십시오 . 시스템에 다시 전원 공급을 하기 전에는 반드시 접지를 확인하십시오 . 매니퓰레이터 또는 컨트롤러의 부품을 해체할 때에는 ESD 규정을 준수하여 작업하십시오
4. 알아보기 | pages [173] | no_match keyword=0.00 semantic_rank=- | 다관절 로봇에서 특이점 (Singularity) 란 간단하게 설명하면 로봇이 이동 중 자신의 다음 자세를 계산하기 어려워하는 위치 ( 또는 점 ) 입니다 . 다관절 로봇의 경우 로봇의 끝단을 기준으로 이동하는 동안의 각 관절의 각도를 계산합니다 . 예를 들면 아래 그림 1 의 상태에서 로봇이 빨간 점으로 이동하고자 할 때
5. (CS-12P) | pages [399] | no_match keyword=0.00 semantic_rank=- | 명판과 라벨 설치하기 (CS-12P) 설치 시 주의사항 주의 컨트롤러를 설치하기 전에 충분한 설치 공간을 확보하십시오 . 공간이 확보되지 않은 장소에 설치할 경우 , 컨트롤러 가 손상되거나 매니퓰레이터 및 티치펜던트 케이블이 단선될 수 있습니다 . 제품의 전원을 연결할 때 , 입력 전원을 확인한 후 연결하십시오 . 입력
6. 티치 펜던트를 사용할 경우 | pages [163] | no_match keyword=0.00 semantic_rank=- | 티치 펜던트 좌측 상단에 있는 전원 버튼을 길게 누르십시오 . 로봇 , 컨트롤러 , 티치 펜던트와 같은 시스템에 필요한 전원이 켜집니다 . 시스템의 전원이 켜지면 로봇의 상태 LED 가 점등됩니다 . 전원을 끄려면 티치 펜던트 화면의 종료 버튼을 누르거나 티치펜던트 좌측 상단에 있는 전원 버튼을 2 초 정도 길게 누르십시
7. 색상 | pages [19] | keyword:backdrive | 기타 상태 모드 상태 설명 플랜지 and/or 베이스 LED - Backdrive Hold 6 개 축의 브레이크가 모두 체결되어 , 무동력동작 잠김상태입 니다 . 노란색 깜박임 Backdrive Release 브레이크 해제를 선택하여 1 개 이상 조인트의 브레이크가 풀 린 상태입니다 . 브레이크를 다시 체결하지 않은 상태
8. 6.7.3 Safety Settings | pages [211] | no_match keyword=0.00 semantic_rank=- | 티치펜던트에 부착된 비상 정지 버튼을 누르거나 Safety I/O 에 연결한 안전 장치를 통해 로봇을 비상 정지할 수 있습 니다 . 티치펜던트 화면에서 Robot Parameters > Safety Settings > Safety I/O 기능을 활용하여 안전 장치를 비상 정지 또는 보호 정지로 연결할 수 있습니다 . 안전
9. 하드웨어 설치 | pages [115] | no_match keyword=0.00 semantic_rank=- | 로봇을 사용하기 전에 시스템 필수 요소인 로봇 , 컨트롤러 , 티치펜던트를 작업 영역에 설치하고 전원을 연결해야 합 니다 . 각 요소를 설치하는 방법은 아래와 같습니다 .
10. 6.7.3 Safety Settings | pages [220] | no_match keyword=0.00 semantic_rank=- | 안전 정지 / 해제 방법 티치펜던트에 부착된 비상 정지 버튼을 누르거나 Safety I/O 에 연결한 안전 장치를 통해 로봇을 비상 정지할 수 있습 니다 . 티치펜던트 화면에서 Robot Parameters > Safety Settings > Safety I/O 기능을 활용하여 안전 장치를 비상 정지 또는 보호 정지로 연",1,O,"keyword:backdrive,모듈; semantic_rank:2","1. 모듈 | pages [179] | keyword:backdrive,모듈; semantic_rank:2 | 항목 설명 4 On/Off 토글 버튼 각 조인트마다 활성화 여부를 선택 가능합니다 . Backdrive 모드를 설정하는 방법은 아래와 같습니다 . 주 메뉴에서 상태 버튼을 탭 한 후 Backdrive 버튼을 탭 하십시오 . Backdrive 버튼이 활성화되지 않는다면 비상 정지 버튼을 눌렀다 해제하거나 서보 Off 버튼을
2. 기타 안전 대책 | pages [42] | keyword:backdrive,모듈 | 무동력동작 : 모터 구동 전원을 차단한 상태로 브레이크만을 해제하여 외력에 의해 로봇의 조인트를 움직이는 기능 입니다 . 안전복구 모드나 핸드가이딩으로 로봇을 정상 상태로 복귀시킬 수 없는 경우에 사용할 수 있습니다 . 무동 력동작 모드를 실행하면 로봇의 각 조인트의 브레이크를 사용자가 해제하거나 체결할 수 있습니다 .
3. 모듈 | pages [178] | keyword:backdrive,모듈; semantic_rank:1 | Backdrive 란 모터 구동 전원을 차단한 상태로 브레이크만을 해제하여 외력에 의해 로봇의 조인트를 움직일 수 있습 니다 . Recovery 모드나 핸드가이딩으로 로봇을 정상 상태로 복귀시킬 수 없는 경우에 사용할 수 있습니다 . Backdrive 모드를 실행하면 로봇의 각 조인트의 브레이크를 사용자가 해제하거나 체결
4. 색상 | pages [19] | keyword:backdrive | 기타 상태 모드 상태 설명 플랜지 and/or 베이스 LED - Backdrive Hold 6 개 축의 브레이크가 모두 체결되어 , 무동력동작 잠김상태입 니다 . 노란색 깜박임 Backdrive Release 브레이크 해제를 선택하여 1 개 이상 조인트의 브레이크가 풀 린 상태입니다 . 브레이크를 다시 체결하지 않은 상태
5. 전원 끄기 | pages [125] | no_match keyword=0.00 semantic_rank=- | 로봇과 컨트롤러를 청소하거나 유지 보수를 위해 분해할 경우에는 반드시 전원 스위치를 눌러 전원을 차단하십시오 .
6. 비상 정지 버튼 해제하기 | pages [89] | no_match keyword=0.00 semantic_rank=- | MANDATORY EASY 1 MIN 로봇 설치 후 첫 부팅이 완료되면 , 티치펜던트의 비상 정지 버튼이 눌려 있어 경고 팝업이 나타납니다 . 이때 , 비상 정 지 버튼을 해제해야 로봇을 사용할 수 있습니다 . 비상 정지 버튼을 시계 방향으로 돌려서 비상 정지 상태를 해제하십시오 .
7. 안전정격 정지하위기능 | pages [22] | no_match keyword=0.00 semantic_rank=- | 로봇의 브레이크는 감속을 위한 제동 용도가 아니라 구동력이 상실 ( 전원 차단 등 ) 되었을 때 현재 자세를 유 지하는 용도입니다 . STO 를 빈번히 사용할 경우 브레 이크 마모나 감속기 수명이 단축될 수 있으므로 불가 피한 경우가 아니면 SS1 사용을 권장합니다 .
8. 6.7.1 Robot Settings | pages [194] | no_match keyword=0.00 semantic_rank=- | Cockpit 직접 교시는 로봇의 끝단을 손으로 잡고 직접 로봇을 밀거나 당겨서 원하는 자세로 움직이고 그 위치를 현재 선택한 모션에 적용하기 위해 사용합니다 . 직접 교시 방식은 크게 두 가지로 구분됩니다 . 자율이동 (Freedrive) : 사용자가 가한 힘의 방향으로 로봇의 각 관절이 이동 구속모션 (Constrai
9. 로봇의 모드 | pages [16] | no_match keyword=0.00 semantic_rank=- | 수동 모드에서는 Robot Parameter 로 로봇의 주변 장치에 대한 설정하거나 Task Editor 를 통해 로봇의 태스크 프로 그래밍을 할 수 있으며 , 로봇이 안전 제한치 초과 등의 이유로 정상 조작이 불가능할 때 정상 상태로 움직이기 위한 복 구 기능을 사용할 수 있습니다 . 자동 모드 (Automatic Mo
10. 색상 | pages [17] | no_match keyword=0.00 semantic_rank=- | 모드 상태 설명 플랜지 and/or 베이스 LED Recovery Jogging 축별 조그를 이용해 안전 제한치 초과 상태에서 벗어날 수 있 습니다 . 노란색 깜박임 Recovery Handguiding 매니퓰레이터를 손으로 직접 움직여서 안전 제한치 초과 상태 를 벗어 날 수 있습니다 . 노락색 깜박임 Interrupt",1,O,2,O,1,O,2,O
Q13,기존,티치 펜던트의 전원을 강제로 종료하는 물리적 버튼 조작법은 무엇입니까?,티치 펜던트/전원 조작,조작 절차형,전원 버튼을 4초 이상 길게 누름,page_24_img_0_0.jpeg,1,O,"keyword:전원,버튼을,버튼,이상,길게; semantic_rank:3","1. 티치 펜던트를 사용할 경우 | pages [163] | keyword:전원,버튼을,버튼,이상,길게; semantic_rank:3 | 티치 펜던트 좌측 상단에 있는 전원 버튼을 길게 누르십시오 . 로봇 , 컨트롤러 , 티치 펜던트와 같은 시스템에 필요한 전원이 켜집니다 . 시스템의 전원이 켜지면 로봇의 상태 LED 가 점등됩니다 . 전원을 끄려면 티치 펜던트 화면의 종료 버튼을 누르거나 티치펜던트 좌측 상단에 있는 전원 버튼을 2 초 정도 길게 누르십시
2. 배선 연결하기 | pages [94] | keyword:전원,버튼을,버튼,이상,길게; semantic_rank:1 | 주의 전원 버튼을 4 초 이상 길게 누르는 경우 전원이 강제로 종료됩니다 . 강제로 전원을 종료하는 경우 , 로봇 및 컨트롤러의 고장의 원인이 될 수 있습니다 . 주의 툴과 그리퍼를 연결할 때에는 로봇 전원을 차단하고 작업을 하십시오 .
3. 사용 시 주의사항 | pages [12] | semantic_rank:6 | 로봇 및 컨트롤러의 작동 중에 로봇의 전원 플러그를 뽑거나 전원을 강제로 종료하는 경우 로봇 및 컨트 롤러의 고장의 원인이 될 수 있습니다 . 컨트롤러는 눕혀 놓고 사용하지 마십시오 . 덮개를 연 후 작업 시 부주의로 덮개가 닫혀 손 끼임 발생할 수 있으니 세워서 작업을 수행하십시오 . 위험 로봇에 이상이 생긴 경우 절대
4. 사용 시 주의사항 | pages [13] | semantic_rank:15 | 직접교시 기능을 사용하기 전에 툴에 관련된 입력사항 ( 툴의 길이 , 무게 , 무게중심 등 ) 을 정확하게 입력 하십시오 . 실제 툴의 사양과 다른 정보가 입력되는 경우 직접교시 기능의 오류가 발생하거나 , 오동작을 유발할 수 있습니다 . 사용자의 안전을 위해 직접교시 기능 사용시 관절이 일정 속도 이상으로 작동되거나 T
5. (Safety Stop Modes) | pages [36] | no_match keyword=0.14 semantic_rank=- | 안전 정지 모드 설명 1 비상 정지 (Emergency Stop) 티치 펜던트의 비상 정지 버튼 또는 추가적으로 설치된 외부 장치가 작 동하였을 때의 정지 모드를 설정합니다 . (STO 또는 SS1 만 선택할 수 있 습니다 .) 2 보호 정지 (Protective Stop) 외부에 연결된 보호 장비를 작동하였을 때의 정지
6. 시스템 전원 끄기 | pages [94] | keyword:전원,버튼을,버튼,길게; semantic_rank:4 | MANDATORY EASY 1 MIN 시스템의 전원을 끄려면 티치 펜던트 화면의 종료 버튼을 누르거나 티치펜던트 좌측 상단에 있는 전원 버튼을 2 초 정 도 길게 누르십시오 . 화면에 전원 종료 팝업이 나타납니다 . 전원 종료 팝업에서 확인 버튼을 눌러 시스템을 정상적으로 종료합니다 .
7. 로봇 시스템 구성 및 설명 | pages [103] | no_match keyword=0.29 semantic_rank=- | 티치펜던트 No. 항목 설명 1 전원 버튼 티치펜던트의 주 전원을 켜거나 끌 수 있습니다 . 자세한 내용은 시스템 전원 온 / 오프 (p. 162) 를 참고하십시오 .
8. 안전정격 정지기능 | pages [23] | no_match keyword=0.00 semantic_rank=- | 안전 기능 안전기능 동작조건 Triggering Event 의도된 동작 Intended Result PFHd PL, SIL 1 Emergency Stop TBSFT 의 EM 단자에 연결된 비상 정지 스위치가 눌린 경 우 티치 펜던트의 비상 정지 스 위치가 눌린 경우 설정된 안전 정지모드에 따 라 비상정지합니다 . STO
9. 모듈 | pages [179] | keyword:전원,버튼을,버튼,이상,길게 | 항목 설명 4 On/Off 토글 버튼 각 조인트마다 활성화 여부를 선택 가능합니다 . Backdrive 모드를 설정하는 방법은 아래와 같습니다 . 주 메뉴에서 상태 버튼을 탭 한 후 Backdrive 버튼을 탭 하십시오 . Backdrive 버튼이 활성화되지 않는다면 비상 정지 버튼을 눌렀다 해제하거나 서보 Off 버튼을
10. 알아보기 | pages [169] | keyword:전원,버튼을,버튼 | 항목 설명 8 메뉴 버튼 메뉴 버튼을 클릭하면 아래와 같은 메뉴들이 표시됩니다 . 작업자 : 작업자 권한으로 변경합니다 . 관리자 : 관리자 권한으로 변경합니다 . 관리자 권한으로 변경 시 관리자 비밀번호를 입력해야 합니다 . 무동력 동작 모드 : Backdrive 모듈을 실행 합니다 . 복구 모드 : Recovery 모",1,O,"keyword:전원,버튼을,버튼,이상,길게; semantic_rank:3","1. 티치 펜던트를 사용할 경우 | pages [163] | keyword:전원,버튼을,버튼,이상,길게; semantic_rank:3 | 티치 펜던트 좌측 상단에 있는 전원 버튼을 길게 누르십시오 . 로봇 , 컨트롤러 , 티치 펜던트와 같은 시스템에 필요한 전원이 켜집니다 . 시스템의 전원이 켜지면 로봇의 상태 LED 가 점등됩니다 . 전원을 끄려면 티치 펜던트 화면의 종료 버튼을 누르거나 티치펜던트 좌측 상단에 있는 전원 버튼을 2 초 정도 길게 누르십시
2. 시스템 전원 끄기 | pages [94] | keyword:전원,버튼을,버튼,길게; semantic_rank:4 | MANDATORY EASY 1 MIN 시스템의 전원을 끄려면 티치 펜던트 화면의 종료 버튼을 누르거나 티치펜던트 좌측 상단에 있는 전원 버튼을 2 초 정 도 길게 누르십시오 . 화면에 전원 종료 팝업이 나타납니다 . 전원 종료 팝업에서 확인 버튼을 눌러 시스템을 정상적으로 종료합니다 .
3. 안전정격 정지기능 | pages [24] | no_match keyword=0.29 semantic_rank=17 | 비상 정지 사용자는 비상 상황에 대비하여 시스템을 정지시킬 수 있는 비상정지 버튼을 사용할 수 있습니다 . 비상 상황에서는 티치펜던트 우측 상단에 있는 비상정지 버튼을 눌러 시스템을 즉시 정지하십시오 . 보호 정지 안전매트 등의 압력식 방호 장치 (Pressure sensitive preotective equipment)
4. 테스트하기 | pages [95] | semantic_rank:7 | MANDATORY NORMAL 10 MIN 티치펜던트에서는 플랜지 I/O 에 연결된 툴의 동작을 테스트할 수 있는 기능을 제공하고 있습니다 . 전원을 차단했을 때 툴에서 작업물이 낙하하는 등의 위험 상황이 발생하지 않도록 툴과 그리퍼를 구성 하십시오 . A 시리즈의 경우 로봇이 서보 오프될 때 Flange I/O 의 24
5. 6.7.3 Safety Settings | pages [211] | no_match keyword=0.29 semantic_rank=- | 티치펜던트에 부착된 비상 정지 버튼을 누르거나 Safety I/O 에 연결한 안전 장치를 통해 로봇을 비상 정지할 수 있습 니다 . 티치펜던트 화면에서 Robot Parameters > Safety Settings > Safety I/O 기능을 활용하여 안전 장치를 비상 정지 또는 보호 정지로 연결할 수 있습니다 . 안전
6. 6.7.3 Safety Settings | pages [220] | no_match keyword=0.29 semantic_rank=- | 안전 정지 / 해제 방법 티치펜던트에 부착된 비상 정지 버튼을 누르거나 Safety I/O 에 연결한 안전 장치를 통해 로봇을 비상 정지할 수 있습 니다 . 티치펜던트 화면에서 Robot Parameters > Safety Settings > Safety I/O 기능을 활용하여 안전 장치를 비상 정지 또는 보호 정지로 연
7. 비상 정지 버튼 해제하기 | pages [89] | semantic_rank:14 | MANDATORY EASY 1 MIN 로봇 설치 후 첫 부팅이 완료되면 , 티치펜던트의 비상 정지 버튼이 눌려 있어 경고 팝업이 나타납니다 . 이때 , 비상 정 지 버튼을 해제해야 로봇을 사용할 수 있습니다 . 비상 정지 버튼을 시계 방향으로 돌려서 비상 정지 상태를 해제하십시오 .
8. 컨트롤러 전원 켜기 | pages [88] | keyword:전원,버튼,길게; semantic_rank:13 | MANDATORY EASY 1 MIN 1. 컨트롤러 하단에 있는 전원 스위치를 누르십시오 . 로봇 , 컨트롤러 , 티치펜던트와 같은 시스템에 필요한 전원이 켜 집니다 . 티치펜던트 화면이 켜질 때까지 전원 버튼 ( 그림 2 번 ) 을 길게 누르십시오 . 로봇 제어기와의 네트워크 연결이 완료될 때까지 티치펜던트 LED( 그
9. 6.7.1 Robot Settings | pages [195] | no_match keyword=0.29 semantic_rank=- | 티치 펜던트 뒷면의 핸드가이드 버튼을 누르면 1 번 버튼을 누른 것과 동일하게 자율이동 모드로 로봇을 움직일 수 있 습니다 . 구속 모션 2 번과 3 번 버튼을 누른 상태에서는 임의의 방향으로 힘을 가하여도 로봇 끝단이 구속 조건과 일치하는 방향으로만 움직이게 됩니다 . 구속 조건은 그림과 같이 Z 축 고정 , 면 고정
10. 로봇 시스템 구성 및 설명 | pages [103] | no_match keyword=0.29 semantic_rank=- | 티치펜던트 No. 항목 설명 1 전원 버튼 티치펜던트의 주 전원을 켜거나 끌 수 있습니다 . 자세한 내용은 시스템 전원 온 / 오프 (p. 162) 를 참고하십시오 .",1,O,5,O,1,O,9,△
Q14,기존,로봇이 특이점(Singularity) 영역에 도달했을 때 제어를 보호하기 위해 발생하는 현상은 무엇입니까?,안전/특이점/동작 제한,안전 상태형,조인트 속력/각도 제한 위반으로 에러 발생 후 정지,page_173_img_1_0.jpeg,1,O,"keyword:조인트,각도,제한,위반,에러,발생","1. 알아보기 | pages [174] | keyword:조인트,각도,제한,위반,에러,발생 | 특이점 근처에서는 로봇의 움직임이 평면 , 점 , 직선에 해당하여 움직임이 원활하지 않고 로봇 끝단의 직선 이동이 유 지되지 않을 수 있으며 제어 시 위치 오차가 증가할 수 있습니다 . 로봇 관절이 일직선인 경우를 포함하여 그림에서 보 는 것과 같이 3 가지 경우에 특이점이 발생합니다 . 손목 특이점 (Wrist Sing
2. 알아보기 | pages [173] | page | 다관절 로봇에서 특이점 (Singularity) 란 간단하게 설명하면 로봇이 이동 중 자신의 다음 자세를 계산하기 어려워하는 위치 ( 또는 점 ) 입니다 . 다관절 로봇의 경우 로봇의 끝단을 기준으로 이동하는 동안의 각 관절의 각도를 계산합니다 . 예를 들면 아래 그림 1 의 상태에서 로봇이 빨간 점으로 이동하고자 할 때
3. 기본 개념 알아보기 | pages [275] | no_match keyword=0.11 semantic_rank=- | Type MoveJ MoveL 1 이동 방 식 로봇의 모든 관절이 현재 각도에서 목표 각 도로 동시에 이동 후 동시에 멈춤 로봇 끝단의 TCP 가 선택한 좌표계에 대해 선형 모션 (Linear motion) 으로 이동 2 장점 이동 속도가 빠름 로봇 특이점 (Singularity) 의 영향을 받지 않 음 TCP 의 이동
4. 힘 제어 개념 알아보기 | pages [277] | keyword:제한,발생,정지 | 순응 (Compliance) 제어 순응 제어 (Compliance Control) 란 로봇 끝단의 TCP 에 힘이 가해질 때 설정된 강성에 따라 외력에 순응 하는 기능입 니다 . 목표점에서 힘 평형을 이루며 평형점을 기준으로 변위가 발생했을 때 반력 발생하는 제어 방식이며 순응 제어 를 상태에서는 로봇 끝단이 마치 용수철
5. 힘 제어 개념 알아보기 | pages [279] | no_match keyword=0.22 semantic_rank=20 | 비동기 모션 또는 블렌딩 모션이 실행되는 동안 Compliance On 또는 Off 할 수 없습니다 . Compliance 명령어 On 상태에는 선형 모션만 허용됩니다 . MoveJ, MoveSJ 와 같은 조인트 모션은 허용 되지 않습니다 . Compliance 명령어 On 상태에는 Tool 무게 또는 TCP 를 변경할
6. 알아보기 | pages [175] | no_match keyword=0.00 semantic_rank=- | 속도 가변 : 경로는 지키지만 특이점 근처에서 감속합니다 .
7. 하드웨어 설치 | pages [115] | no_match keyword=0.00 semantic_rank=- | 로봇을 사용하기 전에 시스템 필수 요소인 로봇 , 컨트롤러 , 티치펜던트를 작업 영역에 설치하고 전원을 연결해야 합 니다 . 각 요소를 설치하는 방법은 아래와 같습니다 .
8. 일반 주의사항 | pages [11] | no_match keyword=0.11 semantic_rank=- | 로봇을 사용하며 발생할 수 있는 일반적인 위험 및 경고 사항에 대해 설명합니다 . 경고 로봇과 전기 장치를 설치하는 경우 설치 매뉴얼을 참조하여 설치 하십시오 . 경고 로봇의 설치 시 툴에 장치를 장착하는 경우 적절한 볼트를 사용하여 체결하십시오 . 로봇의 설치 시에는 작업자와 로봇을 운용하는 사람을 보호하기 위한 안전
9. 로봇 시리즈 별 힘 모니터링 기능 제한 | pages [173] | page | 기능 A/E 시리즈 ( 전류 기반 ) A 시리 즈 S ( 전 류 , FTS 기반 ) M 시리즈 (JTS 기 반 ) H 시리즈 (JTS 기반 ) P 시리즈 (JTS 기반 ) 힘 모 니터 링 (DRL 명령 어 사 용시 : check _force _ condit ion()) O ( 특이점 구간 힘 값 '0' 으로 표시 ) O
10. 로봇 시리즈 별 힘 모니터링 기능 제한 | pages [172] | no_match keyword=0.11 semantic_rank=- | 티치 펜던트와 DART-Studio 에서 힘 데이터를 모니티링할 수 있습니다 . 또한 , DRL 명령어 (check_force_condition()) 를 사용하여 외부에서도 힘 데이터를 모니터링할 수 있습니다 . 팔레타이징 (Palletizing) 모드가 ‘ON’ 인 경우 : H, P 시리즈를 제외한 모든 시리즈에서 제어",1,O,page,"1. 알아보기 | pages [173] | page | 다관절 로봇에서 특이점 (Singularity) 란 간단하게 설명하면 로봇이 이동 중 자신의 다음 자세를 계산하기 어려워하는 위치 ( 또는 점 ) 입니다 . 다관절 로봇의 경우 로봇의 끝단을 기준으로 이동하는 동안의 각 관절의 각도를 계산합니다 . 예를 들면 아래 그림 1 의 상태에서 로봇이 빨간 점으로 이동하고자 할 때
2. 알아보기 | pages [174] | keyword:조인트,각도,제한,위반,에러,발생 | 특이점 근처에서는 로봇의 움직임이 평면 , 점 , 직선에 해당하여 움직임이 원활하지 않고 로봇 끝단의 직선 이동이 유 지되지 않을 수 있으며 제어 시 위치 오차가 증가할 수 있습니다 . 로봇 관절이 일직선인 경우를 포함하여 그림에서 보 는 것과 같이 3 가지 경우에 특이점이 발생합니다 . 손목 특이점 (Wrist Sing
3. (Space Limit) | pages [39] | keyword:조인트,각도,제한,위반,정지; semantic_rank:12 | 로봇 제한치 (Robot Limits) (p. 210) 의 로봇의 조인트 각도 제한치 외에 , 직교 좌표상에서 로봇이 작동 공간을 제한할 수 있습니다 . 로봇 또는 TCP 가 자동운전 또는 수동모드에서 공간제한을 위반하면 안전 정지 모드 (Safety Stop Mode) 설정에 따라 정지합니다 . 핸드가이딩으로 직접교시
4. 힘 제어 개념 알아보기 | pages [277] | keyword:제한,발생,정지 | 순응 (Compliance) 제어 순응 제어 (Compliance Control) 란 로봇 끝단의 TCP 에 힘이 가해질 때 설정된 강성에 따라 외력에 순응 하는 기능입 니다 . 목표점에서 힘 평형을 이루며 평형점을 기준으로 변위가 발생했을 때 반력 발생하는 제어 방식이며 순응 제어 를 상태에서는 로봇 끝단이 마치 용수철
5. 안전검사 고시 | pages [45] | no_match keyword=0.22 semantic_rank=- | “ 별표 14 산업용 로봇 검사기준 ” 중 발췌 자동운전모드 가 . 자동운전모드에서는 방책 등 안전장치가 정상기능을 유지하고 있어 야 하며 , 보호영역 안으로 사람이 들어가면 보호정지 기능이 작동될 것 나 . 자동운전모드 선택으로 보호정지 또는 비상정지가 리셋 또는 무효화 되지 않을 것 다 . 정지신호가 부여되면 자동운전
6. (Safety Stop Modes) | pages [37] | keyword:속력,각도,제한,위반,정지 | 안전 정지 모드 설명 6 TCP/ 로봇 위치 제한 위반 (TCP/ Robot Position Limit Violation) 공구중심점 (TCP) 과 로봇의 위치가 워크셀 매니저의 로봇에서 설정한 공 간 제한을 위반할 때 활성화되는 정지 모드를 설정합니다 . 또한 TCP 가 안전 영역 ( 협동 작업 구역 (Collabora
7. (Robot Limits) | pages [39] | keyword:제한,발생,정지 | 로봇 제한치 (Robot Limits) 에서는 로봇에 관련된 여러 안전기능의 전역 안전 제한치를 일반 모드와 감소 모드로 나누 어 설정할 수 있습니다 . 로봇의 각 파라미터가 설정된 안전 제한치를 초과할 경우 로봇은 보호 정지 합니다 . 로봇 제한치는 Robot Parameter> Safety Settings > Robo
8. 6.7.3 Safety Settings | pages [242] | keyword:제한,위반,발생,정지 | 협동 작업 구역 (Collaborative Zone) 설정하기 협동 작업 구역 (Collaborative Zone) 은 로봇과 안전하게 함께 작업할 수 있도록 설계된 구역입니다 . 근접 작업에 필 요한 감속률 등의 로봇 제한 , 안전 정지 모드 설정을 제공합니다 . Robot Parameters > 안전 구역 > 추가 >
9. (Robot Limits) | pages [40] | keyword:조인트,속력,각도,제한,위반,정지; semantic_rank:4 | 기계적 동력 (Power) : 로봇의 기계적 동력의 제한치를 설정합니다 . 기계적 동력은 로봇의 토크와 속도와 비례합니 다 . TCP 속력 (TCP Speed) : 로봇 끝단의 TCP 속력의 제한치를 설정합니다 . 속도 및 이격거리 감시 운전모드에 활용 될 수 있습니다 . 운동량 (Momentum) : 로봇의 운동량 제한
10. (Zone) | pages [38] | no_match keyword=0.11 semantic_rank=- | 응용에 따라 특정 공간에서는 로봇 제한치 (Robot Limits) 설정 (p. 210) 에서 지정한 전역 안전제한치와는 다른 안전제 한치 적용이 필요할 수 있습니다 . 구역설정 기능을 이용하면 지정한 구역에만 별도의 안전제한치를 설정할 수 있습니 다 . 구역의 종류에 따라 오버라이드가 가능한 안전제한치가 지정되어있습니다",1,O,1,O,1,O,1,O
Q15,기존,시스템의 과거 에러 로그를 추출하는 메뉴 경로는 어디입니까?,시스템 관리/로그,메뉴 경로형,Logs 모듈,page_340_img_0_0.jpeg,1,O,semantic_rank:5,"1. 설명 | pages [340] | semantic_rank:5 | All Control System Control Algorithm Inverter Safety Controller Modbus Communication System Message 4 Level 로그의 종류를 선택할 수 있습니다 . 5 Error 에러 로그를 확인할 수 있습니다 .
2. 알아보기 | pages [175] | no_match keyword=0.00 semantic_rank=- | 속도 가변 : 경로는 지키지만 특이점 근처에서 감속합니다 .
3. 명령어 예제 따라하기 | pages [293] | no_match keyword=0.00 semantic_rank=- | 실행 버튼을 누르십시오 . 그러면 로봇은 시작 위치로 이동 후 compliance control 을 시작하고 100 초간 정지해 있 습니다 . 이때 로봇의 끝단을 잡고 로봇의 몸체 방향으로 천천히 밀어보십시오 . 로봇은 충돌 에러 ( 혹은 TCP Force Limit 에러 ) 가 발생하면서 멈추게 됩니다 .
4. 설명 | pages [341] | semantic_rank:4 | 6 Warning 경고 로그를 확인할 수 있습니다 . 7 Information 정보 로그를 확인할 수 있습니다 . 8 Comment 코멘트 로그를 확인할 수 있습니다 . 9 Filter Reset 새로고침하여 로그의 종류 선택을 초기화할 수 있습니다 . 10 Code or Keyword 원하는 코드나 키워드를 검색할 수
5. 로봇 시스템 구성 및 설명 | pages [102] | no_match keyword=0.00 semantic_rank=- | 4 USB 연결 단자 로봇 동작 중 발생하는 로그를 USB 저장매체에 저장하거나 태스크 내보내기 , 가져 오기를 할 수 있습니다 . 5 매니퓰레이터 케이블 연결 단 자 매니퓰레이터의 케이블을 컨트롤러와 연결합니다 . 6 티치펜던트 케 이블 연결 단자 티치펜던트의 케이블을 컨트롤러와 연결합니다 .
6. 안전정격 입출력 | pages [27] | no_match keyword=0.00 semantic_rank=- | 알아두기 PFHd(Probability of a dangerous Failure per Hour) : 안전 관련 시스템 / 하위 시스템의 시간당 위험고 장 확률 PL(Performance Level) : ISO 13849-1 에 따른 제어 시스템의 안전 관련 부품 (SRP/CS) 의 성능 수준 SIL(Safety inte
7. 데이터 관리하기 | pages [370] | no_match keyword=0.00 semantic_rank=- | 공장 초기화 공장 초기화는 로봇에 저장된 사용자 데이터 및 로그를 삭제하는 기능입니다 . 공장 초기화가 실행되면 데이터 베이 스 , 로그 파일 , 워크셀 아이템 , 태스크 파일이 삭제됩니다 . 주 메뉴의 Settings Module 버튼을 탭 한 후 Factory Reset 을 선택하십시오 . 모든 데이터를 삭제하려면 ,
8. 모듈 | pages [349] | keyword:모듈 | 메뉴 구성 항목 설명 1 목록 Setting 의 전체 메뉴 목록을 보여줍니다 . 2 현재 위치 현재 위치하고 있는 메뉴 목록은 파란색으로 표시됩니다 . 3 Lock 관리자 비밀번호가 있어야 사용 가능한 기능입니다 .
9. 시스템 전원 끄기 | pages [94] | no_match keyword=0.00 semantic_rank=- | MANDATORY EASY 1 MIN 시스템의 전원을 끄려면 티치 펜던트 화면의 종료 버튼을 누르거나 티치펜던트 좌측 상단에 있는 전원 버튼을 2 초 정 도 길게 누르십시오 . 화면에 전원 종료 팝업이 나타납니다 . 전원 종료 팝업에서 확인 버튼을 눌러 시스템을 정상적으로 종료합니다 .
10. 시스템 연결 | pages [120] | no_match keyword=0.00 semantic_rank=- | 알아두기 시스템을 구성할 때 기본적으로 기기간의 노이즈 영향과 시스템의 오동작을 예방하기 위해 노이즈 저 감설비를 설치할 것을 권장합니다 . 전자파 노이즈의 영향을 받거나 다른 기기에 영향을 줄 경우 정상적인 사용을 위해 페라이트코어를 티 치펜던트 케이블 연결부에 설치하는 것을 권장합니다 . 설치 위치는 아래와 같습니다",1,O,semantic_rank:4,"1. 설명 | pages [341] | semantic_rank:4 | 6 Warning 경고 로그를 확인할 수 있습니다 . 7 Information 정보 로그를 확인할 수 있습니다 . 8 Comment 코멘트 로그를 확인할 수 있습니다 . 9 Filter Reset 새로고침하여 로그의 종류 선택을 초기화할 수 있습니다 . 10 Code or Keyword 원하는 코드나 키워드를 검색할 수
2. 로봇 업데이트 및 복원 | pages [363] | no_match keyword=0.00 semantic_rank=- | 메뉴 구성 항목 설명 1 Current Version Info 현재 어플리케이션 / 시스템 /OS 버전 정보를 보여줍니다 . 2 Backup List 백업 가능한 복원 버전들의 리스트를 보여줍니다 . 리스트 상의 항목 들은 업데이트 기능을 이용해 업데이트 할 경우 생성됩니다 . 3 Restore 복원 버전 리스트 선택 시
3. 모듈 | pages [339] | keyword:모듈; semantic_rank:1 | 이 모듈에서는 다양한 기준 및 날짜에 따라 로그들을 관리할 수 있습니다 .
4. 로봇 업데이트 및 복원 | pages [362] | no_match keyword=0.00 semantic_rank=- | 시스템 복원 Robot Update > System Restore 메뉴에서는 업데이트 정보를 기반으로 시스템을 복원할 수 있는 기능을 제공합니 다 . 백업 리스트에서 원하는 복원 지점을 선택한 뒤 , 복원 버튼을 클릭합니다 .
5. ................................................ 162 | pages [7] | keyword:logs,모듈; semantic_rank:2 | 6.11 Logs 모듈 .......................................................................................... 338 6.12 Store 모듈 ..........................................................
6. 소프트웨어 복구 모드 사용하기 | pages [182] | keyword:모듈 | 소프트웨어 복구 모드 메뉴 구성 항목 설명 1 Servo On to Start Recovery Recovery 모드를 시작하기 전에 서보를 활성화하는 버튼입니다 . 2 Exit Recovery Recovery 모듈에서 나갈 수 있는 버튼입니다 . 3 Header 소프트웨어 복구 모드 혹은 팩 / 언팩 모드 중 하나를 선택
7. 데이터 관리하기 | pages [368] | no_match keyword=0.00 semantic_rank=- | 메뉴 구성 항목 설명 1 로그 기간 선택 내보내기 대상 로그의 기간을 선택 할 수 있습니다 . 2 로그 타입 선택 내보내고 싶은 대상을 체크합니다 . 3 로그 내보내기 버튼 선택한 로그가 한개 이상일 때 활성화 됩니다 . 데이터 내보내기 & 가져오기 이 메뉴에서는 다트 플랫폼의 데이터를 내보내고 가져올 수 있습니다 . 메
8. 알아보기 | pages [169] | keyword:모듈 | 항목 설명 8 메뉴 버튼 메뉴 버튼을 클릭하면 아래와 같은 메뉴들이 표시됩니다 . 작업자 : 작업자 권한으로 변경합니다 . 관리자 : 관리자 권한으로 변경합니다 . 관리자 권한으로 변경 시 관리자 비밀번호를 입력해야 합니다 . 무동력 동작 모드 : Backdrive 모듈을 실행 합니다 . 복구 모드 : Recovery 모
9. 시스템 정보 | pages [349] | no_match keyword=0.00 semantic_rank=- | System Settings > System Information 메뉴에서는 아래와 같은 시스템 정보들을 확인할 수 있습니다 . DART-Platform 버전 Platform Version: 현재 DART-Platform 의 버전 Platform SDK Version: 현재 DART-Platform 이 사용하고 있는 SD
10. 데이터 관리하기 | pages [370] | no_match keyword=0.00 semantic_rank=- | 공장 초기화 공장 초기화는 로봇에 저장된 사용자 데이터 및 로그를 삭제하는 기능입니다 . 공장 초기화가 실행되면 데이터 베이 스 , 로그 파일 , 워크셀 아이템 , 태스크 파일이 삭제됩니다 . 주 메뉴의 Settings Module 버튼을 탭 한 후 Factory Reset 을 선택하십시오 . 모든 데이터를 삭제하려면 ,",1,O,3,O,1,O,3,O
Q16,기존,티치 펜던트 케이블을 배선할 때 케이블이 손상되지 않도록 유지해야 하는 최소 곡률반경은 얼마입니까?,설치/케이블 배선,설치 주의형,120mm,page_116_img_0_0.jpeg,10,△,keyword:120mm; semantic_rank:13,"1. (CS-12P) | pages [401] | no_match keyword=0.00 semantic_rank=- | 컨트롤러와 티치펜던트 연결하기 티치펜던트 케이블을 컨트롤러의 해당 연결부에 딸깍 소리가 날 때까지 연결하여 케이블이 빠지지 않도록 하십시오 . 주의 케이블을 연결할 때 , 핀 부분이 휘지 않도록 연결부 모양을 잘 확인한 후 연결하십시오 . 스마트 펜던트를 벽 또는 컨트롤러에 걸어 사용할 경우 연결 케이블에 걸려 넘어지지
2. 컨트롤러에 케이블 연결하기 | pages [83] | no_match keyword=0.00 semantic_rank=- | MANDATORY EASY 1 MIN 티치펜던트와 로봇의 케이블을 컨트롤러에 연결합니다 . 티치펜던트 케이블을 컨트롤러의 해당 연결부에 딸깍 소리가 날 때까지 연결하여 케이블이 빠지지 않도록 하십시 오 . 로봇 케이블의 반대편 끝을 컨트롤러의 해당 연결부에 딸깍 소리가 날 때까지 연결하여 케이블이 빠지지 않도록 하 십시오
3. 시스템 연결 | pages [119] | no_match keyword=0.00 semantic_rank=- | 컨트롤러와 티치펜던트 연결하기 티치펜던트 케이블을 컨트롤러의 해당 연결부에 딸깍 소리가 날 때까지 연결하여 케이블이 빠지지 않도록 하십시오 . 컨트롤러가 전자파 노이즈의 영향을 받거나 다른 기기에 영향을 줄 경우 정상적인 사용을 위해 매니퓰 레이터 케이블 양단에 페라이트코어를 설치하는 것을 권장합니다 . 설치 위치는 아래
4. 명판과 라벨 | pages [104] | no_match keyword=0.00 semantic_rank=- | 로봇과 컨트롤러에 부착된 라벨을 제거하거나 손상되지 않도록 주의하십시오 .
5. (CS-12P) | pages [400] | no_match keyword=0.00 semantic_rank=- | 매니퓰레이터와 컨트롤러 연결하기 설명 1 매니퓰레이터 연결 케이블 연결 후 고정용 고리 체결 매니퓰레이터 연결 케이블을 컨트롤러의 해당 연결부에 연결한 후 고정용 고 리를 걸어 케이블이 빠지지 않도록 하십시오 . 2 매니퓰레이터 연결 케이블의 반대편 끝을 컨트롤러에 연결 매니퓰레이터 연결 케이블의 반대편 끝을 컨트롤러의
6. 티치 펜던트를 사용할 경우 | pages [163] | no_match keyword=0.00 semantic_rank=- | 티치 펜던트 좌측 상단에 있는 전원 버튼을 길게 누르십시오 . 로봇 , 컨트롤러 , 티치 펜던트와 같은 시스템에 필요한 전원이 켜집니다 . 시스템의 전원이 켜지면 로봇의 상태 LED 가 점등됩니다 . 전원을 끄려면 티치 펜던트 화면의 종료 버튼을 누르거나 티치펜던트 좌측 상단에 있는 전원 버튼을 2 초 정도 길게 누르십시
7. 시스템 연결 | pages [118] | no_match keyword=0.00 semantic_rank=- | 매니퓰레이터와 컨트롤러 연결하기 설명 1 매니퓰레이터 연결 케이블 연결 후 고정용 고리 체결 매니퓰레이터 연결 케이블을 컨트롤러의 해당 연결부에 연결한 후 고정용 고리를 걸어 케이블이 빠지지 않 도록 하십시오 . 2 매니퓰레이터 연결 케이블의 반대편 끝을 컨트롤러에 연결 매니퓰레이터 연결 케이블의 반대편 끝을 컨트롤러의
8. (CS-12P) | pages [403] | no_match keyword=0.00 semantic_rank=- | 경고 전원 케이블을 연결한 후 로봇을 올바르게 접지했는지 확인하십시오 ( 전기적 지면 연결 ). 컨트롤러 안의 접지 심볼 과 관련된 나사 중에서 사용하지 않은 나사로 시스템의 모든 장비에 대하여 공통적인 접지를 하십시오 . 접지 컨덕 터는 최소한 시스템에서 최고 전류의 전류 등급을 가지고 있어야 합니다 . 컨트롤러의 입력
9. 시스템 연결 | pages [121] | no_match keyword=0.00 semantic_rank=- | 매개변수 사양 입력전압 100 – 240 VAC 입력전원 퓨즈 (@100-240V) 15 A 주의 전원 케이블을 연결한 후 로봇을 올바르게 접지했는지 확인하십시오 ( 전기적 지면 연결 ). 컨트롤러 내부 의 접지 심볼과 관련된 나사 중에서 사용하지 않은 나사로 시스템의 모든 장비에 대하여 공통적인 접지 를 하십시오 . 접
10. (CS-12P) | pages [402] | keyword:120mm; semantic_rank:13 | 매니퓰레이터 연결 케이블 및 티치펜던트 케이블 배치하기 매니퓰레이터 연결 케이블 및 티치펜던트 케이블 배치 시 케이블의 곡률반경이 최소곡률반경 (120mm) 이상이 되도 록 배치하십시오 . 주의 티치펜던트 케이블의 양쪽 연결 부위는 가급적 최소곡률반경 (120mm) 이상의 직선이 되도록 배치하시기 바랍니 다 . 곡률반경이",1,O,semantic_rank:7,"1. 로봇 설치 준비 | pages [116] | semantic_rank:7 | 케이블 배치하기 케이블 배치 시 케이블의 곡률반경이 최소곡률반경 이상이 되도록 배치하십시오 . 각 케이블의 최소곡률반경 (R) 은 아래와 같습니다 . 케이블 최소곡률반경 (R) 티치 펜던트 케이블 120 mm 로봇 케이블 120 mm 경고 매니퓰레이터가 작동할 때 , 볼트가 풀리지 않도록 끝까지 조이십시오 . 매니퓰레이터
2. (CS-12P) | pages [402] | keyword:120mm; semantic_rank:13 | 매니퓰레이터 연결 케이블 및 티치펜던트 케이블 배치하기 매니퓰레이터 연결 케이블 및 티치펜던트 케이블 배치 시 케이블의 곡률반경이 최소곡률반경 (120mm) 이상이 되도 록 배치하십시오 . 주의 티치펜던트 케이블의 양쪽 연결 부위는 가급적 최소곡률반경 (120mm) 이상의 직선이 되도록 배치하시기 바랍니 다 . 곡률반경이
3. 컨트롤러 배치하기 | pages [87] | semantic_rank:11 | MANDATORY EASY 1 MIN 컨트롤러를 바닥에 설치할 때에는 기기 내 환기를 위해 양쪽 면에서 50 mm 정도의 여유 공간을 확보해주세요 . 주의 케이블 배치 시 최소 곡률 반경 이상이 되도록 배치하십시오 . 자세한 내용은 케이블 배치하기 (p. 114) 를 참고하십시오 .
4. 시스템 연결 | pages [119] | no_match keyword=0.00 semantic_rank=- | 컨트롤러와 티치펜던트 연결하기 티치펜던트 케이블을 컨트롤러의 해당 연결부에 딸깍 소리가 날 때까지 연결하여 케이블이 빠지지 않도록 하십시오 . 컨트롤러가 전자파 노이즈의 영향을 받거나 다른 기기에 영향을 줄 경우 정상적인 사용을 위해 매니퓰 레이터 케이블 양단에 페라이트코어를 설치하는 것을 권장합니다 . 설치 위치는 아래
5. (CS-12P) | pages [401] | no_match keyword=0.00 semantic_rank=- | 컨트롤러와 티치펜던트 연결하기 티치펜던트 케이블을 컨트롤러의 해당 연결부에 딸깍 소리가 날 때까지 연결하여 케이블이 빠지지 않도록 하십시오 . 주의 케이블을 연결할 때 , 핀 부분이 휘지 않도록 연결부 모양을 잘 확인한 후 연결하십시오 . 스마트 펜던트를 벽 또는 컨트롤러에 걸어 사용할 경우 연결 케이블에 걸려 넘어지지
6. 컨트롤러에 케이블 연결하기 | pages [83] | no_match keyword=0.00 semantic_rank=- | MANDATORY EASY 1 MIN 티치펜던트와 로봇의 케이블을 컨트롤러에 연결합니다 . 티치펜던트 케이블을 컨트롤러의 해당 연결부에 딸깍 소리가 날 때까지 연결하여 케이블이 빠지지 않도록 하십시 오 . 로봇 케이블의 반대편 끝을 컨트롤러의 해당 연결부에 딸깍 소리가 날 때까지 연결하여 케이블이 빠지지 않도록 하 십시오
7. 테스트하기 | pages [95] | no_match keyword=0.00 semantic_rank=- | MANDATORY NORMAL 10 MIN 티치펜던트에서는 플랜지 I/O 에 연결된 툴의 동작을 테스트할 수 있는 기능을 제공하고 있습니다 . 전원을 차단했을 때 툴에서 작업물이 낙하하는 등의 위험 상황이 발생하지 않도록 툴과 그리퍼를 구성 하십시오 . A 시리즈의 경우 로봇이 서보 오프될 때 Flange I/O 의 24
8. 기본 사양 | pages [111] | no_match keyword=0.00 semantic_rank=- | 모델명 A0509 A0509S* A0912 A0912S* 소음 < 65 dB 설치 방향 모든 방향 (Any Orientation) 컨트롤러 및 티치 펜던트 Doosan Controller, DART Platform & Teach Pendant (Option) 진동 및 가속 도 10 ≤ f<57 ㎐ - 0.075mm amp
9. 로봇 베이스 고정하기 | pages [84] | no_match keyword=0.00 semantic_rank=- | 볼트를 고정할 때에는 20Nm 정도의 토크로 볼트를 조이는 것을 권장합니다 . 진동에 의한 풀림 방지를 위해서 와셔 ( 스프링 - 평 ) 사용하시기 바랍니다 .
10. (Safety Stop Modes) | pages [36] | no_match keyword=0.00 semantic_rank=- | 안전 정지 모드 설명 1 비상 정지 (Emergency Stop) 티치 펜던트의 비상 정지 버튼 또는 추가적으로 설치된 외부 장치가 작 동하였을 때의 정지 모드를 설정합니다 . (STO 또는 SS1 만 선택할 수 있 습니다 .) 2 보호 정지 (Protective Stop) 외부에 연결된 보호 장비를 작동하였을 때의 정지",1,O,1,O,1,O,1,O
Q17,기존,플랜지의 RS-485 통신 포트를 사용할 때 X1 커넥터의 핀 번호는 무엇입니까?,툴 플랜지/통신 배선,배선 확인형,4번(RS-485+) 및 6번(RS-485-),page_128_img_0_0.jpeg,1,O,"keyword:rs,485","1. 4.1.1 Schematic Diagram | pages [128] | keyword:rs,485 | X1 커넥터가 제공하는 상세한 I/O 구성은 아래 표를 참조하시기 바랍니다 . X1 구성 No Signal type Description 1 디지털 입력 1 PNP (Source Type, default) 2 디지털 출력 1 PNP (Source Type, default) / NPN (Sink Type) 선택 3 디지털
2. 매니퓰레이터 사양 | pages [392] | keyword:rs,485 | J6 Range / Speed ±360° / 360°/s 사용 환경 사용 온도 -5 °C to 45 °C (268 K to 318 K) 보관 온도 -5 °C to 50 °C (268 K to 323 K) 습도 90% RH (non-condensing) 툴 플랜지 & 커넥터 디지털 I/O - X1 IN-2ch / Out-2
3. 모듈 | pages [331] | no_match keyword=0.00 semantic_rank=- | Status 모듈은 제어기 , 플랜지의 입출력 및 통신 레지스터를 모니터링할 수 있는 모듈입니다 .
4. 매니퓰레이터 사양 | pages [391] | keyword:rs,485; semantic_rank:14 | 툴 플랜지 & 커넥터 디지털 I/O - X1 IN-2ch / Out-2ch 전원 공급 DC 24V / Max. 3A RS 485 지원 커넥터 1424229, female (PHOENIX) 중량 21kg 마운팅 모든 방향 (Any Orientation) IP 등급 IP54 소음 < 65 dB A0912(S) 구분 항목 사양
5. 4.1.1 Schematic Diagram | pages [127] | page | 각 커넥터의 핀 맵은 다음과 같습니다 .
6. 6.9.11 Signal Commands | pages [325] | no_match keyword=0.00 semantic_rank=17 | Add Signal 기능 새로운 신호 연결을 생성하는 커맨드입니다 . 외부 장치와의 통신 연결을 설정합니다 . 사용법 1. 신호 유형 선택 : 사용할 통신 프로토콜 선택 Modbus TCP/RTU FOCAS TCP Client/Server Serial Communication 2. 설정 방식 선택 : 기본값 : 직접 설정
7. (CS-12P) | pages [398] | no_match keyword=0.00 semantic_rank=- | 시스템 구성도 번호 이름 설명 1 티치펜던트 시스템 전체를 관리하는 기기로 로봇에게 특정 자 세를 학습시키거나 매니퓰레이터와 컨트롤러에 관 련된 설정을 할 수 있습니다 . 2 컨트롤러 티치펜던트에서 설정한 자세나 움직임에 따라 로봇 의 움직임을 조정합니다 . 다양한 입출력 포트를 갖 추고 있어 다양한 장비 및 장치를 연결
8. 로봇 시스템 구성 및 설명 | pages [104] | no_match keyword=0.00 semantic_rank=- | 시스템 구성도 번호 이름 설명 1 티치펜던트 시스템 전체를 관리하는 기기로 로봇에게 특정 자세를 학습시키거나 매니퓰레이 터와 컨트롤러에 관련된 설정을 할 수 있습니다 . 2 컨트롤러 티치펜던트에서 설정한 자세나 움직임에 따라 로봇의 움직임을 조정합니다 . 다 양한 입출력 포트를 갖추고 있어 다양한 장비 및 장치를 연결하여
9. 외부 장치 연결 | pages [149] | no_match keyword=0.00 semantic_rank=- | 외부 장치 연결 - 비전센서 로봇과 비전센서 ( 물체위치 측정용 2D 카메라 ) 를 연결하여 사용할 수 있으며 , 네트워크를 통해 비전 센서 측정결과를 로봇에게 전달하여 로봇의 작업명령과 연동할 수 있습니다 . 비전센서 설정 통신 연결 설정 네트워크를 통해 비전센서의 측정데이터를 로봇에 전달하기 위하여 장치 간의 LAN
10. 6.7.1 Robot Settings | pages [199] | no_match keyword=0.00 semantic_rank=- | 메뉴 구성 항목 설명 1 Supply Voltage 공급 전압을 설정 하는 기능을 제공 합니다 . 0V(=Off)/ 12V/ 24V 중 한개의 전압을 선택 할 수 있습니다 . 2 Digital Output Type 디지털 출력 타입을 X1, X2 포트별로 각각 설정하는 기능을 제공합니다 . 로봇 모델이 A 모델일 경우에는",1,O,"keyword:rs,485","1. 4.1.1 Schematic Diagram | pages [128] | keyword:rs,485 | X1 커넥터가 제공하는 상세한 I/O 구성은 아래 표를 참조하시기 바랍니다 . X1 구성 No Signal type Description 1 디지털 입력 1 PNP (Source Type, default) 2 디지털 출력 1 PNP (Source Type, default) / NPN (Sink Type) 선택 3 디지털
2. 매니퓰레이터 사양 | pages [391] | keyword:rs,485; semantic_rank:14 | 툴 플랜지 & 커넥터 디지털 I/O - X1 IN-2ch / Out-2ch 전원 공급 DC 24V / Max. 3A RS 485 지원 커넥터 1424229, female (PHOENIX) 중량 21kg 마운팅 모든 방향 (Any Orientation) IP 등급 IP54 소음 < 65 dB A0912(S) 구분 항목 사양
3. ................................................................ 126 | pages [5] | semantic_rank:4 | 4.1 플랜지 I/O.......................................................................................... 126 4.1.1 Schematic Diagram ..................................................
4. 6.7.1 Robot Settings | pages [200] | keyword:rs,485; semantic_rank:1 | 항목 설명 3 Analog Input/RS485 모드 설정 Analog Input 또는 RS485 를 선택할 수 있도록 기능을 제공합니다 . 로봇 모델이 A 모델일 경우에는 Analog Input/RS485 항목에서 X1 포 트만 지원합니다 . 로봇 모델이 M/H 모델일 경우에는 Analog Input/RS485 항목은
5. 컨트롤러 사양 | pages [394] | keyword:rs,485; semantic_rank:8 | Weight 21.5 kg Dimensions 606 X 306.9 X 446 mm Material Zinc Plated Steel Protection Rating IP54 Interfaces RS232/RS422/RS485, TCP/IP (*RS232/RS422/RS485: USB to Serial converter n
6. I/O | pages [127] | page | 로봇 끝 단 플랜지 커버에 M8 사양의 8pin 커넥터가 1 개 있으며 장착 위치 및 외형은 아래 그림을 참조하시기 바랍니 다 . 커넥터는 그리퍼나 특정 로봇 툴에 내장되어 있는 센서를 구동시키기 위한 전원과 제어 신호를 제공합니다 . 아래 예 시로 표시한 산업용 케이블과 같은 사양이 적용 가능합니다 .
7. 플랜지 디지털 입력 사양 | pages [131] | no_match keyword=0.00 semantic_rank=- | 플랜지 디지털 입력은 Photo coupler 입력으로 구성되어 있습니다 . 입력 24V 기준으로 전류는 내부 저항에 의해 5mA 로 제한됩니다 . 디지털 입력의 전기적 사양은 아래와 같습니다 . Parameter Min Type Max Unit Input voltage 0 - 26 V Logical high 4.4 -
8. 6.10.2 I/O Overview | pages [336] | no_match keyword=0.00 semantic_rank=- | 컨트롤러 아날로그 출력에 있는 드롭다운 목록을 눌러 설정할 항목을 선택하십시오 . 선택한 항목에 따라 드롭다운 목록 오른쪽에 아날로그 출력 정보가 표시됩니다 . 아날로그 출력 신호 타입의 기본값은 전압입니다 . 아날로그 출력 값을 변경하십시오 . 플랜지 입출력 플랜지 디지털 입력 1. 플랜지에 연결된 기기의 포트 번호를
9. 컨트롤러 사양 | pages [393] | keyword:rs,485 | CS-11P (AC Controller) 항목 사양 정보 Weight 21.7 kg Dimensions 606 X 306.9 X 446 mm Material Zinc Plated Steel Protection Rating IP54 Interfaces RS232/RS422/RS485, TCP/IP (*RS232/RS422/
10. 배선 연결하기 | pages [94] | no_match keyword=0.00 semantic_rank=- | MANDATORY NORMAL 10 MIN 툴을 고정한 후 플랜지 I/O 커넥터에 필요한 케이블을 연결하십시오 . 반드시 플랜지 I/O 의 핀 맵을 확인하십시오 . 로봇에 전원을 인가하게 되면 각 커넥터의 5 번 단자는 항상 24V 가 출력되게 됩니다 .",1,O,1,O,1,O,1,O
Q18,기존,작업자의 손가락 끼임 사고를 방지하기 위해 설정할 수 있는 안전 구역의 명칭은 무엇입니까?,안전 설정/협착 방지 구역,안전 설정형,협착 방지 구역 (Crushing Prevention Zone),page_242_img_0_0.jpeg,2,O,"keyword:협착,방지,구역,crushing,prevention,zone; semantic_rank:1","1. 잠재적 위험 | pages [43] | no_match keyword=0.00 semantic_rank=- | 베이스에 매니퓰레이터 설치 중 사이에 손가락 끼임 매니퓰레이터의 Upper 와 Lower 모듈 사이에 신체 끼임 (Joint3(J3) 과 (Joint4(J4) 사이의 신체 끼임 ). Joint1, 2(J1, J2) 와 Joint5, 6(J5, J6) 사이에 신체 끼임 툴의 날카로운 가장자리나 날카로운 부분이 피부 관통 로
2. 6.7.3 Safety Settings | pages [242] | keyword:협착,방지,구역,crushing,prevention,zone; semantic_rank:1 | 협동 작업 구역 (Collaborative Zone) 설정하기 협동 작업 구역 (Collaborative Zone) 은 로봇과 안전하게 함께 작업할 수 있도록 설계된 구역입니다 . 근접 작업에 필 요한 감속률 등의 로봇 제한 , 안전 정지 모드 설정을 제공합니다 . Robot Parameters > 안전 구역 > 추가 >
3. 6.7.3 Safety Settings | pages [241] | page; keyword:구역,zone; semantic_rank:7 | 사용자 정의 구역 (Custom Zone) 설정하기 사용자 정의 구역 (Custom Zone) 은 안전 매개변수를 자유롭게 설정할 수 있는 가장 유연한 안전 구역입니다 . 로봇 제 한 , 안전 정지 모드 , 관절 속도 및 각도 제한 등 모든 설정을 요구에 맞게 구성할 수 있습니다 . Robot Parameters > 안전
4. (Robot Limits) | pages [40] | keyword:협착,방지,구역,crushing,prevention,zone; semantic_rank:5 | 알아두기 구역 (Zone) 워크셀 아이템을 추가하면 지정한 구역에만 별도의 안전 제한치를 설정할 수 있습니다 . 구역의 종 류에 따라 오버라이드가 가능한 안전 제한치가 지정되어있습니다 . 자세한 내용은 다음의 링크를 확인하시기 바랍니다 . 협동 작업 구역 (Collaborative Zone) 설정하기 (p. 239) 협착
5. 산업안전보건기준에 관한 규칙 | pages [44] | no_match keyword=0.17 semantic_rank=- | 제 222 조 ( 교시 등 ) 사업주는 산업용 로봇 ( 이하 "" 로봇 "" 이라 한다 ) 의 작동범위에서 해당 로봇에 대하여 교시 ( 敎示 ) 등 [ 매니퓰레이터 (manipulator) 의 작동순서 , 위치ㆍ속도의 설정ㆍ변경 또는 그 결과를 확인하는 것을 말한다 . 이하 같 다 ] 의 작업을 하는 경우에는 해당 로봇의 예
6. 알아보기 | pages [176] | no_match keyword=0.00 semantic_rank=- | 이를 오른손으로 간단하게 시각화할 수 있습니다 . 오른손을 다음과 같이 만드십시오 . 이를 오른손의 법칙이라고 부르 며 엄지 (X 축 ), 검지 (Y 축 ), 중지 (Z 축 ) 세 손가락이 서로 90 도를 이루도록 만들면 서로 수직인 X, Y, Z 축의 좌표계와 동일 해집니다 . 이제 오른손을 오른손 법칙 데카르트 자세로
7. 안전기능의 설정 | pages [29] | no_match keyword=0.17 semantic_rank=- | 구분 안전 설정 기능 설명 1 기본 / 전역 설정 월드 좌표계 (World Coordinates) 설정 (p. 189) 로봇 및 작업대상을 포함한 작업영역을 대표하 는 좌표계를 설정할 수 있습니다 . 로봇 제한치 (Robot Limits) 설정 (p. 210) 조인트와 로봇 /TCP 안전 정격 감시기능의 전역 안전 제한치
8. (Zone) | pages [38] | keyword:협착,방지,구역,crushing,prevention,zone; semantic_rank:6 | 응용에 따라 특정 공간에서는 로봇 제한치 (Robot Limits) 설정 (p. 210) 에서 지정한 전역 안전제한치와는 다른 안전제 한치 적용이 필요할 수 있습니다 . 구역설정 기능을 이용하면 지정한 구역에만 별도의 안전제한치를 설정할 수 있습니 다 . 구역의 종류에 따라 오버라이드가 가능한 안전제한치가 지정되어있습니다
9. 6.7.3 Safety Settings | pages [240] | no_match keyword=0.17 semantic_rank=- | 공간 제한과 구역의 설정 공통 사항 유효 면적 (Effective Area) 은 내부 / 외부 중 하나를 선택할 수 있습니다 . 모양 유형 (Shape Type) 은 구 , 원기둥 , 직육면체 , 기울어진 직육면체 , 다면상자 중 하나를 선택할 수 있으며 자세한 내용은 공간 제한과 구역의 형태 알아보기 (p. 236) 를
10. 6.7.3 Safety Settings | pages [237] | keyword:구역,zone; semantic_rank:9 | 안전 매뉴얼 (p. 8) 에서 다음의 내용을 참고하십 시오 . 공간 제한 (Space Limit) (p. 38) 구역 (Zone) (p. 37) 공간 제한과 구역의 형태 알아보기 공간 제한 (Space Limit) / 구역 (Zone) 의 형태에 대한 설정 방법은 다음과 같습니다 . 항목 설명 직육면체 공간 제한 (Spa",1,O,"keyword:협착,방지,구역,crushing,prevention,zone; semantic_rank:1","1. 6.7.3 Safety Settings | pages [242] | keyword:협착,방지,구역,crushing,prevention,zone; semantic_rank:1 | 협동 작업 구역 (Collaborative Zone) 설정하기 협동 작업 구역 (Collaborative Zone) 은 로봇과 안전하게 함께 작업할 수 있도록 설계된 구역입니다 . 근접 작업에 필 요한 감속률 등의 로봇 제한 , 안전 정지 모드 설정을 제공합니다 . Robot Parameters > 안전 구역 > 추가 >
2. 안전기능의 설정 | pages [30] | keyword:협착,방지,구역,crushing,prevention,zone; semantic_rank:3 | 구분 안전 설정 기능 설명 4 구역 (Zone) 협동 작업 구역 (Collaborative Zone) 설정 하기 (p. 239) 로봇과 인간의 협동작업을 위해 지정할 수 있 는 구역 입니다 . 넛지 (Nudge) 나 핸드가이딩컨트롤 (HGC) 기 능은 협동작업 구역 내에서만 실행가능 합 니다 . 감속률을 설정하여 태스크
3. (Zone) | pages [38] | keyword:협착,방지,구역,crushing,prevention,zone; semantic_rank:6 | 응용에 따라 특정 공간에서는 로봇 제한치 (Robot Limits) 설정 (p. 210) 에서 지정한 전역 안전제한치와는 다른 안전제 한치 적용이 필요할 수 있습니다 . 구역설정 기능을 이용하면 지정한 구역에만 별도의 안전제한치를 설정할 수 있습니 다 . 구역의 종류에 따라 오버라이드가 가능한 안전제한치가 지정되어있습니다
4. 안전정격 정지기능 | pages [23] | keyword:구역,zone | 안전 기능 안전기능 동작조건 Triggering Event 의도된 동작 Intended Result PFHd PL, SIL 1 Emergency Stop TBSFT 의 EM 단자에 연결된 비상 정지 스위치가 눌린 경 우 티치 펜던트의 비상 정지 스 위치가 눌린 경우 설정된 안전 정지모드에 따 라 비상정지합니다 . STO
5. (Robot Limits) | pages [40] | keyword:협착,방지,구역,crushing,prevention,zone; semantic_rank:5 | 알아두기 구역 (Zone) 워크셀 아이템을 추가하면 지정한 구역에만 별도의 안전 제한치를 설정할 수 있습니다 . 구역의 종 류에 따라 오버라이드가 가능한 안전 제한치가 지정되어있습니다 . 자세한 내용은 다음의 링크를 확인하시기 바랍니다 . 협동 작업 구역 (Collaborative Zone) 설정하기 (p. 239) 협착
6. 안전정격 감시기능 | pages [26] | keyword:구역,zone; semantic_rank:10 | 안전 기능 안전기능 동작조건 Triggering Event 의도된 동작 Intended result PFHd PL, SIL 5 충돌 감지 Collision Detection 각 축에 가해지는 토크중 어느 하나라도 설정된 충 돌감지 민감도별 각 축 한 계치를 넘어선 경우 설정된 안전 정지모드에 따라 보호정지합니다 . STO
7. 6.7.3 Safety Settings | pages [241] | page; keyword:구역,zone; semantic_rank:7 | 사용자 정의 구역 (Custom Zone) 설정하기 사용자 정의 구역 (Custom Zone) 은 안전 매개변수를 자유롭게 설정할 수 있는 가장 유연한 안전 구역입니다 . 로봇 제 한 , 안전 정지 모드 , 관절 속도 및 각도 제한 등 모든 설정을 요구에 맞게 구성할 수 있습니다 . Robot Parameters > 안전
8. 안전기능의 설정 | pages [31] | keyword:구역,zone; semantic_rank:8 | 구분 안전 설정 기능 설명 사용자 정의 구역 (Custom Zone) 설정하기 (p. 239) 로봇 응용의 필요에 따라 안전 제한치들을 구 역별로 다르게 적용하는데 사용될 수 있습니 다 . 선택한 안전 제한치들이 , 구역 (Zone) 내에 서 별도적용 (Override) 됩니다 . 협동 작업 구역 혹은 높은 우선순위 구역
9. 6.7.3 Safety Settings | pages [224] | keyword:crushing,prevention,zone | Safety Zone Safety Zone 설정 화면 메뉴 구성 항목 설명 1 Lock 토글 버튼 설정된 값이 잠금 상태 됩니다 . 수정을 위해서는 Safety Password 입력 이 필요합니다 . 2 활성화 여부 선택 생성된 안전 영역을 적용 / 적용해제 할 수 있습니다 . 3 Zone Name 사용자가 안전 영역 생
10. (Safety Stop Modes) | pages [37] | keyword:협착,방지,구역,crushing,prevention,zone; semantic_rank:13 | 안전 정지 모드 설명 6 TCP/ 로봇 위치 제한 위반 (TCP/ Robot Position Limit Violation) 공구중심점 (TCP) 과 로봇의 위치가 워크셀 매니저의 로봇에서 설정한 공 간 제한을 위반할 때 활성화되는 정지 모드를 설정합니다 . 또한 TCP 가 안전 영역 ( 협동 작업 구역 (Collabora",1,O,1,O,1,O,1,O
Q19,기존,목표 위치를 향해 끝 단이 선형으로 이동하는 수동 이동(Jog) 방식은 무엇입니까?,수동 조작/Jog,개념 확인형,태스크 모션 (Task Motion),page_373_img_0_0.jpeg,1,O,"keyword:태스크,모션; semantic_rank:12","1. 모듈 | pages [373] | keyword:태스크,모션; semantic_rank:12 | 조그 플러스 탭에서 사용자가 원하는 수동 이동의 방식을 선택할 수 있습니다 . 조그 (Jog) : 로봇의 관절 또는 TCP 를 사용자가 선택한 관절축 또는 좌표축 기준으로 이동 이동 (Move) : 로봇의 관절 또는 TCP 를 사용자가 입력한 목표위치로 이동 로봇의 이동은 크게 두 가지로 구별 됩니다 . 조인트 모션 :
2. 모듈 | pages [375] | no_match keyword=0.25 semantic_rank=- | 조그 플러스 (Jog Plus) 모듈에서는 수동 모드로 전체 작업 공간을 탐색 (exploring) 하거나 사용자가 설정한 작동 공간 (Operation Space) 을 로봇 작업 공간으로 선택하여 탐색할 수 있습니다 . 각 축의 이동 각도는 로봇의 사양 , 조그 화면 에서 선택한 작동 공간 , 설정 화면의 안전 설정 중
3. 기본 개념 알아보기 | pages [275] | keyword:모션,motion | Type MoveJ MoveL 1 이동 방 식 로봇의 모든 관절이 현재 각도에서 목표 각 도로 동시에 이동 후 동시에 멈춤 로봇 끝단의 TCP 가 선택한 좌표계에 대해 선형 모션 (Linear motion) 으로 이동 2 장점 이동 속도가 빠름 로봇 특이점 (Singularity) 의 영향을 받지 않 음 TCP 의 이동
4. 알아보기 | pages [174] | keyword:태스크,모션 | 특이점 근처에서는 로봇의 움직임이 평면 , 점 , 직선에 해당하여 움직임이 원활하지 않고 로봇 끝단의 직선 이동이 유 지되지 않을 수 있으며 제어 시 위치 오차가 증가할 수 있습니다 . 로봇 관절이 일직선인 경우를 포함하여 그림에서 보 는 것과 같이 3 가지 경우에 특이점이 발생합니다 . 손목 특이점 (Wrist Sing
5. 6.7.1 Robot Settings | pages [194] | keyword:모션,motion | Cockpit 직접 교시는 로봇의 끝단을 손으로 잡고 직접 로봇을 밀거나 당겨서 원하는 자세로 움직이고 그 위치를 현재 선택한 모션에 적용하기 위해 사용합니다 . 직접 교시 방식은 크게 두 가지로 구분됩니다 . 자율이동 (Freedrive) : 사용자가 가한 힘의 방향으로 로봇의 각 관절이 이동 구속모션 (Constrai
6. 로봇 모션 속성 알아보기 | pages [268] | keyword:모션,task; semantic_rank:5 | 이름 설명 1 주석 (Annotation) Task 창에서 확인이 명령어의 설명 또는 주석 2 기준 좌표계 (Coordinates) MoveJ : 없음 MoveL : 기준 좌표계 (BASE/WORLD/TOOL/USER) 를 기준으로 입력된 자세 (Pose) 정보를 계산 3 이동 유형 선택 1. 절대 (Absolute) 이
7. 기본 개념 알아보기 | pages [272] | keyword:모션,task,motion | 두산 로봇은 총 9 종류의 모션을 제공하고 있습니다 . 기본 모션인 MoveJ , MoveL 및 이 두 가지 모션에서 파생되는 7 가지의 모션으로 로봇의 움직임을 제어하게 됩니다 . 로봇 모션의 종류 Motion Feature 1 MoveJ 로봇의 각 관절이 현재 각도에서 목표 각도로 동시에 이동 후 동시에 멈춤 목표 관
8. 화면 | pages [382] | keyword:태스크,모션,task; semantic_rank:13 | 항목 설명 22 태스크 모션 버튼 목표 Task 자세로 이동할 수 있습니다 . 각도 설정해서 움직이기 특정 각도로 로봇을 이동하려면 : 1. 이동 탭을 선택하십시오 . 로봇 조인트의 목표 각도를 입력하십시오 .
9. 기본 개념 알아보기 | pages [273] | no_match keyword=0.25 semantic_rank=- | 5 MoveJX 로봇 TCP 가 목표점으로 이동할 때 로봇 자세를 임의로 지정하여 이동 목표 점 (X, Y, Z, RZ, RY, RX) 으로 MoveJ 모션 이동 로봇 관절 이동이므로 경로를 예측할 수 없음 6 MoveC 로봇 TCP 가 원호를 유지하며 목표점까지 이동 7 MoveB 직선 및 원호로 연속적으로 이루어진 구
10. 명령어 예제 따라하기 | pages [289] | no_match keyword=0.00 semantic_rank=- | 3 번 줄의 MoveJ 명령어를 선택하십시오 18. 속성 (Property) 탭을 선택하십시오 . MoveJ 의 목표 위치를 (0, 0, 90, 0, 90, 0)deg 로 수정하십시오 . 로봇의 설치 공간에 따라 J1 의 각도는 변경해도 상관 없습니다 .",1,O,"keyword:태스크,모션; semantic_rank:12","1. 모듈 | pages [373] | keyword:태스크,모션; semantic_rank:12 | 조그 플러스 탭에서 사용자가 원하는 수동 이동의 방식을 선택할 수 있습니다 . 조그 (Jog) : 로봇의 관절 또는 TCP 를 사용자가 선택한 관절축 또는 좌표축 기준으로 이동 이동 (Move) : 로봇의 관절 또는 TCP 를 사용자가 입력한 목표위치로 이동 로봇의 이동은 크게 두 가지로 구별 됩니다 . 조인트 모션 :
2. 기본 개념 알아보기 | pages [274] | no_match keyword=0.25 semantic_rank=- | MoveL 에서 L 은 선형 (Linear) 의 약자입니다 . 이 모션은 로봇 끝단의 TCP 가 목표 자세 ( 위치 및 회전 각도 ) 로 선형으 로 이동합니다 .
3. 기본 개념 알아보기 | pages [275] | keyword:모션,motion | Type MoveJ MoveL 1 이동 방 식 로봇의 모든 관절이 현재 각도에서 목표 각 도로 동시에 이동 후 동시에 멈춤 로봇 끝단의 TCP 가 선택한 좌표계에 대해 선형 모션 (Linear motion) 으로 이동 2 장점 이동 속도가 빠름 로봇 특이점 (Singularity) 의 영향을 받지 않 음 TCP 의 이동
4. 모듈 | pages [375] | no_match keyword=0.25 semantic_rank=- | 조그 플러스 (Jog Plus) 모듈에서는 수동 모드로 전체 작업 공간을 탐색 (exploring) 하거나 사용자가 설정한 작동 공간 (Operation Space) 을 로봇 작업 공간으로 선택하여 탐색할 수 있습니다 . 각 축의 이동 각도는 로봇의 사양 , 조그 화면 에서 선택한 작동 공간 , 설정 화면의 안전 설정 중
5. 명령어 예제 따라하기 | pages [289] | no_match keyword=0.00 semantic_rank=- | 3 번 줄의 MoveJ 명령어를 선택하십시오 18. 속성 (Property) 탭을 선택하십시오 . MoveJ 의 목표 위치를 (0, 0, 90, 0, 90, 0)deg 로 수정하십시오 . 로봇의 설치 공간에 따라 J1 의 각도는 변경해도 상관 없습니다 .
6. 모듈 | pages [374] | keyword:태스크,모션; semantic_rank:10 | 조인트 탭을 선택합니다 . 움직이려는 축을 선택하십시오 . 예를 들어 J1 을 선택할 수 있습니다 . +/- 버튼을 눌러서 로봇을 움직일 수 있습니다 . +/- 버튼을 누르고 있는 동안 로봇이 움직이며 화면에는 현재 위치가 실시간으로 표시됩니다 . 조그 화면에서 태스크 모션을 사용하여 로봇을 움직이는 방법은 다음과 같습니
7. 기본 개념 알아보기 | pages [273] | no_match keyword=0.25 semantic_rank=- | 5 MoveJX 로봇 TCP 가 목표점으로 이동할 때 로봇 자세를 임의로 지정하여 이동 목표 점 (X, Y, Z, RZ, RY, RX) 으로 MoveJ 모션 이동 로봇 관절 이동이므로 경로를 예측할 수 없음 6 MoveC 로봇 TCP 가 원호를 유지하며 목표점까지 이동 7 MoveB 직선 및 원호로 연속적으로 이루어진 구
8. 명령어 | pages [318] | keyword:태스크,모션,task; semantic_rank:1 | Task Editor 에서는 이동 명령어 , 플로우 컨트롤 , 신호 명령어 , 기타 명령어 , 힘 제어 명령어 , 고급 명령어를 사용하여 태스크 프로그램을 만들 수 있습니다 . 모션 명령어 로봇의 자세를 조정하거나 변경할 수 있습니다 . Move 사용자가 선택한 모션 타입 (Move J, Move L) 을 이용해 저장된
9. 6.7.1 Robot Settings | pages [194] | keyword:모션,motion | Cockpit 직접 교시는 로봇의 끝단을 손으로 잡고 직접 로봇을 밀거나 당겨서 원하는 자세로 움직이고 그 위치를 현재 선택한 모션에 적용하기 위해 사용합니다 . 직접 교시 방식은 크게 두 가지로 구분됩니다 . 자율이동 (Freedrive) : 사용자가 가한 힘의 방향으로 로봇의 각 관절이 이동 구속모션 (Constrai
10. 기본 개념 알아보기 | pages [274] | no_match keyword=0.25 semantic_rank=- | 8 MoveSpiral 나선의 중심에서 시작해 최대 반경까지 이동 9 MovePeriodic 일정한 진폭과 주기로 왕복 이동 MoveJ&MoveL 로봇 모션을 사용하기 전에 기본 모션인 MoveJ 와 MoveL 를 이해하는 것은 매우 중요합니다 . MoveJ 에서 J 는 관절 (Joint) 의 약자입니다 . 이 모션은 각",1,O,7,△,1,O,5,O
Q20,기존,TCP(Tool Center Point) 설정 화면에서 Z축 방향의 오프셋(Offset)만 적용하려면 어떤 항목에 값을 입력해야 합니까?,TCP/툴 좌표 설정,설정 절차형,Z 값에 거리 입력,page_201_img_1_0.jpeg,4,O,keyword:거리,"1. (Safety I/O) | pages [36] | no_match keyword=0.00 semantic_rank=- | 신호명 설명 Tool Orientation Limit Zone (L) High : 로봇의 TCP 가 어떤 툴 방향전환 제한 구역 (Tool Orientation Limit Zone) 에 도 위치해 있지 않음 Low : 로봇의 TCP 가 툴 방향전환 제한 구역 (Tool Orientation Limit Zone) 중 하나
2. 6.7.3 Safety Settings | pages [234] | no_match keyword=0.00 semantic_rank=18 | 3 Coordinates Base 와 World 중 좌표계를 설정할 수 있습니다 . 4 Point 1 Point 1 의 값을 입력합니다 . 5 Point 2 Point 2 의 값을 입력합니다 . 6 Point 3 Point 3 의 값을 입력합니다 . 7 크기 설정 Length, Width, Height 값을 입력합니다 .
3. 6.7.2 Tool Settings | pages [203] | no_match keyword=0.00 semantic_rank=- | 2 3D Simulation 설정한 Tool Center Point 를 시뮬레이션 할 수 있습니다 . 3 추가하기 TCP 를 추가할 수 있습니다 . 4 삭제하기 선택한 TCP 를 삭제할 수 있습니다 . 5 Save 설정 값을 저장할 수 있는 버튼입니다 . 설정이 잠금되었을 때 화면은 다음과 같습니다 .
4. 6.7.2 Tool Settings | pages [201] | keyword:거리 | Tool Center Point 공구중심점 (TCP) 를 설정할 때에 플랜지 좌표계를 기준으로 위치와 함께 회전각을 함께 정의해야 합니다 . 이때 , 플랜 지좌표계 기준 원점에서 공구중심점 (TCP) 까지 X, Y, Z 각 방향 별 거리가 10000mm 이상이 되도록 공구중심점 (TCP) 를 설정할 수 없습니다 . 그리고
5. 힘 제어 개념 알아보기 | pages [279] | keyword:값에 | 강성 (Stiffness) 값이 현재 강성 값에서 설정 된 강성 값으로 도달하는데 소요 되는 시간 (0~1s) 주의 툴 무게 (Tool Weight) 및 TCP(Tool Center Point) 를 정확하게 설정 해야 합니다 . 잘못된 툴 무게 설정으 로 로봇이 툴 무게를 외력으로 감지하게 되면 Compliance 명령어
6. 6.7.3 Safety Settings | pages [227] | no_match keyword=0.00 semantic_rank=- | 항목 설명 5 Center Position 중앙 값을 X 축 , Y 축 , Z 축 각각에 설정할 수 있습니다 . 6 Auto Calculation 자동 측정 옵션을 활성화 시킬 수 있습니다 . 7 Auto Calculation Image 자동 측정에 필요한 이미지가 제공됩니다 . 자동 측정 옵션을 활성 화 했을 때 나타납
7. 6.7.2 Tool Settings | pages [207] | no_match keyword=0.00 semantic_rank=- | 로봇은 로봇 끝단의 TCP(Tool Center Point) 와 로봇 본체를 기준으로 공간 제한 위반 여부를 판단합니다 . 실제 로 봇에 설정된 TCP 보다 툴 형상이 더 큰 경우에는 툴 형상을 추가해야만 작업물과 툴을 보호할 수 있습니다 . 툴 형상을 너무 크게 설정하면 실제로 로봇을 움직일 수 있는 영역이 좁아지므로
8. 화면 | pages [380] | no_match keyword=0.00 semantic_rank=- | 알아두기 안전 지역은 가상 모드에서 적용되지 않습니다 . Rx, Ry, Rz 는 TCP(Tool Center Position) 기준으로 실행됩니다 .
9. 6.7.3 Safety Settings | pages [232] | no_match keyword=0.00 semantic_rank=- | 3 Coordinates Base 와 World 중 좌표계를 설정할 수 있습니다 . 4 Point 1 Point 1 의 값을 입력합니다 . 5 Point 2 Point 2 의 값을 입력합니다 . 6 Point 3 Point 3 의 값을 입력합니다 . 7 Point 4 Point 4 의 값을 입력합니다 . 8 Space E
10. 6.7.3 Safety Settings | pages [230] | no_match keyword=0.00 semantic_rank=- | 3 Coordinates Base 와 World 중 좌표계를 설정할 수 있습니다 . 4 Point 1 Point 1 의 값을 입력합니다 . 5 Point 2 Point 2 의 값을 입력합니다 . 6 Space Expansion 공간 확장을 설정할 수 있습니다 .",2,O,semantic_rank:5,"1. 6.7.3 Safety Settings | pages [244] | no_match keyword=0.00 semantic_rank=- | 툴 방향 전환 제한 구역 (Tool Orientation Limit Zone) 설정하기 툴 방향 제한 구역 (Tool Orientation Limit Zone) 은 TCP 의 방향을 제한하는 구역입니다 . TCP 가 특정 방향을 향하도 록 보장하며 , 방향과 각도 마진을 정의하여 안전하지 않은 방향을 향하지 않도록 방지합
2. 6.7.2 Tool Settings | pages [202] | semantic_rank:5 | 플랜지 좌표계의 z 축을 따라 A 각도 회전 2. 1) 을 통해 회전된 좌표계의 y’ 축을 따라 B 각도 회전 3. 2) 를 통해 회전된 좌표계의 z’’ 축을 따라 C 각도 회전 위의 방법을 따라 TCP 값을 설정하는 몇 가지 예를 들어보겠습니다 . [X, Y, Z, A, B, C] = [0, 0, 100, 0, 0, 0
3. 6.7.2 Tool Settings | pages [201] | keyword:거리 | Tool Center Point 공구중심점 (TCP) 를 설정할 때에 플랜지 좌표계를 기준으로 위치와 함께 회전각을 함께 정의해야 합니다 . 이때 , 플랜 지좌표계 기준 원점에서 공구중심점 (TCP) 까지 X, Y, Z 각 방향 별 거리가 10000mm 이상이 되도록 공구중심점 (TCP) 를 설정할 수 없습니다 . 그리고
4. 화면 | pages [389] | no_match keyword=0.00 semantic_rank=- | 항목 설명 2 홈 포지션 버튼 버튼 클릭 시 홈 포지션으로 이동합니다 . 3 정렬 버튼 버튼 클릭 시 정렬합니다 . 4 기준 좌표계 선택 포지션의 기준 좌표계를 선택합니다 . 5 툴 축 TCP 의 어떤 축을 정렬 시킬지 선택합니다 . 6 목표 방향 정렬 시킬 때의 방향을 선택합니다 . 7 정렬 방법 선택 정렬 방법을 선택
5. 화면 | pages [387] | no_match keyword=0.00 semantic_rank=- | 2 홈 포지션 버튼 버튼 클릭 시 홈 포지션으로 이동합니다 . 3 정렬 버튼 버튼 클릭 시 정렬합니다 . 4 기준 좌표계 선택 포지션의 기준 좌표계를 선택합니다 . 5 툴 축 TCP 의 어떤 축을 정렬 시킬지 선택합니다 . 6 목표 방향 정렬 시킬 때의 방향을 선택합니다 . 7 정렬 방법 선택 정렬 방법을 선택합니다 .
6. (Safety I/O) | pages [36] | no_match keyword=0.00 semantic_rank=- | 신호명 설명 Tool Orientation Limit Zone (L) High : 로봇의 TCP 가 어떤 툴 방향전환 제한 구역 (Tool Orientation Limit Zone) 에 도 위치해 있지 않음 Low : 로봇의 TCP 가 툴 방향전환 제한 구역 (Tool Orientation Limit Zone) 중 하나
7. 6.9.11 Signal Commands | pages [330] | no_match keyword=0.00 semantic_rank=- | 디바이스 모듈 설정하기 TCPServer 모듈 설정 설치된 TCPServer 모듈을 실행합니다 . 서버 포트 번호를 임의로 입력합니다 . ( 예 : 9999) 연결 버튼을 눌러 연결이 잘되는지 확인합니다 . 연결을 끊지 않고 유지합니다 . TCPClient 모듈 설정 설치된 TCPClient 모듈을 실행합니다 . 서버 I
8. 6.7.3 Safety Settings | pages [234] | no_match keyword=0.00 semantic_rank=18 | 3 Coordinates Base 와 World 중 좌표계를 설정할 수 있습니다 . 4 Point 1 Point 1 의 값을 입력합니다 . 5 Point 2 Point 2 의 값을 입력합니다 . 6 Point 3 Point 3 의 값을 입력합니다 . 7 크기 설정 Length, Width, Height 값을 입력합니다 .
9. 6.7.3 Safety Settings | pages [238] | keyword:거리; semantic_rank:9 | 항목 설명 기울어진 직육면체 공간 제한 (Space Limit) / 구역 (Zone) 의 형태를 기울어진 직육면체로 구성합니다 . 4 포인트 입력 방식 기울어진 직육면체의 기준점 ( 포인트 1 ), x 축 끝점 ( 포인트 2 ), y 축 끝점 ( 포인트 3 ), z 축 끝점 ( 포인트 4 ) 을 입력한 후 , 포즈 저장
10. 6.7.2 Tool Settings | pages [207] | no_match keyword=0.00 semantic_rank=- | 로봇은 로봇 끝단의 TCP(Tool Center Point) 와 로봇 본체를 기준으로 공간 제한 위반 여부를 판단합니다 . 실제 로 봇에 설정된 TCP 보다 툴 형상이 더 큰 경우에는 툴 형상을 추가해야만 작업물과 툴을 보호할 수 있습니다 . 툴 형상을 너무 크게 설정하면 실제로 로봇을 움직일 수 있는 영역이 좁아지므로",2,O,3,O,1,O,2,O
Q21,기존,안전 영역(Zone) 설정 시 선택할 수 있는 3D 도형 모양 5가지는 무엇입니까?,안전 설정/Zone 형상,개념 확인형,"구, 원기둥, 직육면체, 기울어진 다면상자",page_241_img_0_0.jpeg,1,O,"keyword:원기둥,직육면체,기울어진,다면상자; semantic_rank:5","1. 6.7.3 Safety Settings | pages [240] | keyword:원기둥,직육면체,기울어진,다면상자; semantic_rank:5 | 공간 제한과 구역의 설정 공통 사항 유효 면적 (Effective Area) 은 내부 / 외부 중 하나를 선택할 수 있습니다 . 모양 유형 (Shape Type) 은 구 , 원기둥 , 직육면체 , 기울어진 직육면체 , 다면상자 중 하나를 선택할 수 있으며 자세한 내용은 공간 제한과 구역의 형태 알아보기 (p. 236) 를
2. 6.7.3 Safety Settings | pages [224] | no_match keyword=0.00 semantic_rank=- | Safety Zone Safety Zone 설정 화면 메뉴 구성 항목 설명 1 Lock 토글 버튼 설정된 값이 잠금 상태 됩니다 . 수정을 위해서는 Safety Password 입력 이 필요합니다 . 2 활성화 여부 선택 생성된 안전 영역을 적용 / 적용해제 할 수 있습니다 . 3 Zone Name 사용자가 안전 영역 생
3. 6.7.3 Safety Settings | pages [225] | no_match keyword=0.00 semantic_rank=- | 항목 설명 5 Zone Shape 안전 영역 형태 Cuboid Cylinder Sphere Tilted Cuboid Multi-plane Box 6 Edit 생성 된 안전영역의 설정을 편집할 수 있습니다 . 눌렀을 때 안전영역 편집 팝업이 표시됩니다 . 7 Delete 안전 영역 삭제 버튼입니다 . 8 Add 안전 영역
4. 6.7.2 Tool Settings | pages [208] | no_match keyword=0.00 semantic_rank=- | 2 3D Simulation 설정한 Tool Shape 의 결과를 3D Simulation 해볼 수 있습니다 . 3 Tool Shape 이름 설정된 Tool 의 이름입니다 . 4 Tool Shape 모양 설정된 Tool 의 Shape 형식입니다 . 5 Tool Shape 편집하기 설정된 Tool Shape 를 편집할 수
5. (Zone) | pages [38] | no_match keyword=0.00 semantic_rank=- | 경고 높은 우선 순위 구역 (High Priority Zone) 은 다른 영역 및 전역 로봇 제한 설정보다 우선합니다 . 여러 개의 높 은 우선 순위 구역이 중첩되는 경우 안전 기능은 가장 적은 제한 안전 제한을 우선합니다 . 이러한 이유로 안전 을 위해 높은 우선 순위 구역은 가능한 최소 크기로 지정하여야 합니다 .
6. (Zone) | pages [38] | no_match keyword=0.00 semantic_rank=- | 응용에 따라 특정 공간에서는 로봇 제한치 (Robot Limits) 설정 (p. 210) 에서 지정한 전역 안전제한치와는 다른 안전제 한치 적용이 필요할 수 있습니다 . 구역설정 기능을 이용하면 지정한 구역에만 별도의 안전제한치를 설정할 수 있습니 다 . 구역의 종류에 따라 오버라이드가 가능한 안전제한치가 지정되어있습니다
7. (Safety Stop Modes) | pages [37] | no_match keyword=0.00 semantic_rank=- | 안전 정지 모드 설명 6 TCP/ 로봇 위치 제한 위반 (TCP/ Robot Position Limit Violation) 공구중심점 (TCP) 과 로봇의 위치가 워크셀 매니저의 로봇에서 설정한 공 간 제한을 위반할 때 활성화되는 정지 모드를 설정합니다 . 또한 TCP 가 안전 영역 ( 협동 작업 구역 (Collabora
8. 소프트웨어 복구 모드 사용하기 | pages [182] | no_match keyword=0.00 semantic_rank=- | 소프트웨어 복구 모드 메뉴 구성 항목 설명 1 Servo On to Start Recovery Recovery 모드를 시작하기 전에 서보를 활성화하는 버튼입니다 . 2 Exit Recovery Recovery 모듈에서 나갈 수 있는 버튼입니다 . 3 Header 소프트웨어 복구 모드 혹은 팩 / 언팩 모드 중 하나를 선택
9. 화면 | pages [377] | semantic_rank:14 | 항목 설명 8 Force Monitoring Base, Tool, World, Reference 등을 기준으로 X, Y, Z 축의 힘을 설정 할 수 있습니다 . 9 기준 좌표계 선택 11 번의 Task 좌표를 표시하거나 jog 할 기준 좌표계를 선택합니다 . Base, World, User coordinate 를 선택할
10. (Safety I/O) | pages [36] | no_match keyword=0.00 semantic_rank=- | 신호명 설명 Tool Orientation Limit Zone (L) High : 로봇의 TCP 가 어떤 툴 방향전환 제한 구역 (Tool Orientation Limit Zone) 에 도 위치해 있지 않음 Low : 로봇의 TCP 가 툴 방향전환 제한 구역 (Tool Orientation Limit Zone) 중 하나",4,O,"keyword:원기둥,직육면체,기울어진,다면상자; semantic_rank:5","1. 6.7.3 Safety Settings | pages [225] | no_match keyword=0.00 semantic_rank=- | 항목 설명 5 Zone Shape 안전 영역 형태 Cuboid Cylinder Sphere Tilted Cuboid Multi-plane Box 6 Edit 생성 된 안전영역의 설정을 편집할 수 있습니다 . 눌렀을 때 안전영역 편집 팝업이 표시됩니다 . 7 Delete 안전 영역 삭제 버튼입니다 . 8 Add 안전 영역
2. 6.7.3 Safety Settings | pages [224] | no_match keyword=0.00 semantic_rank=- | Safety Zone Safety Zone 설정 화면 메뉴 구성 항목 설명 1 Lock 토글 버튼 설정된 값이 잠금 상태 됩니다 . 수정을 위해서는 Safety Password 입력 이 필요합니다 . 2 활성화 여부 선택 생성된 안전 영역을 적용 / 적용해제 할 수 있습니다 . 3 Zone Name 사용자가 안전 영역 생
3. 6.7.3 Safety Settings | pages [241] | no_match keyword=0.00 semantic_rank=- | 사용자 정의 구역 (Custom Zone) 설정하기 사용자 정의 구역 (Custom Zone) 은 안전 매개변수를 자유롭게 설정할 수 있는 가장 유연한 안전 구역입니다 . 로봇 제 한 , 안전 정지 모드 , 관절 속도 및 각도 제한 등 모든 설정을 요구에 맞게 구성할 수 있습니다 . Robot Parameters > 안전
4. 6.7.3 Safety Settings | pages [240] | keyword:원기둥,직육면체,기울어진,다면상자; semantic_rank:5 | 공간 제한과 구역의 설정 공통 사항 유효 면적 (Effective Area) 은 내부 / 외부 중 하나를 선택할 수 있습니다 . 모양 유형 (Shape Type) 은 구 , 원기둥 , 직육면체 , 기울어진 직육면체 , 다면상자 중 하나를 선택할 수 있으며 자세한 내용은 공간 제한과 구역의 형태 알아보기 (p. 236) 를
5. 6.7.3 Safety Settings | pages [242] | no_match keyword=0.00 semantic_rank=- | 협동 작업 구역 (Collaborative Zone) 설정하기 협동 작업 구역 (Collaborative Zone) 은 로봇과 안전하게 함께 작업할 수 있도록 설계된 구역입니다 . 근접 작업에 필 요한 감속률 등의 로봇 제한 , 안전 정지 모드 설정을 제공합니다 . Robot Parameters > 안전 구역 > 추가 >
6. 안전기능의 설정 | pages [30] | no_match keyword=0.00 semantic_rank=- | 구분 안전 설정 기능 설명 4 구역 (Zone) 협동 작업 구역 (Collaborative Zone) 설정 하기 (p. 239) 로봇과 인간의 협동작업을 위해 지정할 수 있 는 구역 입니다 . 넛지 (Nudge) 나 핸드가이딩컨트롤 (HGC) 기 능은 협동작업 구역 내에서만 실행가능 합 니다 . 감속률을 설정하여 태스크
7. 6.7.3 Safety Settings | pages [219] | no_match keyword=0.00 semantic_rank=- | 항목 설명 3 Signal Setting 각 port 에 설정한 옵션입니다 . 설정할 수 있는 옵션은 다음과 같습니다 . Not Used Emergence Stop (L) Emergence Stop - No Loopback (L) Safe Torque Off (L) Safe Operating Stop (L) Abnorma
8. 안전정격 감시기능 | pages [26] | no_match keyword=0.00 semantic_rank=- | 안전 기능 안전기능 동작조건 Triggering Event 의도된 동작 Intended result PFHd PL, SIL 5 충돌 감지 Collision Detection 각 축에 가해지는 토크중 어느 하나라도 설정된 충 돌감지 민감도별 각 축 한 계치를 넘어선 경우 설정된 안전 정지모드에 따라 보호정지합니다 . STO
9. 안전기능의 설정 | pages [29] | no_match keyword=0.00 semantic_rank=- | 구분 안전 설정 기능 설명 1 기본 / 전역 설정 월드 좌표계 (World Coordinates) 설정 (p. 189) 로봇 및 작업대상을 포함한 작업영역을 대표하 는 좌표계를 설정할 수 있습니다 . 로봇 제한치 (Robot Limits) 설정 (p. 210) 조인트와 로봇 /TCP 안전 정격 감시기능의 전역 안전 제한치
10. 6.7.3 Safety Settings | pages [239] | semantic_rank:1 | 항목 설명 원기둥 공간 제한 (Space Limit) / 구역 (Zone) 의 형태를 원기둥으로 구성합니다 . 원기둥의 반지름 거리의 점 , 윗면의 한 점 , 밑면의 한 점을 입력한 후 , 포즈 저장 버튼을 탭 하십시오 . 다면 상자 공간 제한 (Space Limit) / 구역 (Zone) 의 형태를 다면 상자로 구성합니",4,O,3,O,4,O,3,O
Q22,기존,다양한 프로그램 명령어를 조립하여 로봇 동작을 구성하는 두산로보틱스의 프로그래밍 모듈 명칭은 무엇입니까?,프로그래밍/Task Editor,개념 확인형,Task Editor (태스크 에디터),page_262_img_0_0.jpeg,3,O,"keyword:task,editor; semantic_rank:15","1. 알아보기 | pages [313] | no_match keyword=0.25 semantic_rank=- | 로봇에서 그리퍼의 쥐기 (Grip) 와 펴기 (Release) 동작을 Sub 명령어를 사용하여 구현한 예시의 경우 다음과 같이 동작 합니다 . Main 문에서 첫 라인부터 순차적으로 태스크 프로그램이 실행 됩니다 . Call Sub 에서 호출한 Sub(A) 로 이동합니다 . 예시 프로그램 : Grip 서브루틴을 호출합니다
2. 모듈 | pages [339] | no_match keyword=0.00 semantic_rank=- | 이 모듈에서는 다양한 기준 및 날짜에 따라 로그들을 관리할 수 있습니다 .
3. 프로그램 화면 구성 알아보기 | pages [164] | keyword:task,editor; semantic_rank:15 | 항목 설명 1 Home 모듈 아이콘 Home 모듈을 실행합니다 . 2 Settings 모듈 아이콘 Settings 모듈을 실행합니다 . 3 Robot Parameter 모듈 아이콘 Robot Parameter 모듈을 실행합니다 . 4 Task Editor 모듈 아이콘 Task Editor 모듈을 실행합니다 .
4. 프로그램 화면 구성 알아보기 | pages [165] | no_match keyword=0.00 semantic_rank=- | 항목 설명 1 Header 자동 / 수동 모드 스위치 , 로봇 상태 , 로봇 파라미터 , 툴 설정 , 메뉴 , 시간 기능 을 제공하는 패널입니다 . 2 Body 실행한 모듈의 화면이 표시되는 패널입니다 . 3 Footer 서보 스위치 , 즐겨찾기 모듈 , 로봇 / 가상 모드 스위치 , 빠른 제어 , 프로그램 제어 , 로봇
5. 모듈 | pages [262] | keyword:task,태스크; semantic_rank:6 | 메뉴 구성 항목 설명 1 명령어 편집 도구 (CTR) 복사 : 명령어를 복사합니다 . 잘라내기 : 명령어를 잘라냅니다 . 붙여넣기 : 복사 또는 잘라낸 명령어를 붙입니다 . 삭제 : 명령어를 삭제 합니다 . 줄 올림 : 명령어 줄을 한 칸 올립니다 . 줄 내림 : 명령어 줄을 한 칸 내립니다 . 주석 : 명령어를 주석 처
6. 6.9.11 Signal Commands | pages [328] | no_match keyword=0.00 semantic_rank=- | 프로토콜 설명 주요 용도 FOCAS FANUC CNC CNC 기계 문제 해결 자주 발생하는 문제 1. 연결 실패 네트워크 설정 확인 방화벽 설정 확인 장비 전원 상태 확인 2. 데이터 읽기 / 쓰기 실패 주소 범위 확인 데이터 타입 일치 확인 3. 성능 저하 폴링 주기 조정 불필요한 연결 제거 네트워크 대역폭 확인 디바이
7. (CS-12P) | pages [398] | no_match keyword=0.00 semantic_rank=- | 시스템 구성도 번호 이름 설명 1 티치펜던트 시스템 전체를 관리하는 기기로 로봇에게 특정 자 세를 학습시키거나 매니퓰레이터와 컨트롤러에 관 련된 설정을 할 수 있습니다 . 2 컨트롤러 티치펜던트에서 설정한 자세나 움직임에 따라 로봇 의 움직임을 조정합니다 . 다양한 입출력 포트를 갖 추고 있어 다양한 장비 및 장치를 연결
8. 설정하기 | pages [158] | no_match keyword=0.00 semantic_rank=- | 두산로보틱스의 ModbusTCP Slave 기능은 로봇 파라미터 모니터링 , General Purpose Register(GPR) ( General Purpose Register(GPR) 사용하기 (p. 158) 참고 ) 기능을 지원합니다 . 해당 기능은 로봇 제어기가 정상 부팅시 자동으로 시작하는 기능입니다 . 따라서
9. 디버그 플레이어 | pages [322] | no_match keyword=0.00 semantic_rank=- | 전체 실행 모드 기능 설명 모든 명령어를 순차적으로 실행하여 프로그램 흐름을 검토하는 모드입니다 . 사용 방법 1. 실행 버튼 클릭 시 모든 명령어가 실행됩니다 . ‘ 건너뛰기 지점 ’ 설정 시 해당 지점은 건너뛰고 실행됩니다 . ‘ 중단점 ’ 설정 시 해당 지점까지 실행되고 프로그램이 일시정지 상태가 됩니다 . 체크 항
10. 기능 | pages [322] | no_match keyword=0.25 semantic_rank=- | 로봇이 구동 중 , 문제가 발생할 경우와 유저가 명령을 내릴 경우 로봇 동작을 중지 시키고 작업자가 개입해 상황을 해 결할 수 있는 팝업을 표시하고 , 사용자가 문제를 해결한 후 문제 발생 Program line 에서 task 를 이어서 진행하는 기능 을 제공합니다 .",8,△,"keyword:task,editor,태스크; semantic_rank:5","1. 기본 개념 알아보기 | pages [272] | no_match keyword=0.25 semantic_rank=- | 두산 로봇은 총 9 종류의 모션을 제공하고 있습니다 . 기본 모션인 MoveJ , MoveL 및 이 두 가지 모션에서 파생되는 7 가지의 모션으로 로봇의 움직임을 제어하게 됩니다 . 로봇 모션의 종류 Motion Feature 1 MoveJ 로봇의 각 관절이 현재 각도에서 목표 각도로 동시에 이동 후 동시에 멈춤 목표 관
2. 설정하기 | pages [158] | no_match keyword=0.00 semantic_rank=- | 두산로보틱스의 ModbusTCP Slave 기능은 로봇 파라미터 모니터링 , General Purpose Register(GPR) ( General Purpose Register(GPR) 사용하기 (p. 158) 참고 ) 기능을 지원합니다 . 해당 기능은 로봇 제어기가 정상 부팅시 자동으로 시작하는 기능입니다 . 따라서
3. 6.9.7 SubTask / CallSubTask | pages [316] | no_match keyword=0.25 semantic_rank=- | 두산 로봇에서는 SubTask 명령어와 , SubTask 문을 호출 하기 위한 CallSubTask 명령어를 제공합니다 . SubTask 명령어 추가하기 1. Command 탭에서 Flow Control 그룹 안에 있는 SubTask 명령어를 찾아서 클릭합니다 . 속성 탭에서 SubTask 이름을 작성합니다 . 기존에 작
4. 안전기능 | pages [21] | no_match keyword=0.00 semantic_rank=- | 사용자 / 시스템 통합자는 두산로봇이 제공하는 다양한 안전 정격 정지기능 , 감시기능 및 인터페이스 기능을 사용하 여 , 작업자와 기계를 보호하고 , 다른 기계 및 안전 방호장치를 연결할 수 있습니다 . 각 안전 정격 정지기능 , 감시기능 및 인터페이스 기능은 ISO 13849-1 에서 설명하는 Category 3, Pe
5. 안전정격 입출력 | pages [27] | no_match keyword=0.00 semantic_rank=- | 두산로봇은 안전보호장치로부터 보호 장치 , 비상 정지 스위치 , 활성화 스위치 및 제어 장치 등을 연결할 수 있는 안전 정격 입력 인터페이스를 제공합니다 . 또한 로봇의 모드 및 상태 정보는 물론 TCP 가 다양한 유형의 안전 영역에 있는 지 여부를 출력할 수 있는 안전 정격 출력 인터페이스를 제공합니다 . 안전 기능 기
6. 알아보기 | pages [312] | no_match keyword=0.00 semantic_rank=- | Sub 는 서브루틴 (Subroutine) 의 약어입니다 . 서브루틴이란 2 회 이상 중복 사용되는 부분이 있을 때 그 부분을 별도로 필요할 때마다 호출하여 사용함으로써 프로그램의 스텝수를 절약하는 처리를 의미 합니다 . 두산 로봇에서는 Sub 명령어와 해당 Sub 문을 호출 하기 위한 CallSub 명령어를 제공합니다
7. 로봇 시작하기 | pages [81] | no_match keyword=0.00 semantic_rank=- | 로봇 시작하기에서 사용자는 로봇의 설치에서 실행까지 전반적인 과정을 학습할 수 있습니다 . Step1. 로봇 설치하기 : 로봇을 설치하고 컨트롤러와 티치펜던트를 연결합니다 . 두산 로봇을 설치하고 초기 구동하 는 방법을 학습할 수 있습니다 . Step2. 툴 설치 및 I/O 테스트하기 : 두산 로봇 끝 단의 플랜지에 툴을
8. 명령어 | pages [318] | keyword:task,editor,태스크; semantic_rank:5 | Task Editor 에서는 이동 명령어 , 플로우 컨트롤 , 신호 명령어 , 기타 명령어 , 힘 제어 명령어 , 고급 명령어를 사용하여 태스크 프로그램을 만들 수 있습니다 . 모션 명령어 로봇의 자세를 조정하거나 변경할 수 있습니다 . Move 사용자가 선택한 모션 타입 (Move J, Move L) 을 이용해 저장된
9. 힘 제어 개념 알아보기 | pages [277] | no_match keyword=0.00 semantic_rank=- | 순응 (Compliance) 제어 순응 제어 (Compliance Control) 란 로봇 끝단의 TCP 에 힘이 가해질 때 설정된 강성에 따라 외력에 순응 하는 기능입 니다 . 목표점에서 힘 평형을 이루며 평형점을 기준으로 변위가 발생했을 때 반력 발생하는 제어 방식이며 순응 제어 를 상태에서는 로봇 끝단이 마치 용수철
10. 확장 프로토콜 설정 및 사용 | pages [153] | no_match keyword=0.00 semantic_rank=- | 확장 프로토콜 - EtherNet/IP Adapter(eip adapter) 설정하기 두산로보틱스의 로봇 제어기는 외부의 장치 (EtherNet/IP Scanner/Master) 에서 로봇의 Parameter 를 읽고 일부의 데 이터를 변경할 수 있도록 하는 EtherNet/IP Adapter(Slave) 기능을 지원합니",8,△,,X,9,△,,X
Q23,기존,로봇 시스템의 시간 기능을 확인하는 곳은 화면의 어디입니까?,UI/시스템 정보 확인,화면 위치형,Header의 현재 시간 정보,page_167_img_3_0.jpeg,4,O,"keyword:header,시간; semantic_rank:1","1. 시스템 전원 끄기 | pages [94] | no_match keyword=0.00 semantic_rank=- | MANDATORY EASY 1 MIN 시스템의 전원을 끄려면 티치 펜던트 화면의 종료 버튼을 누르거나 티치펜던트 좌측 상단에 있는 전원 버튼을 2 초 정 도 길게 누르십시오 . 화면에 전원 종료 팝업이 나타납니다 . 전원 종료 팝업에서 확인 버튼을 눌러 시스템을 정상적으로 종료합니다 .
2. 티치 펜던트를 사용할 경우 | pages [163] | no_match keyword=0.00 semantic_rank=- | 티치 펜던트 좌측 상단에 있는 전원 버튼을 길게 누르십시오 . 로봇 , 컨트롤러 , 티치 펜던트와 같은 시스템에 필요한 전원이 켜집니다 . 시스템의 전원이 켜지면 로봇의 상태 LED 가 점등됩니다 . 전원을 끄려면 티치 펜던트 화면의 종료 버튼을 누르거나 티치펜던트 좌측 상단에 있는 전원 버튼을 2 초 정도 길게 누르십시
3. 안전검사 고시 | pages [46] | no_match keyword=0.00 semantic_rank=- | 로봇 시스템 정지 기능 모든 로봇 시스템은 보호정지 및 별도의 비상정지 기능을 가질 것 가 . 비상정지 기능 1. 로봇 시스템은 시스템의 모든 관련부분에 대하여 작동되는 단일 비 상정지 기능을 가질 것 2. 다중 로봇 또는 다중 셀의 경우 제어범위를 나눌 수 있으며 , 제어범위 는 비상정지 장치 근처에 문자 또는 기호로
4. 프로그램 화면 구성 알아보기 | pages [165] | keyword:header,시간; semantic_rank:1 | 항목 설명 1 Header 자동 / 수동 모드 스위치 , 로봇 상태 , 로봇 파라미터 , 툴 설정 , 메뉴 , 시간 기능 을 제공하는 패널입니다 . 2 Body 실행한 모듈의 화면이 표시되는 패널입니다 . 3 Footer 서보 스위치 , 즐겨찾기 모듈 , 로봇 / 가상 모드 스위치 , 빠른 제어 , 프로그램 제어 , 로봇
5. 시스템 정보 | pages [349] | keyword:현재,시간,정보; semantic_rank:2 | System Settings > System Information 메뉴에서는 아래와 같은 시스템 정보들을 확인할 수 있습니다 . DART-Platform 버전 Platform Version: 현재 DART-Platform 의 버전 Platform SDK Version: 현재 DART-Platform 이 사용하고 있는 SD
6. 안전정격 입출력 | pages [27] | no_match keyword=0.20 semantic_rank=- | 알아두기 PFHd(Probability of a dangerous Failure per Hour) : 안전 관련 시스템 / 하위 시스템의 시간당 위험고 장 확률 PL(Performance Level) : ISO 13849-1 에 따른 제어 시스템의 안전 관련 부품 (SRP/CS) 의 성능 수준 SIL(Safety inte
7. 모듈 | pages [375] | no_match keyword=0.20 semantic_rank=- | 조그 플러스 (Jog Plus) 모듈에서는 수동 모드로 전체 작업 공간을 탐색 (exploring) 하거나 사용자가 설정한 작동 공간 (Operation Space) 을 로봇 작업 공간으로 선택하여 탐색할 수 있습니다 . 각 축의 이동 각도는 로봇의 사양 , 조그 화면 에서 선택한 작동 공간 , 설정 화면의 안전 설정 중
8. 로봇 설치하기 | pages [82] | no_match keyword=0.20 semantic_rank=- | 분류 작업 필수 작업 난이도 작업 시간 ( 분 ) 8 비상 정지 버튼 해제하기 EASY 1 9 패키징 자세 해제하기 EASY 3 10 서보 오프 하기 EASY 1
9. 원격 제어 모드 | pages [258] | no_match keyword=0.20 semantic_rank=- | 대시보드 메뉴 구성 항목 설명 1 입력 신호 안전입출력에서 설정 된 안전 입력 신호 항목 중 , 원격 제어 활성화 시그 널을 받아 표시합니다 . 2 전체 시간 태스크가 실행된 시간을 표시합니다 . 3 사이클 횟수 태스크 반복 횟수를 표시합니다 . 4 사이클 시간 태스크의 원 사이클 시간을 표시합니다 . 5 충돌 민감도 충
10. 시스템 정보 | pages [350] | keyword:현재,시간,정보 | Total Task Play Time: 총 Task 실행 시간 Total Task Play Count: 총 Task 실행 횟수 See Terms & Policy: 현재 DART-Platform 의 약관 & 정책",1,O,"keyword:header,시간; semantic_rank:1","1. 프로그램 화면 구성 알아보기 | pages [165] | keyword:header,시간; semantic_rank:1 | 항목 설명 1 Header 자동 / 수동 모드 스위치 , 로봇 상태 , 로봇 파라미터 , 툴 설정 , 메뉴 , 시간 기능 을 제공하는 패널입니다 . 2 Body 실행한 모듈의 화면이 표시되는 패널입니다 . 3 Footer 서보 스위치 , 즐겨찾기 모듈 , 로봇 / 가상 모드 스위치 , 빠른 제어 , 프로그램 제어 , 로봇
2. 설정하기 | pages [357] | keyword:시간,정보 | Robot 정보 설정하기 메뉴 구성 항목 설명 1 제어기 시리얼 번호 제어기 시리얼 번호가 보여집니다 . 2 제어기 시리얼 번호 복사 시리얼 번호를 복사할 수 있습니다 . 3 로봇 시리얼 번호 로봇 시리얼 번호가 보여집니다 . 4 로봇 모델 로봇 모델명이 나타납니다 . Robot 유휴 서보 오프 일정 시간 동안 로봇 유휴
3. 알아보기 | pages [168] | keyword:현재,시간,정보; semantic_rank:6 | 항목 설명 3 로봇 파라미터 파일 정보 현재 설정된 로봇 파라미터 파일의 이름이 표시됩니다 . 로봇 파라미터 파일의 설정값과 제어기에 설정된 정보가 일치하지 않는 경우 아래와 같이 표시됩니다 . 4 안전 체크섬 제어기에 설정된 로봇 파라미터에 대한 체크섬 정보가 표시됩니다 . 5 Tool 설정 현재의 TCP, Tool W
4. 원격 제어 모드 | pages [258] | no_match keyword=0.20 semantic_rank=- | 대시보드 메뉴 구성 항목 설명 1 입력 신호 안전입출력에서 설정 된 안전 입력 신호 항목 중 , 원격 제어 활성화 시그 널을 받아 표시합니다 . 2 전체 시간 태스크가 실행된 시간을 표시합니다 . 3 사이클 횟수 태스크 반복 횟수를 표시합니다 . 4 사이클 시간 태스크의 원 사이클 시간을 표시합니다 . 5 충돌 민감도 충
5. 로봇 시스템 구성 및 설명 | pages [101] | no_match keyword=0.00 semantic_rank=- | 주요 기능 No. 항목 설명 1 콕핏 (Cockpit) [ 옵션 ] 직접 교시를 위한 콘트롤러입니다 . 2 툴 플랜지 (Tool Flange) 툴을 장착하는 부위입니다 . 3 플랜지 I/O 툴 제어를 위한 입출력 포트입니다 . ( 디지털 입력 2ch, 출력 2ch) 4 LED(1 축 ) 로봇의 상태를 색상으로 표시합니다
6. (Space Limit) | pages [39] | no_match keyword=0.00 semantic_rank=- | 로봇 제한치 (Robot Limits) (p. 210) 의 로봇의 조인트 각도 제한치 외에 , 직교 좌표상에서 로봇이 작동 공간을 제한할 수 있습니다 . 로봇 또는 TCP 가 자동운전 또는 수동모드에서 공간제한을 위반하면 안전 정지 모드 (Safety Stop Mode) 설정에 따라 정지합니다 . 핸드가이딩으로 직접교시
7. 화면 | pages [388] | no_match keyword=0.20 semantic_rank=- | 메뉴 구성 항목 설명 1 로봇 자세 현재 로봇의 조인트 자세와 태스크 자세를 표시합니다 . 태스크 자 세의 경우 4 번에서 선택한 기준 좌표계에 따릅니다 .
8. 명령어 예제 따라하기 | pages [310] | no_match keyword=0.00 semantic_rank=- | 4 번 줄의 Wait 명령어를 선택하십시오 . 속성 (Property) 탭을 선택하십시오 . Wait Time 을 다음과 같이 설정합니다 . Wait Time : 3 sec 33. 5 번 줄의 Custom Code 명령어를 선택하십시오 . Single Line 을 선택하고 다음의 drl 명령어를 추가합니다 . 해당 명령어
9. 명령어 예제 따라하기 | pages [298] | no_match keyword=0.20 semantic_rank=- | 실행 버튼을 누르십시오 . wait 시간 동안 로봇의 끝 단을 잡고 로봇의 몸체 방향으로 천천히 밀어보십시오 . 로봇이 미는 힘에 의해 이동했다가 손을 떼면 다시 원래 위치로 복귀합니다 .
10. 안전기능 | pages [21] | no_match keyword=0.20 semantic_rank=- | 시스템 통합자가 수행하는 위험성 평가의 일부로서 이 시간을 고려 해야 합니다 . 특수한 케이스 ( 충돌감지 , TCP Force Violation) 에 대해서는 , 고정된 지그 / 작업물과 로봇 사이에 인체가 협착되는 상황을 회피하기 위해 , 이벤트 발생 시점부터 약 0.25 초 동안 외력에 순응한 후 로봇을 정지시 키는",1,O,,X,1,O,7,△
Q24,기존,로봇의 이동 경로를 티칭할 때 직선으로 이동하도록 강제하는 모션 명령어는 무엇입니까?,프로그래밍/모션 명령,명령어 확인형,MoveL,page_275_img_0_0.jpeg,1,O,keyword:movel; semantic_rank:3,"1. 기본 개념 알아보기 | pages [275] | keyword:movel; semantic_rank:3 | Type MoveJ MoveL 1 이동 방 식 로봇의 모든 관절이 현재 각도에서 목표 각 도로 동시에 이동 후 동시에 멈춤 로봇 끝단의 TCP 가 선택한 좌표계에 대해 선형 모션 (Linear motion) 으로 이동 2 장점 이동 속도가 빠름 로봇 특이점 (Singularity) 의 영향을 받지 않 음 TCP 의 이동
2. 기본 개념 알아보기 | pages [272] | keyword:movel; semantic_rank:7 | 두산 로봇은 총 9 종류의 모션을 제공하고 있습니다 . 기본 모션인 MoveJ , MoveL 및 이 두 가지 모션에서 파생되는 7 가지의 모션으로 로봇의 움직임을 제어하게 됩니다 . 로봇 모션의 종류 Motion Feature 1 MoveJ 로봇의 각 관절이 현재 각도에서 목표 각도로 동시에 이동 후 동시에 멈춤 목표 관
3. 기본 개념 알아보기 | pages [273] | semantic_rank:8 | 5 MoveJX 로봇 TCP 가 목표점으로 이동할 때 로봇 자세를 임의로 지정하여 이동 목표 점 (X, Y, Z, RZ, RY, RX) 으로 MoveJ 모션 이동 로봇 관절 이동이므로 경로를 예측할 수 없음 6 MoveC 로봇 TCP 가 원호를 유지하며 목표점까지 이동 7 MoveB 직선 및 원호로 연속적으로 이루어진 구
4. 명령어 | pages [318] | semantic_rank:5 | Task Editor 에서는 이동 명령어 , 플로우 컨트롤 , 신호 명령어 , 기타 명령어 , 힘 제어 명령어 , 고급 명령어를 사용하여 태스크 프로그램을 만들 수 있습니다 . 모션 명령어 로봇의 자세를 조정하거나 변경할 수 있습니다 . Move 사용자가 선택한 모션 타입 (Move J, Move L) 을 이용해 저장된
5. 모듈 | pages [373] | semantic_rank:11 | 조그 플러스 탭에서 사용자가 원하는 수동 이동의 방식을 선택할 수 있습니다 . 조그 (Jog) : 로봇의 관절 또는 TCP 를 사용자가 선택한 관절축 또는 좌표축 기준으로 이동 이동 (Move) : 로봇의 관절 또는 TCP 를 사용자가 입력한 목표위치로 이동 로봇의 이동은 크게 두 가지로 구별 됩니다 . 조인트 모션 :
6. 로봇 모션 속성 알아보기 | pages [270] | semantic_rank:12 | 모션 간 블렌딩 (Blending) 적용이 불가능한 모션 명령어는 다음과 같습니다 . 이 명령어들은 이미 블렌 딩이 적용되어 있기 때문에 Radius 값을 적용한 후에 이 명령어들을 사용하면 에러가 발생합니 다 . WaitMotion, StopMotion 등의 명령어를 적절히 사용하면 이를 회피할 수 있습니다 . Move
7. 명령어 | pages [318] | semantic_rank:14 | 직선을 따라 움직 이지 않습니다 . Move Spiral 나선의 중심에서 바깥쪽으로 뻗어나가는 경로를 따라 로봇을 이동시키기 위해 사용됩니다 . Move Periodic 주기적으로 반복되는 경로를 따라 로봇을 이동시키기 위해 사용됩니다 . Stop Motion 태스크 실행 중 정지하기 위해 사용됩니다 . Wait Moti
8. 화면 | pages [382] | no_match keyword=0.00 semantic_rank=- | 항목 설명 22 태스크 모션 버튼 목표 Task 자세로 이동할 수 있습니다 . 각도 설정해서 움직이기 특정 각도로 로봇을 이동하려면 : 1. 이동 탭을 선택하십시오 . 로봇 조인트의 목표 각도를 입력하십시오 .
9. 로봇 모션 속성 알아보기 | pages [269] | no_match keyword=0.00 semantic_rank=- | 8 구동 모드 (Operation Mode) 1. 동기 (Sync) : 실행 중인 모션 명령어가 완전히 끝난 후 다음 명령어로 이동 2. 비동기 (Async) : 모션 명령어가 시작함과 동시에 다음 명령어를 실행 3. 반경 (Radius) : 모션 명령어의 도착점에 도달하기 전 반경 (radius) 구간에 서 비동기 기능
10. 명령어 예제 따라하기 | pages [287] | semantic_rank:9 | Task 이름을 Task_demo_compliance_ctrl 로 수정하십시오 . 수정한 Task 이름을 저장하십시오 . MoveJ 명령어를 추가하십시오 . 이 명령어는 로봇의 순응 제어 시작 위치로 이동하는데 사용될 예정입니다 .",1,O,semantic_rank:5,"1. 명령어 | pages [318] | semantic_rank:5 | Task Editor 에서는 이동 명령어 , 플로우 컨트롤 , 신호 명령어 , 기타 명령어 , 힘 제어 명령어 , 고급 명령어를 사용하여 태스크 프로그램을 만들 수 있습니다 . 모션 명령어 로봇의 자세를 조정하거나 변경할 수 있습니다 . Move 사용자가 선택한 모션 타입 (Move J, Move L) 을 이용해 저장된
2. 6.7.1 Robot Settings | pages [194] | no_match keyword=0.00 semantic_rank=- | Cockpit 직접 교시는 로봇의 끝단을 손으로 잡고 직접 로봇을 밀거나 당겨서 원하는 자세로 움직이고 그 위치를 현재 선택한 모션에 적용하기 위해 사용합니다 . 직접 교시 방식은 크게 두 가지로 구분됩니다 . 자율이동 (Freedrive) : 사용자가 가한 힘의 방향으로 로봇의 각 관절이 이동 구속모션 (Constrai
3. 명령어 | pages [318] | semantic_rank:14 | 직선을 따라 움직 이지 않습니다 . Move Spiral 나선의 중심에서 바깥쪽으로 뻗어나가는 경로를 따라 로봇을 이동시키기 위해 사용됩니다 . Move Periodic 주기적으로 반복되는 경로를 따라 로봇을 이동시키기 위해 사용됩니다 . Stop Motion 태스크 실행 중 정지하기 위해 사용됩니다 . Wait Moti
4. 힘 제어 개념 알아보기 | pages [276] | no_match keyword=0.00 semantic_rank=- | 힘 제어 (Force Control) 와 순응 제어 (Compliance Control) 는 로봇의 힘을 제어하는 기능입니다 . 또한 모션 명령어를 추가하는 경우 모션 이동과 동시에 힘을 제어할 수 있습니다 . 순응 제어와 힘 제어 방식은 아래와 같은 차이점이 있습 니다 . 순응 제어 순응 제어 시에는 로봇 끝단 TCP
5. 6.7.1 Robot Settings | pages [195] | no_match keyword=0.00 semantic_rank=- | 티치 펜던트 뒷면의 핸드가이드 버튼을 누르면 1 번 버튼을 누른 것과 동일하게 자율이동 모드로 로봇을 움직일 수 있 습니다 . 구속 모션 2 번과 3 번 버튼을 누른 상태에서는 임의의 방향으로 힘을 가하여도 로봇 끝단이 구속 조건과 일치하는 방향으로만 움직이게 됩니다 . 구속 조건은 그림과 같이 Z 축 고정 , 면 고정
6. 기본 개념 알아보기 | pages [273] | semantic_rank:8 | 5 MoveJX 로봇 TCP 가 목표점으로 이동할 때 로봇 자세를 임의로 지정하여 이동 목표 점 (X, Y, Z, RZ, RY, RX) 으로 MoveJ 모션 이동 로봇 관절 이동이므로 경로를 예측할 수 없음 6 MoveC 로봇 TCP 가 원호를 유지하며 목표점까지 이동 7 MoveB 직선 및 원호로 연속적으로 이루어진 구
7. (Space Limit) | pages [39] | no_match keyword=0.00 semantic_rank=- | 로봇 제한치 (Robot Limits) (p. 210) 의 로봇의 조인트 각도 제한치 외에 , 직교 좌표상에서 로봇이 작동 공간을 제한할 수 있습니다 . 로봇 또는 TCP 가 자동운전 또는 수동모드에서 공간제한을 위반하면 안전 정지 모드 (Safety Stop Mode) 설정에 따라 정지합니다 . 핸드가이딩으로 직접교시
8. (Robot Limits) | pages [40] | no_match keyword=0.00 semantic_rank=- | 기계적 동력 (Power) : 로봇의 기계적 동력의 제한치를 설정합니다 . 기계적 동력은 로봇의 토크와 속도와 비례합니 다 . TCP 속력 (TCP Speed) : 로봇 끝단의 TCP 속력의 제한치를 설정합니다 . 속도 및 이격거리 감시 운전모드에 활용 될 수 있습니다 . 운동량 (Momentum) : 로봇의 운동량 제한
9. 로봇의 모드 | pages [15] | no_match keyword=0.00 semantic_rank=- | 수동 모드 (Manual Mode) 로봇이 사용자의 직접적인 개입을 통하여 작동되는 모드입니다 . 작동과 관련된 버튼을 누르고 있는 상태에서만 로봇 이 움직이며 , 버튼에서 손을 떼면 로봇이 작동을 멈춥니다 . 수동 모드에서는 로봇 안전 규정에 따라 TCP 의 이동 속도가 250 mm/s 이하로 제한됩니다 . 단 , 핸드
10. 모듈 | pages [374] | no_match keyword=0.00 semantic_rank=- | 조인트 탭을 선택합니다 . 움직이려는 축을 선택하십시오 . 예를 들어 J1 을 선택할 수 있습니다 . +/- 버튼을 눌러서 로봇을 움직일 수 있습니다 . +/- 버튼을 누르고 있는 동안 로봇이 움직이며 화면에는 현재 위치가 실시간으로 표시됩니다 . 조그 화면에서 태스크 모션을 사용하여 로봇을 움직이는 방법은 다음과 같습니",1,O,6,△,2,O,2,O
Q25,기존,조인트 각도를 기준으로 목표 위치까지 가장 빠른 경로로 이동하는 모션 명령어는 무엇입니까?,프로그래밍/모션 명령,명령어 확인형,MoveJ,page_275_img_0_0.jpeg,2,O,semantic_rank:11,"1. 화면 | pages [378] | no_match keyword=0.00 semantic_rank=- | 로봇의 조인트 기준으로 실행하기 로봇의 조인트를 기준으로 각도를 조절하려면 : 1. 조인트 패널에서 각도를 조절할 축 (J1~J6) 을 선택하십시오 . 방향 버튼 ( , ) 을 길게 눌러 해당 축의 각도를 조절하십시오 .
2. 모듈 | pages [373] | semantic_rank:11 | 조그 플러스 탭에서 사용자가 원하는 수동 이동의 방식을 선택할 수 있습니다 . 조그 (Jog) : 로봇의 관절 또는 TCP 를 사용자가 선택한 관절축 또는 좌표축 기준으로 이동 이동 (Move) : 로봇의 관절 또는 TCP 를 사용자가 입력한 목표위치로 이동 로봇의 이동은 크게 두 가지로 구별 됩니다 . 조인트 모션 :
3. 화면 | pages [382] | no_match keyword=0.00 semantic_rank=- | 항목 설명 22 태스크 모션 버튼 목표 Task 자세로 이동할 수 있습니다 . 각도 설정해서 움직이기 특정 각도로 로봇을 이동하려면 : 1. 이동 탭을 선택하십시오 . 로봇 조인트의 목표 각도를 입력하십시오 .
4. 화면 | pages [379] | no_match keyword=0.00 semantic_rank=- | 로봇 베이스 기준으로 실행하기 로봇의 베이스 좌표를 기준으로 로봇을 이동하려면 : 1. 참조 좌표계를 베이스로 선택하십시오 . 태스크 패널에서 각도를 조절할 축 (X~RX) 을 선택하십시오 . 방향 버튼 (+,_) 을 길게 눌러 해당 축을 이동하십시오 . 월드 좌표계를 기준으로 실행하기 월드 좌표를 기준으로 로봇을 이동하
5. 기본 개념 알아보기 | pages [272] | keyword:movej; semantic_rank:7 | 두산 로봇은 총 9 종류의 모션을 제공하고 있습니다 . 기본 모션인 MoveJ , MoveL 및 이 두 가지 모션에서 파생되는 7 가지의 모션으로 로봇의 움직임을 제어하게 됩니다 . 로봇 모션의 종류 Motion Feature 1 MoveJ 로봇의 각 관절이 현재 각도에서 목표 각도로 동시에 이동 후 동시에 멈춤 목표 관
6. 로봇 모션 속성 알아보기 | pages [268] | keyword:movej; semantic_rank:9 | 이름 설명 1 주석 (Annotation) Task 창에서 확인이 명령어의 설명 또는 주석 2 기준 좌표계 (Coordinates) MoveJ : 없음 MoveL : 기준 좌표계 (BASE/WORLD/TOOL/USER) 를 기준으로 입력된 자세 (Pose) 정보를 계산 3 이동 유형 선택 1. 절대 (Absolute) 이
7. 알아보기 | pages [173] | no_match keyword=0.00 semantic_rank=- | 다관절 로봇에서 특이점 (Singularity) 란 간단하게 설명하면 로봇이 이동 중 자신의 다음 자세를 계산하기 어려워하는 위치 ( 또는 점 ) 입니다 . 다관절 로봇의 경우 로봇의 끝단을 기준으로 이동하는 동안의 각 관절의 각도를 계산합니다 . 예를 들면 아래 그림 1 의 상태에서 로봇이 빨간 점으로 이동하고자 할 때
8. 화면 | pages [381] | no_match keyword=0.00 semantic_rank=- | 메뉴 구성 항목 설명 16 기준 좌표계 선택 18 번 Task 좌표에 사용될 기준 좌표계를 선택합니다 . Base, World, User coordinate 를 선택할 수 있습니다 . 17 조인트 자세 현재 로봇 자세와 목표가 될 조인트 자세를 표시합니다 . 18 태스크 자세 선택한 기준 좌표계에 맞는 현재 로봇 자세와
9. 기본 개념 알아보기 | pages [275] | keyword:movej; semantic_rank:3 | Type MoveJ MoveL 1 이동 방 식 로봇의 모든 관절이 현재 각도에서 목표 각 도로 동시에 이동 후 동시에 멈춤 로봇 끝단의 TCP 가 선택한 좌표계에 대해 선형 모션 (Linear motion) 으로 이동 2 장점 이동 속도가 빠름 로봇 특이점 (Singularity) 의 영향을 받지 않 음 TCP 의 이동
10. 힘 제어 개념 알아보기 | pages [279] | keyword:movej; semantic_rank:13 | 비동기 모션 또는 블렌딩 모션이 실행되는 동안 Compliance On 또는 Off 할 수 없습니다 . Compliance 명령어 On 상태에는 선형 모션만 허용됩니다 . MoveJ, MoveSJ 와 같은 조인트 모션은 허용 되지 않습니다 . Compliance 명령어 On 상태에는 Tool 무게 또는 TCP 를 변경할",2,O,semantic_rank:11,"1. 화면 | pages [378] | no_match keyword=0.00 semantic_rank=- | 로봇의 조인트 기준으로 실행하기 로봇의 조인트를 기준으로 각도를 조절하려면 : 1. 조인트 패널에서 각도를 조절할 축 (J1~J6) 을 선택하십시오 . 방향 버튼 ( , ) 을 길게 눌러 해당 축의 각도를 조절하십시오 .
2. 모듈 | pages [373] | semantic_rank:11 | 조그 플러스 탭에서 사용자가 원하는 수동 이동의 방식을 선택할 수 있습니다 . 조그 (Jog) : 로봇의 관절 또는 TCP 를 사용자가 선택한 관절축 또는 좌표축 기준으로 이동 이동 (Move) : 로봇의 관절 또는 TCP 를 사용자가 입력한 목표위치로 이동 로봇의 이동은 크게 두 가지로 구별 됩니다 . 조인트 모션 :
3. 화면 | pages [382] | no_match keyword=0.00 semantic_rank=- | 항목 설명 22 태스크 모션 버튼 목표 Task 자세로 이동할 수 있습니다 . 각도 설정해서 움직이기 특정 각도로 로봇을 이동하려면 : 1. 이동 탭을 선택하십시오 . 로봇 조인트의 목표 각도를 입력하십시오 .
4. 모듈 | pages [374] | no_match keyword=0.00 semantic_rank=16 | 조인트 탭을 선택합니다 . 움직이려는 축을 선택하십시오 . 예를 들어 J1 을 선택할 수 있습니다 . +/- 버튼을 눌러서 로봇을 움직일 수 있습니다 . +/- 버튼을 누르고 있는 동안 로봇이 움직이며 화면에는 현재 위치가 실시간으로 표시됩니다 . 조그 화면에서 태스크 모션을 사용하여 로봇을 움직이는 방법은 다음과 같습니
5. 명령어 | pages [318] | semantic_rank:5 | Task Editor 에서는 이동 명령어 , 플로우 컨트롤 , 신호 명령어 , 기타 명령어 , 힘 제어 명령어 , 고급 명령어를 사용하여 태스크 프로그램을 만들 수 있습니다 . 모션 명령어 로봇의 자세를 조정하거나 변경할 수 있습니다 . Move 사용자가 선택한 모션 타입 (Move J, Move L) 을 이용해 저장된
6. (Robot Limits) | pages [40] | no_match keyword=0.00 semantic_rank=- | 기계적 동력 (Power) : 로봇의 기계적 동력의 제한치를 설정합니다 . 기계적 동력은 로봇의 토크와 속도와 비례합니 다 . TCP 속력 (TCP Speed) : 로봇 끝단의 TCP 속력의 제한치를 설정합니다 . 속도 및 이격거리 감시 운전모드에 활용 될 수 있습니다 . 운동량 (Momentum) : 로봇의 운동량 제한
7. 로봇 모션 속성 알아보기 | pages [268] | keyword:movej; semantic_rank:9 | 이름 설명 1 주석 (Annotation) Task 창에서 확인이 명령어의 설명 또는 주석 2 기준 좌표계 (Coordinates) MoveJ : 없음 MoveL : 기준 좌표계 (BASE/WORLD/TOOL/USER) 를 기준으로 입력된 자세 (Pose) 정보를 계산 3 이동 유형 선택 1. 절대 (Absolute) 이
8. 화면 | pages [381] | no_match keyword=0.00 semantic_rank=- | 메뉴 구성 항목 설명 16 기준 좌표계 선택 18 번 Task 좌표에 사용될 기준 좌표계를 선택합니다 . Base, World, User coordinate 를 선택할 수 있습니다 . 17 조인트 자세 현재 로봇 자세와 목표가 될 조인트 자세를 표시합니다 . 18 태스크 자세 선택한 기준 좌표계에 맞는 현재 로봇 자세와
9. 기본 개념 알아보기 | pages [275] | keyword:movej; semantic_rank:3 | Type MoveJ MoveL 1 이동 방 식 로봇의 모든 관절이 현재 각도에서 목표 각 도로 동시에 이동 후 동시에 멈춤 로봇 끝단의 TCP 가 선택한 좌표계에 대해 선형 모션 (Linear motion) 으로 이동 2 장점 이동 속도가 빠름 로봇 특이점 (Singularity) 의 영향을 받지 않 음 TCP 의 이동
10. 힘 제어 개념 알아보기 | pages [279] | keyword:movej; semantic_rank:13 | 비동기 모션 또는 블렌딩 모션이 실행되는 동안 Compliance On 또는 Off 할 수 없습니다 . Compliance 명령어 On 상태에는 선형 모션만 허용됩니다 . MoveJ, MoveSJ 와 같은 조인트 모션은 허용 되지 않습니다 . Compliance 명령어 On 상태에는 Tool 무게 또는 TCP 를 변경할",2,O,6,△,2,O,6,△
Q26,기존,소프트웨어 업데이트 모듈을 설치할 때 사용하는 패키지 파일의 확장자는 무엇입니까?,시스템 관리/소프트웨어 업데이트,파일 형식 확인형,.dm (다운로드 받은 모듈 패키지 설치 파일),page_167_img_2_0.jpeg,1,O,"keyword:dm,다운로드,받은,모듈,패키지,설치; semantic_rank:1","1. 화면 알아보기 | pages [167] | keyword:dm,다운로드,받은,모듈,패키지,설치; semantic_rank:1 | 항목 설명 2 즐겨찾기 수정 Footer 의 즐겨찾기 모듈 목록에 표시할 모듈을 선택할 수 있습니다 . 즐겨찾기 수정 버튼을 클릭하여 모듈을 선택 / 해제하면 , Footer 즐겨찾기 모 듈 목록에 바로 적용됩니다 . 즐겨찾기 저장 버튼을 클릭하여 즐겨찾기 수정을 끝낼 수 있습니다 . 3 모듈 설치 다운로드 받은 모듈 패
2. 로봇 업데이트 및 복원 | pages [361] | no_match keyword=0.14 semantic_rank=- | 업데이트를 시작하면 패키지 검사가 진행됩니다 . 패키지 검사가 완료되면 아래와 같이 업데이트 화면이 표시됩니 다 . 업데이트를 수행하기 전에 주의 사항 및 동의 정보에 대한 내용을 상세하게 확인하세요 . 업데이트에 실패하면 롤백이 실행됩니다 . 롤백에 실패하면 아래 화면이 표시되며 , ' 재시작하여 롤백 진행 ' 버튼을
3. 모듈 업데이트 | pages [373] | no_match keyword=0.29 semantic_rank=- | 유료 모듈을 업데이트하는 경우 , 기존에 모듈을 설치했던 계정과 업데이트를 하기 위하여 로그인한 Store 계정이 동 일한 경우에만 모듈 업데이트를 수행할 수 있습니다 .
4. 모듈 업데이트 | pages [372] | semantic_rank:3 | Data Management → Installed Module List 메뉴에서는 플랫폼에 설치된 모듈의 버전이 Dr.Dart-Store 에 배포된 모듈보다 버전이 낮을 경우 , 업데이트 버튼이 활성화됩니다 . 해당 버튼을 통해서 사용자는 모듈을 최신 버전으로 업 데이트할 수 있습니다 . 알아두기 모듈 업데이트는 관리자
5. 로봇 업데이트 및 복원 | pages [360] | no_match keyword=0.29 semantic_rank=- | 업데이트 Robot Update > Update 메뉴에서는 업데이트 파일을 사용하여 시스템을 업데이트 하는 기능을 제공합니다 . 업데이트 영역에서 원하는 업데이트 파일을 업로드합니다 . 업로드가 완료되면 업데이트 버튼이 표시되며 , 해당 버 튼을 통해서 업데이트를 수행할 수 있습니다 . 메뉴 구성 항목 설명 1 Curre
6. 소프트웨어 복구 모드 사용하기 | pages [183] | no_match keyword=0.00 semantic_rank=- | 항목 설명 8 Joint/Task 원하는 값을 입력하여 로봇을 움직일 수 있습니다 . 소프트웨어 복구 모드를 사용하려면 : 1. 주 메뉴 창에서 Recovery 메뉴를 탭 하십시오 . Recovery 창에서 소프트웨어 복구 화면이 자동으로 활성화됩니다 . 소프트웨어 복구 화면 오른쪽 조인트 설정 창에서 각 조인트 버튼을
7. 모듈 | pages [181] | no_match keyword=0.14 semantic_rank=- | Recovery Module: 안전 위반이 지속되는 오류가 발생하거나 운반 / 운송을 위해 로봇을 포장할 경우 안전복구 모드를 이용해 사용자가 지정한 위치와 각도로 로봇을 설정할 수 있습니다 . Recovery 모듈은 하단의 Recovery 버튼을 통해 들어갈 수 있습니다 . 소프트웨어 복구 : 로봇이 운전 영역을 벗어나
8. 소프트웨어 복구 모드 사용하기 | pages [183] | no_match keyword=0.00 semantic_rank=- | 설정 값을 변경하면 왼쪽 시뮬레이션 창에 실시간으로 반영됩니다 . 설정이 완료되면 왼쪽 상단의 X 버튼을 탭 해 창을 닫으십시오 . 주의 소프트웨어 복구 모드는 조인트 각도 제한이 3 도를 초과한 상태에서 사용할 수 없습니다 .
9. 로봇 업데이트 및 복원 | pages [362] | no_match keyword=0.00 semantic_rank=- | 시스템 복원 Robot Update > System Restore 메뉴에서는 업데이트 정보를 기반으로 시스템을 복원할 수 있는 기능을 제공합니 다 . 백업 리스트에서 원하는 복원 지점을 선택한 뒤 , 복원 버튼을 클릭합니다 .
10. 로봇 업데이트 및 복원 | pages [363] | no_match keyword=0.00 semantic_rank=- | 메뉴 구성 항목 설명 1 Current Version Info 현재 어플리케이션 / 시스템 /OS 버전 정보를 보여줍니다 . 2 Backup List 백업 가능한 복원 버전들의 리스트를 보여줍니다 . 리스트 상의 항목 들은 업데이트 기능을 이용해 업데이트 할 경우 생성됩니다 . 3 Restore 복원 버전 리스트 선택 시",1,O,semantic_rank:3,"1. 모듈 업데이트 | pages [372] | semantic_rank:3 | Data Management → Installed Module List 메뉴에서는 플랫폼에 설치된 모듈의 버전이 Dr.Dart-Store 에 배포된 모듈보다 버전이 낮을 경우 , 업데이트 버튼이 활성화됩니다 . 해당 버튼을 통해서 사용자는 모듈을 최신 버전으로 업 데이트할 수 있습니다 . 알아두기 모듈 업데이트는 관리자
2. 화면 알아보기 | pages [167] | keyword:dm,다운로드,받은,모듈,패키지,설치; semantic_rank:1 | 항목 설명 2 즐겨찾기 수정 Footer 의 즐겨찾기 모듈 목록에 표시할 모듈을 선택할 수 있습니다 . 즐겨찾기 수정 버튼을 클릭하여 모듈을 선택 / 해제하면 , Footer 즐겨찾기 모 듈 목록에 바로 적용됩니다 . 즐겨찾기 저장 버튼을 클릭하여 즐겨찾기 수정을 끝낼 수 있습니다 . 3 모듈 설치 다운로드 받은 모듈 패
3. 로봇 업데이트 및 복원 | pages [360] | no_match keyword=0.29 semantic_rank=- | 업데이트 Robot Update > Update 메뉴에서는 업데이트 파일을 사용하여 시스템을 업데이트 하는 기능을 제공합니다 . 업데이트 영역에서 원하는 업데이트 파일을 업로드합니다 . 업로드가 완료되면 업데이트 버튼이 표시되며 , 해당 버 튼을 통해서 업데이트를 수행할 수 있습니다 . 메뉴 구성 항목 설명 1 Curre
4. 데이터 관리하기 | pages [366] | keyword:모듈,설치,파일; semantic_rank:2 | 설치된 모듈 리스트 이 메뉴에서는 설치된 모듈들을 확인하고 관리할 수 있습니다 . 메뉴 구성 항목 설명 1 카테고리 모듈 리스트에서 보고 싶은 모듈의 타입이나 상태 카테고리를 선택할 수 있고 , 직접 검색도 가능합니다 . 2 Install from File 사용자의 파일에서 모듈 설치가 가능합니다 . 3 Module Na
5. 사용 시 주의사항 | pages [13] | semantic_rank:5 | 추가 모듈에 대한 안내는 해당 매뉴얼을 참조하십시오 .
6. 모듈 업데이트 | pages [373] | no_match keyword=0.29 semantic_rank=- | 유료 모듈을 업데이트하는 경우 , 기존에 모듈을 설치했던 계정과 업데이트를 하기 위하여 로그인한 Store 계정이 동 일한 경우에만 모듈 업데이트를 수행할 수 있습니다 .
7. 모듈 | pages [373] | semantic_rank:13 | 알아두기 기존에 모듈을 설치한 계정과 로그인한 계정이 달라서 모듈을 업데이트할 수 없다면 , 기존에 설치한 모듈을 삭제한 뒤 , 구매한 계정으로부터 최신 모듈을 설치하십시오 .
8. ................................................ 162 | pages [7] | semantic_rank:9 | 6.11 Logs 모듈 .......................................................................................... 338 6.12 Store 모듈 ..........................................................
9. 모듈 | pages [343] | keyword:dm,다운로드,모듈; semantic_rank:4 | 5 Account 로그인 하지 않은 상태일 경우 로그인 화면으로 이동합니다 . 로그인 중일 경우 탭하면 사용자의 계정으로 이동하며 , 계정 설정 및 모듈 업로드 / 다운로드 관리가 가능합니다 . 알아두기 기존 레거시 Dart-Platform 에서는 통신 모듈들이 경우 기본 탑재되었으나 , 현재 Dr.Dart-Platfor
10. 명령어 예제 따라하기 | pages [300] | no_match keyword=0.14 semantic_rank=18 | 파일 버튼을 누르십시오 .",1,O,,X,1,O,8,△
Q27,기존,공장 출하 상태로 시스템을 복원하는 '공장 초기화(Factory Reset)' 진행 시 삭제되는 데이터는 무엇입니까?,시스템 관리/공장 초기화,주의 사항형,"데이터 베이스, 로그파일, 워크셀 아이템, 태스크 파일",page_370_img_0_0.jpeg,1,O,"keyword:데이터,워크셀,아이템,태스크,파일; semantic_rank:6","1. 데이터 관리하기 | pages [370] | keyword:데이터,워크셀,아이템,태스크,파일; semantic_rank:6 | 공장 초기화 공장 초기화는 로봇에 저장된 사용자 데이터 및 로그를 삭제하는 기능입니다 . 공장 초기화가 실행되면 데이터 베이 스 , 로그 파일 , 워크셀 아이템 , 태스크 파일이 삭제됩니다 . 주 메뉴의 Settings Module 버튼을 탭 한 후 Factory Reset 을 선택하십시오 . 모든 데이터를 삭제하려면 ,
2. 로봇 업데이트 및 복원 | pages [362] | no_match keyword=0.00 semantic_rank=- | 알아두기 관리자 모드 필요 수동 모드 상태 실제 제어기와 연결된 상태 주의 설치된 유료 모듈이 존재하는 경우 , 비활성화가 권장됩니다 . 복원 과정에서 제어권을 변경하지 마세요 . 복원 과정에서 프로그램 종료한다면 , 현재 버전이 유지됩니다 . 공장 초기화를 수행하면 , 복원 지점이 삭제됩니다 .
3. 6.7.3 Safety Settings | pages [212] | no_match keyword=0.00 semantic_rank=- | 3 Reset 설정을 초기화 할 수 있습니다 . 4 Force Force 설정이 가능합니다 . 5 Power 전원의 설정이 가능합니다 . 6 Speed 속도 설정이 가능합니다 . 7 Momentum 운동량 설정이 가능합니다 . 8 Collision 충돌 설정이 가능합니다 . 9 Save 해당 설정을 저장할 수 있습니다 .
4. (Robot Limits) | pages [40] | no_match keyword=0.14 semantic_rank=- | 기계적 동력 (Power) : 로봇의 기계적 동력의 제한치를 설정합니다 . 기계적 동력은 로봇의 토크와 속도와 비례합니 다 . TCP 속력 (TCP Speed) : 로봇 끝단의 TCP 속력의 제한치를 설정합니다 . 속도 및 이격거리 감시 운전모드에 활용 될 수 있습니다 . 운동량 (Momentum) : 로봇의 운동량 제한
5. 측정 방법 및 조건 | pages [67] | no_match keyword=0.14 semantic_rank=- | 정지거리는 정지신호의 발생부터 모든 매니퓰레이터 동작이 정지상태에 도달할때까지 이동한 각도입니다 . 정지시간은 정지신호의 발생부터 모든 매니퓰레이터 동작이 정지상태에 도달할때까지 흐른 시간입니다 . 정지거리 , 정지시간 데이터는 이동거리가 가장 큰 조인트 1, 조인트 2, 조인트 3 에 대해 제공됩니다 . 중첩된 축의 움
6. 6.7.3 Safety Settings | pages [214] | no_match keyword=0.00 semantic_rank=- | 3 Reset 설정을 초기화 할 수 있습니다 . 4 J1 Normal 모드 , Reduced 모드 각각에 대한 설정이 가능합니다 . 5 J2 Normal 모드 , Reduced 모드 각각에 대한 설정이 가능합니다 . 6 J3 Normal 모드 , Reduced 모드 각각에 대한 설정이 가능합니다 . 7 J4 (P seri
7. 6.7.3 Safety Settings | pages [213] | no_match keyword=0.00 semantic_rank=- | 3 Reset 설정을 초기화 할 수 있습니다 . 4 J1 Normal 모드 , Reduced 모드 각각에 대한 설정이 가능합니다 . 5 J2 Normal 모드 , Reduced 모드 각각에 대한 설정이 가능합니다 . 6 J3 Normal 모드 , Reduced 모드 각각에 대한 설정이 가능합니다 . 7 J4 (P seri
8. 유지보수 | pages [162] | no_match keyword=0.14 semantic_rank=- | 시스템 유지보수 작업은 반드시 두산로보틱스에서 지정한 업체 또는 두산로보틱스를 통해 수행되어야 합니다 . 유지 보수 작업은 시스템을 작업 가능한 상태로 유지하거나 문제가 발생했을 때 시스템을 작업 가능 상태로 되돌리는 것을 목적으로 하며 , 실제 수리뿐 아니라 시스템에 대한 문제를 진단하는 작업까지 포함합니다 . 유지보수
9. 색상 | pages [19] | no_match keyword=0.14 semantic_rank=- | 기타 상태 모드 상태 설명 플랜지 and/or 베이스 LED - Backdrive Hold 6 개 축의 브레이크가 모두 체결되어 , 무동력동작 잠김상태입 니다 . 노란색 깜박임 Backdrive Release 브레이크 해제를 선택하여 1 개 이상 조인트의 브레이크가 풀 린 상태입니다 . 브레이크를 다시 체결하지 않은 상태
10. 로봇 업데이트 및 복원 | pages [364] | no_match keyword=0.00 semantic_rank=- | 복원에 실패할 경우 , 아래와 같은 화면이 표시됩니다 . 롤백을 진행하려면 ‘ 재시작하여 롤백 진행 ’ 버튼을 클릭하세 요 . 롤백 동작이 실패할 경우 아래와 같은 화면이 표시되며 , 롤백을 재시도 하거나 , 다른 버전을 선택하여 복원을 수행 할 수 있습니다 .",1,O,"keyword:데이터,워크셀,아이템,태스크,파일; semantic_rank:6","1. 데이터 관리하기 | pages [370] | keyword:데이터,워크셀,아이템,태스크,파일; semantic_rank:6 | 공장 초기화 공장 초기화는 로봇에 저장된 사용자 데이터 및 로그를 삭제하는 기능입니다 . 공장 초기화가 실행되면 데이터 베이 스 , 로그 파일 , 워크셀 아이템 , 태스크 파일이 삭제됩니다 . 주 메뉴의 Settings Module 버튼을 탭 한 후 Factory Reset 을 선택하십시오 . 모든 데이터를 삭제하려면 ,
2. 로봇 업데이트 및 복원 | pages [362] | no_match keyword=0.00 semantic_rank=- | 알아두기 관리자 모드 필요 수동 모드 상태 실제 제어기와 연결된 상태 주의 설치된 유료 모듈이 존재하는 경우 , 비활성화가 권장됩니다 . 복원 과정에서 제어권을 변경하지 마세요 . 복원 과정에서 프로그램 종료한다면 , 현재 버전이 유지됩니다 . 공장 초기화를 수행하면 , 복원 지점이 삭제됩니다 .
3. 폐기 및 환경 | pages [162] | no_match keyword=0.00 semantic_rank=- | 제품의 전체 또는 일부를 폐기할 때는 해당 국가의 제정된 법규를 반드시 준수하여야 하며 , 폐기 처분과 관련된 사 항은 판매자 or 두산로보틱스에게 문의하십시오 . 유럽 내 판매자는 Directive 2012/19 EU – Waste Electrical and Electronic Equipment (WEEE) 에 따라 반
4. 로봇 업데이트 및 복원 | pages [362] | no_match keyword=0.00 semantic_rank=- | 시스템 복원 Robot Update > System Restore 메뉴에서는 업데이트 정보를 기반으로 시스템을 복원할 수 있는 기능을 제공합니 다 . 백업 리스트에서 원하는 복원 지점을 선택한 뒤 , 복원 버튼을 클릭합니다 .
5. 6.7.3 Safety Settings | pages [213] | no_match keyword=0.00 semantic_rank=- | 3 Reset 설정을 초기화 할 수 있습니다 . 4 J1 Normal 모드 , Reduced 모드 각각에 대한 설정이 가능합니다 . 5 J2 Normal 모드 , Reduced 모드 각각에 대한 설정이 가능합니다 . 6 J3 Normal 모드 , Reduced 모드 각각에 대한 설정이 가능합니다 . 7 J4 (P seri
6. 데이터 관리하기 | pages [369] | page | 항목 설명 2 Import Data 해당 라디오 버튼 선택 시 가져오기 버튼이 활성화 됩니다 . 3 Data to Export 내보낼 데이터를 선택 할 수 있습니다 . 가져오기 라디오 버튼 선택 시 우측 데이터 선택 화면이 비활성화 됩니다 .
7. 6.7.3 Safety Settings | pages [214] | no_match keyword=0.00 semantic_rank=- | 3 Reset 설정을 초기화 할 수 있습니다 . 4 J1 Normal 모드 , Reduced 모드 각각에 대한 설정이 가능합니다 . 5 J2 Normal 모드 , Reduced 모드 각각에 대한 설정이 가능합니다 . 6 J3 Normal 모드 , Reduced 모드 각각에 대한 설정이 가능합니다 . 7 J4 (P seri
8. 로봇 업데이트 및 복원 | pages [363] | no_match keyword=0.00 semantic_rank=- | 메뉴 구성 항목 설명 1 Current Version Info 현재 어플리케이션 / 시스템 /OS 버전 정보를 보여줍니다 . 2 Backup List 백업 가능한 복원 버전들의 리스트를 보여줍니다 . 리스트 상의 항목 들은 업데이트 기능을 이용해 업데이트 할 경우 생성됩니다 . 3 Restore 복원 버전 리스트 선택 시
9. 소프트웨어 복구 모드 사용하기 | pages [182] | no_match keyword=0.00 semantic_rank=- | 소프트웨어 복구 모드 메뉴 구성 항목 설명 1 Servo On to Start Recovery Recovery 모드를 시작하기 전에 서보를 활성화하는 버튼입니다 . 2 Exit Recovery Recovery 모듈에서 나갈 수 있는 버튼입니다 . 3 Header 소프트웨어 복구 모드 혹은 팩 / 언팩 모드 중 하나를 선택
10. 6.7.1 Robot Settings | pages [197] | no_match keyword=0.00 semantic_rank=- | 반환값 (Returns): (int) 1: Pressed ( 버튼이 눌린 상태 ), 0: Released ( 버튼이 눌리지 않은 상태 ) I/O Settings Normal I/O 메뉴 구성 항목 설명 1 Normal Input 입력할 항목 설정이 가능합니다 . 2 Normal Output 출력할 항목 설정이 가능합니다",1,O,1,O,1,O,1,O
Q28,기존,로봇 큐브 모듈 케이블을 결합할 때 방수 등급 강화를 위해 케이블에 결합해야 하는 부품은 무엇입니까?,설치/케이블 방수,부품 확인형,그로밋 (Grommet),page_405_img_0_0.jpeg,5,O,"keyword:그로밋,grommet; semantic_rank:1","1. 시스템 연결 | pages [119] | no_match keyword=0.00 semantic_rank=- | 컨트롤러와 티치펜던트 연결하기 티치펜던트 케이블을 컨트롤러의 해당 연결부에 딸깍 소리가 날 때까지 연결하여 케이블이 빠지지 않도록 하십시오 . 컨트롤러가 전자파 노이즈의 영향을 받거나 다른 기기에 영향을 줄 경우 정상적인 사용을 위해 매니퓰 레이터 케이블 양단에 페라이트코어를 설치하는 것을 권장합니다 . 설치 위치는 아래
2. (CS-12P) | pages [401] | no_match keyword=0.00 semantic_rank=- | 컨트롤러와 티치펜던트 연결하기 티치펜던트 케이블을 컨트롤러의 해당 연결부에 딸깍 소리가 날 때까지 연결하여 케이블이 빠지지 않도록 하십시오 . 주의 케이블을 연결할 때 , 핀 부분이 휘지 않도록 연결부 모양을 잘 확인한 후 연결하십시오 . 스마트 펜던트를 벽 또는 컨트롤러에 걸어 사용할 경우 연결 케이블에 걸려 넘어지지
3. 모듈 활성화 및 비활성화 | pages [345] | no_match keyword=0.00 semantic_rank=- | Setting 모듈의 Installed Module List 메뉴에서도 활성화 하고자 하는 모듈의 옵션 버튼을 이용하여 활성화 할 수 있 습니다 . 오프라인 상태일 경우 : Setting 모듈의 Installed Module List 메뉴에서 활성화 하고자 하는 모듈의 옵션 버튼을 이용하여 활성화할 수 있습 니다 . 모듈
4. 모듈 활성화 및 비활성화 | pages [347] | no_match keyword=0.00 semantic_rank=- | 오프라인 상태일 경우 : Setting 모듈의 Installed Module List 메뉴에서 비활성화 하고자 하는 모듈의 옵션 버튼을 이용하여 비활성화할 수 있습니다 . 모듈 비활성화 코드를 발급받으면 모듈은 즉시 비활성화 상태가 됩니다 .
5. 설치 가이드 | pages [405] | keyword:그로밋,grommet; semantic_rank:1 | 초기 상태 큐브모듈 프레임 커버 분해 케이블에 그로밋 (Grommet) 결합 큐브모듈 프레임에 케이블 결합 프레임 커버 조립 설치 완료
6. 모듈 활성화 및 비활성화 | pages [346] | no_match keyword=0.00 semantic_rank=- | 비활성화 온라인 상태일 경우 : Setting 모듈의 Installed Module List 메뉴에서 비활성화 하고자 하는 모듈의 옵션 버튼을 이용하여 비활성화할 수 있습니다 . 해당 작업 실행 시 비활성화 하려는 유료 모듈 정보와 스토어 로그인 아이디가 일치해야 합니다 . 스토어에 로그인 되 어있지 않거나 , 인증 정보
7. 로봇 베이스 고정하기 | pages [84] | no_match keyword=0.00 semantic_rank=- | 로봇을 고정된 위치에 정확하게 설치해야 하는 경우에는 2 개의 Φ 5 의 위치 결정 핀을 이용하면 원하는 위치에 설치 할 수 있습니다 . 주의 케이블을 연결할 때 , 핀 부분이 휘지 않도록 연결부 모양을 잘 확인한 후 연결하십시오 . 전자파 노이즈의 영향을 받거나 다른 기기에 영향을 줄 경우 정상적인 사용을 위해 페라이트
8. 로봇과 툴 연결하기 | pages [123] | no_match keyword=0.00 semantic_rank=- | 번호 항목 1 툴 2 브라켓 3 케이블 4 툴 플랜지 1. M6 볼트 4 개를 이용하여 툴 플랜지에 툴을 고정하십시오 . 볼트를 고정할 때에는 9 Nm 의 토크로 볼트를 조이는 것을 권장합니다 . 로봇을 고정된 위치에 정확하게 설치해야 하는 경우에는 Φ 6 의 위치 결정 핀을 이용하면 원하는 위치에 설 치할 수 있습니다
9. 모듈 | pages [343] | no_match keyword=0.00 semantic_rank=- | 5 Account 로그인 하지 않은 상태일 경우 로그인 화면으로 이동합니다 . 로그인 중일 경우 탭하면 사용자의 계정으로 이동하며 , 계정 설정 및 모듈 업로드 / 다운로드 관리가 가능합니다 . 알아두기 기존 레거시 Dart-Platform 에서는 통신 모듈들이 경우 기본 탑재되었으나 , 현재 Dr.Dart-Platfor
10. 로봇 시스템 구성 및 설명 | pages [102] | no_match keyword=0.00 semantic_rank=- | 4 USB 연결 단자 로봇 동작 중 발생하는 로그를 USB 저장매체에 저장하거나 태스크 내보내기 , 가져 오기를 할 수 있습니다 . 5 매니퓰레이터 케이블 연결 단 자 매니퓰레이터의 케이블을 컨트롤러와 연결합니다 . 6 티치펜던트 케 이블 연결 단자 티치펜던트의 케이블을 컨트롤러와 연결합니다 .",7,△,"keyword:그로밋,grommet; semantic_rank:1","1. (CS-12P) | pages [403] | no_match keyword=0.00 semantic_rank=- | 경고 전원 케이블을 연결한 후 로봇을 올바르게 접지했는지 확인하십시오 ( 전기적 지면 연결 ). 컨트롤러 안의 접지 심볼 과 관련된 나사 중에서 사용하지 않은 나사로 시스템의 모든 장비에 대하여 공통적인 접지를 하십시오 . 접지 컨덕 터는 최소한 시스템에서 최고 전류의 전류 등급을 가지고 있어야 합니다 . 컨트롤러의 입력
2. 시스템 연결 | pages [121] | no_match keyword=0.00 semantic_rank=- | 매개변수 사양 입력전압 100 – 240 VAC 입력전원 퓨즈 (@100-240V) 15 A 주의 전원 케이블을 연결한 후 로봇을 올바르게 접지했는지 확인하십시오 ( 전기적 지면 연결 ). 컨트롤러 내부 의 접지 심볼과 관련된 나사 중에서 사용하지 않은 나사로 시스템의 모든 장비에 대하여 공통적인 접지 를 하십시오 . 접
3. 로봇과 툴 연결하기 | pages [123] | no_match keyword=0.00 semantic_rank=- | 번호 항목 1 툴 2 브라켓 3 케이블 4 툴 플랜지 1. M6 볼트 4 개를 이용하여 툴 플랜지에 툴을 고정하십시오 . 볼트를 고정할 때에는 9 Nm 의 토크로 볼트를 조이는 것을 권장합니다 . 로봇을 고정된 위치에 정확하게 설치해야 하는 경우에는 Φ 6 의 위치 결정 핀을 이용하면 원하는 위치에 설 치할 수 있습니다
4. 시스템 연결 | pages [118] | no_match keyword=0.00 semantic_rank=- | 매니퓰레이터와 컨트롤러 연결하기 설명 1 매니퓰레이터 연결 케이블 연결 후 고정용 고리 체결 매니퓰레이터 연결 케이블을 컨트롤러의 해당 연결부에 연결한 후 고정용 고리를 걸어 케이블이 빠지지 않 도록 하십시오 . 2 매니퓰레이터 연결 케이블의 반대편 끝을 컨트롤러에 연결 매니퓰레이터 연결 케이블의 반대편 끝을 컨트롤러의
5. (CS-12P) | pages [400] | no_match keyword=0.00 semantic_rank=- | 매니퓰레이터와 컨트롤러 연결하기 설명 1 매니퓰레이터 연결 케이블 연결 후 고정용 고리 체결 매니퓰레이터 연결 케이블을 컨트롤러의 해당 연결부에 연결한 후 고정용 고 리를 걸어 케이블이 빠지지 않도록 하십시오 . 2 매니퓰레이터 연결 케이블의 반대편 끝을 컨트롤러에 연결 매니퓰레이터 연결 케이블의 반대편 끝을 컨트롤러의
6. I/O | pages [127] | no_match keyword=0.00 semantic_rank=- | 로봇 끝 단 플랜지 커버에 M8 사양의 8pin 커넥터가 1 개 있으며 장착 위치 및 외형은 아래 그림을 참조하시기 바랍니 다 . 커넥터는 그리퍼나 특정 로봇 툴에 내장되어 있는 센서를 구동시키기 위한 전원과 제어 신호를 제공합니다 . 아래 예 시로 표시한 산업용 케이블과 같은 사양이 적용 가능합니다 .
7. 설치 가이드 | pages [405] | keyword:그로밋,grommet; semantic_rank:1 | 초기 상태 큐브모듈 프레임 커버 분해 케이블에 그로밋 (Grommet) 결합 큐브모듈 프레임에 케이블 결합 프레임 커버 조립 설치 완료
8. 배선 연결하기 | pages [94] | no_match keyword=0.00 semantic_rank=- | MANDATORY NORMAL 10 MIN 툴을 고정한 후 플랜지 I/O 커넥터에 필요한 케이블을 연결하십시오 . 반드시 플랜지 I/O 의 핀 맵을 확인하십시오 . 로봇에 전원을 인가하게 되면 각 커넥터의 5 번 단자는 항상 24V 가 출력되게 됩니다 .
9. 로봇 베이스 고정하기 | pages [84] | no_match keyword=0.00 semantic_rank=- | MANDATORY EASY 3 MIN 로봇의 베이스를 고정할 때와 툴 플랜지에 툴을 장착하기 위해서는 아래와 같이 추가 부품이 필요합니다 . M8 육각 렌치 볼트 : 4 개 Φ 5 의 위치 결정 핀 : 2 개 로봇의 베이스에 있는 구멍 4 개에 M8 볼트를 이용하여 고정하십시오 . 자세한 내용은 로봇 고정하기 (p. 11
10. 컨트롤러와 전원 연결하기 | pages [86] | no_match keyword=0.00 semantic_rank=- | MANDATORY EASY 1 MIN 컨트롤러에 전원을 연결하려면 표준 IEC 전원 플러그에 케이블을 연결하십시오 . 전원 케이블을 연결한 후 로봇을 올바르게 접지가 되었는지 확인하십시오 ( 전기적 지면 연결 ). 컨트롤러 안의 접지 심볼과 관련된 나사 중에서 사용하지 않은 나사로 시스템의 모든 장비에 대하여 공통적인 접",7,△,,X,2,O,7,△
Q29,기존,엔드 이펙터 툴의 중심 좌표계(Tool Coordinate)의 기준이 되는 z축의 방향은 플랜지 좌표계에서 어느 방향을 따라 회전합니까?,TCP/툴 좌표 설정,개념 확인형,플랜지 좌표계의 z축,page_202_img_0_0.jpeg,1,O,"keyword:플랜지,좌표계; semantic_rank:2","1. 6.7.2 Tool Settings | pages [201] | keyword:플랜지,좌표계; semantic_rank:2 | Tool Center Point 공구중심점 (TCP) 를 설정할 때에 플랜지 좌표계를 기준으로 위치와 함께 회전각을 함께 정의해야 합니다 . 이때 , 플랜 지좌표계 기준 원점에서 공구중심점 (TCP) 까지 X, Y, Z 각 방향 별 거리가 10000mm 이상이 되도록 공구중심점 (TCP) 를 설정할 수 없습니다 . 그리고
2. 툴의 중심 위치 | pages [110] | semantic_rank:8 | 툴의 중심 위치는 아래 그림을 참조하세요 .
3. 화면 | pages [377] | semantic_rank:4 | 항목 설명 8 Force Monitoring Base, Tool, World, Reference 등을 기준으로 X, Y, Z 축의 힘을 설정 할 수 있습니다 . 9 기준 좌표계 선택 11 번의 Task 좌표를 표시하거나 jog 할 기준 좌표계를 선택합니다 . Base, World, User coordinate 를 선택할
4. 알아보기 | pages [175] | semantic_rank:13 | 오일러 각 (Euler Angle) 이란 물체의 방향을 서로 수직인 X, Y, Z 축의 각도로 표현하는 방법 중 하나 입니다 . 이때 A, B, C 는 순차적인 회전 각도를 의미합니다 . 로봇 브랜드 마다 이 A, B, C 회전의 순서를 Rz-Ry-Rz, Rz-Ry-Rx 그리고 Rx- Ry-Rz 등으로 다르게 정의합니다
5. 안전기능의 설정 | pages [29] | no_match keyword=0.25 semantic_rank=- | 구분 안전 설정 기능 설명 1 기본 / 전역 설정 월드 좌표계 (World Coordinates) 설정 (p. 189) 로봇 및 작업대상을 포함한 작업영역을 대표하 는 좌표계를 설정할 수 있습니다 . 로봇 제한치 (Robot Limits) 설정 (p. 210) 조인트와 로봇 /TCP 안전 정격 감시기능의 전역 안전 제한치
6. 6.7.2 Tool Settings | pages [206] | no_match keyword=0.00 semantic_rank=- | 10 Weight 입력 원하는 무게를 입력할 수 있습니다 . 11 무게 중심 CX 사용 선택 무게 중심 CX 사용 여부를 선택할 수 있습니다 . 12 CX 입력 CX 를 입력할 수 있습니다 . 13 무게 중심 CY 사용 선택 무게 중심 CY 사용 여부를 선택할 수 있습니다 . 14 CY 입력 CY 를 입력할 수 있습니다
7. 6.7.3 Safety Settings | pages [244] | no_match keyword=0.00 semantic_rank=- | 툴 방향 전환 제한 구역 (Tool Orientation Limit Zone) 설정하기 툴 방향 제한 구역 (Tool Orientation Limit Zone) 은 TCP 의 방향을 제한하는 구역입니다 . TCP 가 특정 방향을 향하도 록 보장하며 , 방향과 각도 마진을 정의하여 안전하지 않은 방향을 향하지 않도록 방지합
8. 6.7.2 Tool Settings | pages [202] | keyword:플랜지,좌표계의,좌표계; semantic_rank:1 | 플랜지 좌표계의 z 축을 따라 A 각도 회전 2. 1) 을 통해 회전된 좌표계의 y’ 축을 따라 B 각도 회전 3. 2) 를 통해 회전된 좌표계의 z’’ 축을 따라 C 각도 회전 위의 방법을 따라 TCP 값을 설정하는 몇 가지 예를 들어보겠습니다 . [X, Y, Z, A, B, C] = [0, 0, 100, 0, 0, 0
9. 모듈 | pages [374] | no_match keyword=0.25 semantic_rank=- | 조인트 탭을 선택합니다 . 움직이려는 축을 선택하십시오 . 예를 들어 J1 을 선택할 수 있습니다 . +/- 버튼을 눌러서 로봇을 움직일 수 있습니다 . +/- 버튼을 누르고 있는 동안 로봇이 움직이며 화면에는 현재 위치가 실시간으로 표시됩니다 . 조그 화면에서 태스크 모션을 사용하여 로봇을 움직이는 방법은 다음과 같습니
10. 힘 제어 개념 알아보기 | pages [276] | no_match keyword=0.25 semantic_rank=- | 힘 제어 (Force Control) 와 순응 제어 (Compliance Control) 는 로봇의 힘을 제어하는 기능입니다 . 또한 모션 명령어를 추가하는 경우 모션 이동과 동시에 힘을 제어할 수 있습니다 . 순응 제어와 힘 제어 방식은 아래와 같은 차이점이 있습 니다 . 순응 제어 순응 제어 시에는 로봇 끝단 TCP",1,O,"keyword:플랜지,좌표계; semantic_rank:2","1. 6.7.2 Tool Settings | pages [201] | keyword:플랜지,좌표계; semantic_rank:2 | Tool Center Point 공구중심점 (TCP) 를 설정할 때에 플랜지 좌표계를 기준으로 위치와 함께 회전각을 함께 정의해야 합니다 . 이때 , 플랜 지좌표계 기준 원점에서 공구중심점 (TCP) 까지 X, Y, Z 각 방향 별 거리가 10000mm 이상이 되도록 공구중심점 (TCP) 를 설정할 수 없습니다 . 그리고
2. 6.7.2 Tool Settings | pages [202] | keyword:플랜지,좌표계의,좌표계; semantic_rank:1 | 플랜지 좌표계의 z 축을 따라 A 각도 회전 2. 1) 을 통해 회전된 좌표계의 y’ 축을 따라 B 각도 회전 3. 2) 를 통해 회전된 좌표계의 z’’ 축을 따라 C 각도 회전 위의 방법을 따라 TCP 값을 설정하는 몇 가지 예를 들어보겠습니다 . [X, Y, Z, A, B, C] = [0, 0, 100, 0, 0, 0
3. 툴의 중심 위치 | pages [110] | semantic_rank:8 | 툴의 중심 위치는 아래 그림을 참조하세요 .
4. 화면 | pages [377] | semantic_rank:4 | 항목 설명 8 Force Monitoring Base, Tool, World, Reference 등을 기준으로 X, Y, Z 축의 힘을 설정 할 수 있습니다 . 9 기준 좌표계 선택 11 번의 Task 좌표를 표시하거나 jog 할 기준 좌표계를 선택합니다 . Base, World, User coordinate 를 선택할
5. 알아보기 | pages [175] | semantic_rank:13 | 오일러 각 (Euler Angle) 이란 물체의 방향을 서로 수직인 X, Y, Z 축의 각도로 표현하는 방법 중 하나 입니다 . 이때 A, B, C 는 순차적인 회전 각도를 의미합니다 . 로봇 브랜드 마다 이 A, B, C 회전의 순서를 Rz-Ry-Rz, Rz-Ry-Rx 그리고 Rx- Ry-Rz 등으로 다르게 정의합니다
6. 6.7.3 Safety Settings | pages [244] | no_match keyword=0.00 semantic_rank=- | 툴 방향 전환 제한 구역 (Tool Orientation Limit Zone) 설정하기 툴 방향 제한 구역 (Tool Orientation Limit Zone) 은 TCP 의 방향을 제한하는 구역입니다 . TCP 가 특정 방향을 향하도 록 보장하며 , 방향과 각도 마진을 정의하여 안전하지 않은 방향을 향하지 않도록 방지합
7. 화면 | pages [389] | keyword:좌표계의,좌표계 | 항목 설명 2 홈 포지션 버튼 버튼 클릭 시 홈 포지션으로 이동합니다 . 3 정렬 버튼 버튼 클릭 시 정렬합니다 . 4 기준 좌표계 선택 포지션의 기준 좌표계를 선택합니다 . 5 툴 축 TCP 의 어떤 축을 정렬 시킬지 선택합니다 . 6 목표 방향 정렬 시킬 때의 방향을 선택합니다 . 7 정렬 방법 선택 정렬 방법을 선택
8. 화면 | pages [381] | semantic_rank:12 | 메뉴 구성 항목 설명 16 기준 좌표계 선택 18 번 Task 좌표에 사용될 기준 좌표계를 선택합니다 . Base, World, User coordinate 를 선택할 수 있습니다 . 17 조인트 자세 현재 로봇 자세와 목표가 될 조인트 자세를 표시합니다 . 18 태스크 자세 선택한 기준 좌표계에 맞는 현재 로봇 자세와
9. 로봇 시스템 구성 및 설명 | pages [101] | semantic_rank:5 | 주요 기능 No. 항목 설명 1 콕핏 (Cockpit) [ 옵션 ] 직접 교시를 위한 콘트롤러입니다 . 2 툴 플랜지 (Tool Flange) 툴을 장착하는 부위입니다 . 3 플랜지 I/O 툴 제어를 위한 입출력 포트입니다 . ( 디지털 입력 2ch, 출력 2ch) 4 LED(1 축 ) 로봇의 상태를 색상으로 표시합니다
10. 화면 | pages [387] | keyword:좌표계의,좌표계 | 2 홈 포지션 버튼 버튼 클릭 시 홈 포지션으로 이동합니다 . 3 정렬 버튼 버튼 클릭 시 정렬합니다 . 4 기준 좌표계 선택 포지션의 기준 좌표계를 선택합니다 . 5 툴 축 TCP 의 어떤 축을 정렬 시킬지 선택합니다 . 6 목표 방향 정렬 시킬 때의 방향을 선택합니다 . 7 정렬 방법 선택 정렬 방법을 선택합니다 .",1,O,,X,1,O,,X
Q30,기존,전원 입력 시 극성이 잘못 결선되었을 때 컨트롤러 고장을 막기 위해 주의해야 할 항목은 무엇입니까?,안전/전원/극성,안전 주의형,입력 전압의 극성이 반대로 연결되지 않도록 주의,page_403_img_0_0.jpeg,1,O,"keyword:전압의,전압,극성이,극성,반대로,연결되지; semantic_rank:4","1. (CS-12P) | pages [403] | keyword:전압의,전압,극성이,극성,반대로,연결되지; semantic_rank:4 | 경고 전원 케이블을 연결한 후 로봇을 올바르게 접지했는지 확인하십시오 ( 전기적 지면 연결 ). 컨트롤러 안의 접지 심볼 과 관련된 나사 중에서 사용하지 않은 나사로 시스템의 모든 장비에 대하여 공통적인 접지를 하십시오 . 접지 컨덕 터는 최소한 시스템에서 최고 전류의 전류 등급을 가지고 있어야 합니다 . 컨트롤러의 입력
2. 연결 | pages [133] | no_match keyword=0.12 semantic_rank=- | 컨트롤러 I/O 단자를 이용하여 매니퓰레이터와 티치펜던트 이외에 외부 장비를 컨트롤러와 연결하여 사용할 수 있습 니다 . 비상정지 스위치 , 라이트 커튼 , 안전 매트와 같은 안전기기와 더불어 공압용 솔밸브 , 릴레이 , PLC, 컨베이어 벨 트 엔코더 등 로봇 작업 셀을 구성할 때 필요한 다양한 주변기기를 연결할 수 있
3. 6.7.3 Safety Settings | pages [211] | no_match keyword=0.00 semantic_rank=- | Robot Limits 에는 크게 세 항목으로 나누어 집니다 . 각각의 항목은 다음과 같은 화면 및 기능을 포함합니다 .
4. 보증의 제한 및 예외 | pages [20] | no_match keyword=0.00 semantic_rank=- | 보증을 유지하려면 제조업체에서 지정한 유지 관리 절차를 준수하고 기록해야 합니다 . 사용자가 절차를 준수하지 않 아 제조업체가 다음과 같이 판단할 경우 무효가 됩니다 . 두산 제품이 사용자에 의해 잘못 취급되거나 잘못 사용된 경우 두산이 제공하지 않는 부품 또는 S/W 의 설치등의 경우 두산 제품이 고객 , 비공인 정비
5. 6.7.1 Robot Settings | pages [200] | no_match keyword=0.00 semantic_rank=- | 항목 설명 3 Analog Input/RS485 모드 설정 Analog Input 또는 RS485 를 선택할 수 있도록 기능을 제공합니다 . 로봇 모델이 A 모델일 경우에는 Analog Input/RS485 항목에서 X1 포 트만 지원합니다 . 로봇 모델이 M/H 모델일 경우에는 Analog Input/RS485 항목은
6. 안전 매뉴얼 | pages [9] | no_match keyword=0.12 semantic_rank=- | 안전 매뉴얼에서는 사용자가 로봇을 설치하거나 사용하기 전에 숙지하여야 하는 안전 정보를 제공합니다 . 모든 로봇 에는 고압 , 전기 , 충돌 등으로 인한 위험이 포함되어 있습니다 . 그러므로 로봇과 해당 부품을 사용할 때는 부상과 기계 손상의 위험을 줄이기 위해 기본적인 안전 주의 사항을 반드시 준수해야 합니다 . 사용자
7. 6.7.1 Robot Settings | pages [199] | no_match keyword=0.12 semantic_rank=- | 메뉴 구성 항목 설명 1 Supply Voltage 공급 전압을 설정 하는 기능을 제공 합니다 . 0V(=Off)/ 12V/ 24V 중 한개의 전압을 선택 할 수 있습니다 . 2 Digital Output Type 디지털 출력 타입을 X1, X2 포트별로 각각 설정하는 기능을 제공합니다 . 로봇 모델이 A 모델일 경우에는
8. 전원 켜기 | pages [125] | no_match keyword=0.00 semantic_rank=- | 컨트롤러 하단에 전원 차단을 위한 전원 스위치가 설치되어 있습니다 . 컨트롤러 하단에 있는 전원 스위치를 누르십시 오 . 로봇 , 컨트롤러 , 티치펜던트와 같은 시스템에 필요한 전원이 켜집니다 .
9. 모듈 | pages [263] | no_match keyword=0.00 semantic_rank=- | 항목 설명 3 Command 태스크 리스트에 추가할 명령어 목록을 표시합니다 . 명령어를 선택하면 해당 항목이 Task List 에 추가됩니다 . 4 Property 태스크 리스트에 추가된 명령어의 설정을 확인하고 수정할 수 있습니다 . 5 Monitoring 태스크 리스트에 추가된 명령어들을 시뮬레이션하고 상세 설정할
10. 시스템 전원 끄기 | pages [94] | no_match keyword=0.00 semantic_rank=- | MANDATORY EASY 1 MIN 시스템의 전원을 끄려면 티치 펜던트 화면의 종료 버튼을 누르거나 티치펜던트 좌측 상단에 있는 전원 버튼을 2 초 정 도 길게 누르십시오 . 화면에 전원 종료 팝업이 나타납니다 . 전원 종료 팝업에서 확인 버튼을 눌러 시스템을 정상적으로 종료합니다 .",1,O,"keyword:전압의,전압,극성이,극성,반대로,연결되지; semantic_rank:4","1. (CS-12P) | pages [403] | keyword:전압의,전압,극성이,극성,반대로,연결되지; semantic_rank:4 | 경고 전원 케이블을 연결한 후 로봇을 올바르게 접지했는지 확인하십시오 ( 전기적 지면 연결 ). 컨트롤러 안의 접지 심볼 과 관련된 나사 중에서 사용하지 않은 나사로 시스템의 모든 장비에 대하여 공통적인 접지를 하십시오 . 접지 컨덕 터는 최소한 시스템에서 최고 전류의 전류 등급을 가지고 있어야 합니다 . 컨트롤러의 입력
2. 시스템 연결 | pages [121] | semantic_rank:1 | 매개변수 사양 입력전압 100 – 240 VAC 입력전원 퓨즈 (@100-240V) 15 A 주의 전원 케이블을 연결한 후 로봇을 올바르게 접지했는지 확인하십시오 ( 전기적 지면 연결 ). 컨트롤러 내부 의 접지 심볼과 관련된 나사 중에서 사용하지 않은 나사로 시스템의 모든 장비에 대하여 공통적인 접지 를 하십시오 . 접
3. 사용 시 주의사항 | pages [12] | semantic_rank:13 | 로봇 및 컨트롤러의 작동 중에 로봇의 전원 플러그를 뽑거나 전원을 강제로 종료하는 경우 로봇 및 컨트 롤러의 고장의 원인이 될 수 있습니다 . 컨트롤러는 눕혀 놓고 사용하지 마십시오 . 덮개를 연 후 작업 시 부주의로 덮개가 닫혀 손 끼임 발생할 수 있으니 세워서 작업을 수행하십시오 . 위험 로봇에 이상이 생긴 경우 절대
4. (CS-12P) | pages [399] | no_match keyword=0.12 semantic_rank=- | 명판과 라벨 설치하기 (CS-12P) 설치 시 주의사항 주의 컨트롤러를 설치하기 전에 충분한 설치 공간을 확보하십시오 . 공간이 확보되지 않은 장소에 설치할 경우 , 컨트롤러 가 손상되거나 매니퓰레이터 및 티치펜던트 케이블이 단선될 수 있습니다 . 제품의 전원을 연결할 때 , 입력 전원을 확인한 후 연결하십시오 . 입력
5. 구성하기 | pages [137] | semantic_rank:2 | 신호입력 정확도를 최대한 확보하기 위해 다음 사항을 준수하십시오 . 노이즈 저감을 위하여 쉴드 트위스트 페어 된 케이블을 사용하십시오 . 케이블 쉴드는 컨트롤러 내부 접지단자에 연결하십시오 . S 상 입력의 경우 플로팅 상태를 방지하기 위하여 센서 종류 (NPN/PNP) 에 따라 풀업 , 풀다운 저항을 연결하십시오 . 아
6. 사용 시 주의사항 | pages [13] | semantic_rank:6 | 직접교시 기능을 사용하기 전에 툴에 관련된 입력사항 ( 툴의 길이 , 무게 , 무게중심 등 ) 을 정확하게 입력 하십시오 . 실제 툴의 사양과 다른 정보가 입력되는 경우 직접교시 기능의 오류가 발생하거나 , 오동작을 유발할 수 있습니다 . 사용자의 안전을 위해 직접교시 기능 사용시 관절이 일정 속도 이상으로 작동되거나 T
7. 유지보수 | pages [162] | semantic_rank:11 | 전원 케이블을 분리하고 매니퓰레이터 또는 컨트롤러에 연결된 다른 전력 공급원에서 전력이 공급되지 않도록 합 니다 . 보수 작업 중 시스템에 전원을 연결하지 마십시오 . 시스템에 다시 전원 공급을 하기 전에는 반드시 접지를 확인하십시오 . 매니퓰레이터 또는 컨트롤러의 부품을 해체할 때에는 ESD 규정을 준수하여 작업하십시오
8. 컨트롤러와 전원 연결하기 | pages [86] | semantic_rank:14 | MANDATORY EASY 1 MIN 컨트롤러에 전원을 연결하려면 표준 IEC 전원 플러그에 케이블을 연결하십시오 . 전원 케이블을 연결한 후 로봇을 올바르게 접지가 되었는지 확인하십시오 ( 전기적 지면 연결 ). 컨트롤러 안의 접지 심볼과 관련된 나사 중에서 사용하지 않은 나사로 시스템의 모든 장비에 대하여 공통적인 접
9. 사용 시 주의사항 | pages [12] | no_match keyword=0.12 semantic_rank=- | 컨트롤러나 티치 펜던트에 오류가 나타나면 즉시 비상 정지시켜 오류가 발생한 원인을 확인한 후 오류 코드를 로그 화면에서 찾아 공급자에게 연락하십시오 . 로봇의 작동전에 로봇 사용 매뉴얼을 충분히 숙지한 후 사용하여 주시기 바랍니다 . 티치 펜던트에서 치명적인 에러를 경고하는 경우 즉시 로봇의 비상정지 스위치를 작동하여 로
10. 전원 끄기 | pages [125] | no_match keyword=0.00 semantic_rank=- | 로봇과 컨트롤러를 청소하거나 유지 보수를 위해 분해할 경우에는 반드시 전원 스위치를 눌러 전원을 차단하십시오 .",1,O,1,O,1,O,1,O
Q31,기존,티치 펜던트에 위치한 USB 포트의 주된 용도는 무엇입니까?,티치 펜던트/USB 데이터 관리,기능 확인형,로봇 로그 저장매체 백업 및 태스크 내보내기/가져오기,page_103_img_0_0.jpeg,2,O,"page; keyword:로봇,로그,저장매체,태스크,내보내기; semantic_rank:2","1. 사용 시 주의사항 | pages [12] | no_match keyword=0.29 semantic_rank=- | 컨트롤러나 티치 펜던트에 오류가 나타나면 즉시 비상 정지시켜 오류가 발생한 원인을 확인한 후 오류 코드를 로그 화면에서 찾아 공급자에게 연락하십시오 . 로봇의 작동전에 로봇 사용 매뉴얼을 충분히 숙지한 후 사용하여 주시기 바랍니다 . 티치 펜던트에서 치명적인 에러를 경고하는 경우 즉시 로봇의 비상정지 스위치를 작동하여 로
2. 로봇 시스템 구성 및 설명 | pages [102] | page; keyword:로봇,로그,저장매체,태스크,내보내기; semantic_rank:2 | 4 USB 연결 단자 로봇 동작 중 발생하는 로그를 USB 저장매체에 저장하거나 태스크 내보내기 , 가져 오기를 할 수 있습니다 . 5 매니퓰레이터 케이블 연결 단 자 매니퓰레이터의 케이블을 컨트롤러와 연결합니다 . 6 티치펜던트 케 이블 연결 단자 티치펜던트의 케이블을 컨트롤러와 연결합니다 .
3. 로봇 각 시리즈 별 기능 제한 | pages [171] | no_match keyword=0.14 semantic_rank=- | 로봇의 시리즈 (A, As, E, M/H, P Series) 별로 아래 기능들을 사용하는데 제한이 있습니다 . 전류 기반 : 각 관절에 위치한 모터 전류 이용합니다 . FTS 기반 : 로봇 끝단에 위치한 FTS(Force Torque Sensor) 를 이용합니다 . JTS 기반 : 각 관절에 위치한 JTS(Joint To
4. 티치 펜던트를 사용할 경우 | pages [163] | no_match keyword=0.14 semantic_rank=- | 티치 펜던트 좌측 상단에 있는 전원 버튼을 길게 누르십시오 . 로봇 , 컨트롤러 , 티치 펜던트와 같은 시스템에 필요한 전원이 켜집니다 . 시스템의 전원이 켜지면 로봇의 상태 LED 가 점등됩니다 . 전원을 끄려면 티치 펜던트 화면의 종료 버튼을 누르거나 티치펜던트 좌측 상단에 있는 전원 버튼을 2 초 정도 길게 누르십시
5. 모듈 | pages [266] | no_match keyword=0.29 semantic_rank=- | 항목 설명 13 정보 _ 마지막으로 재생된 파라미터 마지막으로 실행된 파라라미터가 표시됩니다 . 알아두기 Global Variables : Global Variables 의 속성 탭에서 태스크 프로그램의 전역 변수 및 전역 포즈를 입력 할 수 있으며 사전 설정된 전역 변수와 전역 포즈는 태스크 리스트에 추가된 명령어의 속
6. ................................................ 162 | pages [5] | no_match keyword=0.29 semantic_rank=- | 6.1 시스템 전원 온 / 오프 ............................................................................. 162 6.1.1 티치 펜던트를 사용할 경우 ...........................................................
7. 시스템 전원 끄기 | pages [94] | no_match keyword=0.00 semantic_rank=- | MANDATORY EASY 1 MIN 시스템의 전원을 끄려면 티치 펜던트 화면의 종료 버튼을 누르거나 티치펜던트 좌측 상단에 있는 전원 버튼을 2 초 정 도 길게 누르십시오 . 화면에 전원 종료 팝업이 나타납니다 . 전원 종료 팝업에서 확인 버튼을 눌러 시스템을 정상적으로 종료합니다 .
8. 컨트롤러 사양 | pages [394] | no_match keyword=0.14 semantic_rank=- | Weight 21.5 kg Dimensions 606 X 306.9 X 446 mm Material Zinc Plated Steel Protection Rating IP54 Interfaces RS232/RS422/RS485, TCP/IP (*RS232/RS422/RS485: USB to Serial converter n
9. 컨트롤러 사양 | pages [393] | no_match keyword=0.14 semantic_rank=- | CS-11P (AC Controller) 항목 사양 정보 Weight 21.7 kg Dimensions 606 X 306.9 X 446 mm Material Zinc Plated Steel Protection Rating IP54 Interfaces RS232/RS422/RS485, TCP/IP (*RS232/RS422/
10. 6.7.1 Robot Settings | pages [195] | no_match keyword=0.14 semantic_rank=- | 티치 펜던트 뒷면의 핸드가이드 버튼을 누르면 1 번 버튼을 누른 것과 동일하게 자율이동 모드로 로봇을 움직일 수 있 습니다 . 구속 모션 2 번과 3 번 버튼을 누른 상태에서는 임의의 방향으로 힘을 가하여도 로봇 끝단이 구속 조건과 일치하는 방향으로만 움직이게 됩니다 . 구속 조건은 그림과 같이 Z 축 고정 , 면 고정",2,O,"page; keyword:로봇,로그,저장매체,태스크,내보내기; semantic_rank:2","1. (CS-12P) | pages [401] | no_match keyword=0.00 semantic_rank=- | 컨트롤러와 티치펜던트 연결하기 티치펜던트 케이블을 컨트롤러의 해당 연결부에 딸깍 소리가 날 때까지 연결하여 케이블이 빠지지 않도록 하십시오 . 주의 케이블을 연결할 때 , 핀 부분이 휘지 않도록 연결부 모양을 잘 확인한 후 연결하십시오 . 스마트 펜던트를 벽 또는 컨트롤러에 걸어 사용할 경우 연결 케이블에 걸려 넘어지지
2. 로봇 시스템 구성 및 설명 | pages [102] | page; keyword:로봇,로그,저장매체,태스크,내보내기; semantic_rank:2 | 4 USB 연결 단자 로봇 동작 중 발생하는 로그를 USB 저장매체에 저장하거나 태스크 내보내기 , 가져 오기를 할 수 있습니다 . 5 매니퓰레이터 케이블 연결 단 자 매니퓰레이터의 케이블을 컨트롤러와 연결합니다 . 6 티치펜던트 케 이블 연결 단자 티치펜던트의 케이블을 컨트롤러와 연결합니다 .
3. 시스템 연결 | pages [119] | no_match keyword=0.00 semantic_rank=- | 컨트롤러와 티치펜던트 연결하기 티치펜던트 케이블을 컨트롤러의 해당 연결부에 딸깍 소리가 날 때까지 연결하여 케이블이 빠지지 않도록 하십시오 . 컨트롤러가 전자파 노이즈의 영향을 받거나 다른 기기에 영향을 줄 경우 정상적인 사용을 위해 매니퓰 레이터 케이블 양단에 페라이트코어를 설치하는 것을 권장합니다 . 설치 위치는 아래
4. 시스템 전원 켜기 | pages [95] | no_match keyword=0.00 semantic_rank=- | MANDATORY EASY 1 MIN 다시 시스템 전원을 켭니다 . 티치펜던트 화면이 켜질 때까지 전원 버튼을 길게 누르십시오 .
5. 티치 펜던트를 사용할 경우 | pages [163] | no_match keyword=0.14 semantic_rank=- | 티치 펜던트 좌측 상단에 있는 전원 버튼을 길게 누르십시오 . 로봇 , 컨트롤러 , 티치 펜던트와 같은 시스템에 필요한 전원이 켜집니다 . 시스템의 전원이 켜지면 로봇의 상태 LED 가 점등됩니다 . 전원을 끄려면 티치 펜던트 화면의 종료 버튼을 누르거나 티치펜던트 좌측 상단에 있는 전원 버튼을 2 초 정도 길게 누르십시
6. 테스트하기 | pages [95] | no_match keyword=0.14 semantic_rank=- | MANDATORY NORMAL 10 MIN 티치펜던트에서는 플랜지 I/O 에 연결된 툴의 동작을 테스트할 수 있는 기능을 제공하고 있습니다 . 전원을 차단했을 때 툴에서 작업물이 낙하하는 등의 위험 상황이 발생하지 않도록 툴과 그리퍼를 구성 하십시오 . A 시리즈의 경우 로봇이 서보 오프될 때 Flange I/O 의 24
7. 로봇 시스템 구성 및 설명 | pages [104] | no_match keyword=0.14 semantic_rank=- | 시스템 구성도 번호 이름 설명 1 티치펜던트 시스템 전체를 관리하는 기기로 로봇에게 특정 자세를 학습시키거나 매니퓰레이 터와 컨트롤러에 관련된 설정을 할 수 있습니다 . 2 컨트롤러 티치펜던트에서 설정한 자세나 움직임에 따라 로봇의 움직임을 조정합니다 . 다 양한 입출력 포트를 갖추고 있어 다양한 장비 및 장치를 연결하여
8. (Safety Stop Modes) | pages [36] | no_match keyword=0.00 semantic_rank=- | 안전 정지 모드 설명 1 비상 정지 (Emergency Stop) 티치 펜던트의 비상 정지 버튼 또는 추가적으로 설치된 외부 장치가 작 동하였을 때의 정지 모드를 설정합니다 . (STO 또는 SS1 만 선택할 수 있 습니다 .) 2 보호 정지 (Protective Stop) 외부에 연결된 보호 장비를 작동하였을 때의 정지
9. 로봇 시스템 구성 및 설명 | pages [103] | no_match keyword=0.14 semantic_rank=- | 티치펜던트 No. 항목 설명 1 전원 버튼 티치펜던트의 주 전원을 켜거나 끌 수 있습니다 . 자세한 내용은 시스템 전원 온 / 오프 (p. 162) 를 참고하십시오 .
10. 컨트롤러에 케이블 연결하기 | pages [83] | no_match keyword=0.14 semantic_rank=- | MANDATORY EASY 1 MIN 티치펜던트와 로봇의 케이블을 컨트롤러에 연결합니다 . 티치펜던트 케이블을 컨트롤러의 해당 연결부에 딸깍 소리가 날 때까지 연결하여 케이블이 빠지지 않도록 하십시 오 . 로봇 케이블의 반대편 끝을 컨트롤러의 해당 연결부에 딸깍 소리가 날 때까지 연결하여 케이블이 빠지지 않도록 하 십시오",2,O,,X,1,O,3,O
Q32,기존,로봇이 프로그램 시작점으로 기본 복귀할 수 있도록 설정하는 위치의 명칭은 무엇입니까?,프로그램 실행/Home Position,개념 확인형,Home Position (홈 포지션),page_192_img_0_0.jpeg,3,O,"keyword:home,position; semantic_rank:3","1. 설치 환경 | pages [113] | no_match keyword=0.00 semantic_rank=- | 로봇을 설치할 때 , 로봇이 충분히 움직일 수 있도록 공간을 확보해야 합니다 . 로봇의 작업 영역을 확인하여 외부와 부 딪히지 않도록 하십시오 .
2. 설치 장소 확인하기 | pages [113] | no_match keyword=0.00 semantic_rank=- | 로봇을 설치할 때 , 로봇이 충분히 움직일 수 있도록 공간을 확보해야 합니다 . 로봇의 작업 영역을 확인하여 외부 물체 와 부딪히지 않도록 하십시오 . 바닥이 단단하고 수평인 장소에 설치하십시오 . 누수가 발생하지 않고 온도와 습도가 일정하게 유지될 수 있는 장소에 설치하십시오 . 로봇 설치 장소 주변에 인화성 및 폭발
3. 패키징 자세 해제하기 | pages [91] | keyword:home,position; semantic_rank:3 | 패키징 자세를 설정하는 방법은 다음과 같습니다 . 헤더 창에서 Recovery 메뉴를 탭 하십시오 . 패키징 모드 탭을 선택하십시오 . Servo On to Start Recovery 버튼을 탭 해 패키징 모드를 활성화하십시오 . 설정된 패키징 포즈로 로봇이 자동으로 이동합니다 . Pack 버튼으로 로봇을 팩 자세로 만들
4. 6.7.1 Robot Settings | pages [188] | no_match keyword=0.00 semantic_rank=- | 항목 설명 5 I/O 이름 최대 40 자로 이름 설정이 가능합니다 . Mount 로봇 설치 자세 (Mount) 메뉴에서 로봇 설치 자세를 설정할 수 있습니다 . 로봇이 평평한 바닥에 설치되는 경우에는 이 과정을 건너뛸 수 있습니다 . 로봇 설치 자세는 Robot Parameters > Robot Settings > Mou
5. 기본 개념 알아보기 | pages [272] | no_match keyword=0.00 semantic_rank=- | 두산 로봇은 총 9 종류의 모션을 제공하고 있습니다 . 기본 모션인 MoveJ , MoveL 및 이 두 가지 모션에서 파생되는 7 가지의 모션으로 로봇의 움직임을 제어하게 됩니다 . 로봇 모션의 종류 Motion Feature 1 MoveJ 로봇의 각 관절이 현재 각도에서 목표 각도로 동시에 이동 후 동시에 멈춤 목표 관
6. 사용 시 주의사항 | pages [12] | no_match keyword=0.00 semantic_rank=- | 로봇을 절대로 개조하지 마십시오 . 임의로 개조하여 발생한 사항에 대해서는 두산로보틱스에서 어떠한 책임도 지지 않습니다 . 로봇 작동하는 중에는 로봇이 닿는 범위 안으로 들어오거나 로봇을 만지지 마십시오 . 로봇과 충돌하여 로봇이 고장 나거나 상해를 입을 수 있습니다 . 경고 시스템을 사용할 때 , 항상 모든 설치 장비의
7. 알아보기 | pages [170] | no_match keyword=0.00 semantic_rank=- | 항목 설명 5 즐겨찾기 모듈 팝업 모든 즐겨찾기 모듈들을 표시하고 , 드래그 앤 드롭 (Drag & Drop) 으로 순 서를 변경할 수 있습니다 . 6 로봇 / 가상 스위치 로봇 ↔ 가상 모드로 전환할 수 있습니다 . ※ 실제 로봇이 연결되어 있는 경우에만 사용할 수 있습니다 . 7 빠른 제어 로봇 3D Simulator
8. 프로그램 화면 구성 알아보기 | pages [165] | no_match keyword=0.00 semantic_rank=- | 항목 설명 1 Header 자동 / 수동 모드 스위치 , 로봇 상태 , 로봇 파라미터 , 툴 설정 , 메뉴 , 시간 기능 을 제공하는 패널입니다 . 2 Body 실행한 모듈의 화면이 표시되는 패널입니다 . 3 Footer 서보 스위치 , 즐겨찾기 모듈 , 로봇 / 가상 모드 스위치 , 빠른 제어 , 프로그램 제어 , 로봇
9. 6.7.3 Safety Settings | pages [240] | no_match keyword=0.00 semantic_rank=- | 공간 제한과 구역의 설정 공통 사항 유효 면적 (Effective Area) 은 내부 / 외부 중 하나를 선택할 수 있습니다 . 모양 유형 (Shape Type) 은 구 , 원기둥 , 직육면체 , 기울어진 직육면체 , 다면상자 중 하나를 선택할 수 있으며 자세한 내용은 공간 제한과 구역의 형태 알아보기 (p. 236) 를
10. 알아보기 | pages [313] | no_match keyword=0.00 semantic_rank=- | 로봇에서 그리퍼의 쥐기 (Grip) 와 펴기 (Release) 동작을 Sub 명령어를 사용하여 구현한 예시의 경우 다음과 같이 동작 합니다 . Main 문에서 첫 라인부터 순차적으로 태스크 프로그램이 실행 됩니다 . Call Sub 에서 호출한 Sub(A) 로 이동합니다 . 예시 프로그램 : Grip 서브루틴을 호출합니다",4,O,"keyword:home,position; semantic_rank:2","1. 모듈 | pages [181] | no_match keyword=0.00 semantic_rank=- | Recovery Module: 안전 위반이 지속되는 오류가 발생하거나 운반 / 운송을 위해 로봇을 포장할 경우 안전복구 모드를 이용해 사용자가 지정한 위치와 각도로 로봇을 설정할 수 있습니다 . Recovery 모듈은 하단의 Recovery 버튼을 통해 들어갈 수 있습니다 . 소프트웨어 복구 : 로봇이 운전 영역을 벗어나
2. 소프트웨어 복구 모드 사용하기 | pages [183] | no_match keyword=0.00 semantic_rank=- | 항목 설명 8 Joint/Task 원하는 값을 입력하여 로봇을 움직일 수 있습니다 . 소프트웨어 복구 모드를 사용하려면 : 1. 주 메뉴 창에서 Recovery 메뉴를 탭 하십시오 . Recovery 창에서 소프트웨어 복구 화면이 자동으로 활성화됩니다 . 소프트웨어 복구 화면 오른쪽 조인트 설정 창에서 각 조인트 버튼을
3. 설정하기 | pages [158] | no_match keyword=0.00 semantic_rank=- | 두산로보틱스의 ModbusTCP Slave 기능은 로봇 파라미터 모니터링 , General Purpose Register(GPR) ( General Purpose Register(GPR) 사용하기 (p. 158) 참고 ) 기능을 지원합니다 . 해당 기능은 로봇 제어기가 정상 부팅시 자동으로 시작하는 기능입니다 . 따라서
4. 6.7.1 Robot Settings | pages [194] | keyword:home,position; semantic_rank:2 | 항목 설명 2 Default Position 값 Default Position 에 해당하는 값으로 모든 항목이 0 입니다 . 3 Custom Position option Custom Position 옵션을 선택할 수 있습니다 . 4 Custom Position 값 현재 설정된 Custom Position 값과 현재 로봇의
5. 안전검사 고시 | pages [47] | no_match keyword=0.00 semantic_rank=- | 수동 리셋 , 기동과 재기동 로봇 시스템은 예기치 않은 기동을 방지하기 위하여 다음 각 목에 적합할 것 가 . 기동과 재기동은 모든 안전기능 및 보호 대책이 정상 작동 시에만 가 능할 것 나 . 동력 공급이 중단되었다가 재개되는 경우 위험한 동작이 자동으로 시 작되는 것을 방지하기 위하여 기동 연동 장치가 설치되어야 하며
6. 언팩 사용하기 | pages [185] | keyword:home,position; semantic_rank:5 | 패키징 모드 탭을 선택하십시오 . Servo On to Start Recovery 버튼을 탭 해 패키징 모드를 활성화하십시오 . 설정된 패키징 포즈로 로봇이 자동으로 이동합니다 . Pack 버튼으로 로봇을 팩 자세로 만들거나 Unpack 버튼으로 Default Home Position 을 만들 수 있습니다 .
7. (Space Limit) | pages [39] | no_match keyword=0.00 semantic_rank=- | 로봇 제한치 (Robot Limits) (p. 210) 의 로봇의 조인트 각도 제한치 외에 , 직교 좌표상에서 로봇이 작동 공간을 제한할 수 있습니다 . 로봇 또는 TCP 가 자동운전 또는 수동모드에서 공간제한을 위반하면 안전 정지 모드 (Safety Stop Mode) 설정에 따라 정지합니다 . 핸드가이딩으로 직접교시
8. 패키징 자세 해제하기 | pages [91] | keyword:home,position; semantic_rank:3 | 패키징 자세를 설정하는 방법은 다음과 같습니다 . 헤더 창에서 Recovery 메뉴를 탭 하십시오 . 패키징 모드 탭을 선택하십시오 . Servo On to Start Recovery 버튼을 탭 해 패키징 모드를 활성화하십시오 . 설정된 패키징 포즈로 로봇이 자동으로 이동합니다 . Pack 버튼으로 로봇을 팩 자세로 만들
9. 모듈 | pages [178] | no_match keyword=0.00 semantic_rank=- | Backdrive 란 모터 구동 전원을 차단한 상태로 브레이크만을 해제하여 외력에 의해 로봇의 조인트를 움직일 수 있습 니다 . Recovery 모드나 핸드가이딩으로 로봇을 정상 상태로 복귀시킬 수 없는 경우에 사용할 수 있습니다 . Backdrive 모드를 실행하면 로봇의 각 조인트의 브레이크를 사용자가 해제하거나 체결
10. 기타 안전 대책 | pages [42] | no_match keyword=0.00 semantic_rank=- | 사용자 안전 및 로봇의 안전복구를 위해 안전복구 모드 , 무동력동작 기능을 제공합니다 . 안전복구 모드 : 안전 위반이 지속되는 오류가 발생하거나 로봇을 패키지 할 경우 안전복구 모드에서 사용자가 지정 한 위치와 각도로 로봇을 설정할 수 있습니다 . 안전복구 모드에 대한 자세한 내용은 Recovery 모듈 (p. 180)",4,O,,X,4,O,,X
Q33,기존,사용자 계정 관리에서 관리자(Supervisor) 권한으로 접근할 때 입력해야 하는 초기 비밀번호는 무엇입니까?,사용자 관리/권한,계정 정보형,admin,page_352_img_3_0.jpeg,1,O,keyword:admin; semantic_rank:2,"1. 설정 및 변경 | pages [353] | keyword:admin; semantic_rank:2 | Supervisor Password 변경하기 작업자 권한에서 관리자 권한으로 변경 시 사용되는 관리자 비밀번호를 관리할 수 있습니다 . 초기 관리자 비밀번호는 admin 입니다 .
2. 알아보기 | pages [169] | semantic_rank:9 | 항목 설명 8 메뉴 버튼 메뉴 버튼을 클릭하면 아래와 같은 메뉴들이 표시됩니다 . 작업자 : 작업자 권한으로 변경합니다 . 관리자 : 관리자 권한으로 변경합니다 . 관리자 권한으로 변경 시 관리자 비밀번호를 입력해야 합니다 . 무동력 동작 모드 : Backdrive 모듈을 실행 합니다 . 복구 모드 : Recovery 모
3. 알아보기 | pages [168] | no_match keyword=0.00 semantic_rank=- | 항목 설명 3 로봇 파라미터 파일 정보 현재 설정된 로봇 파라미터 파일의 이름이 표시됩니다 . 로봇 파라미터 파일의 설정값과 제어기에 설정된 정보가 일치하지 않는 경우 아래와 같이 표시됩니다 . 4 안전 체크섬 제어기에 설정된 로봇 파라미터에 대한 체크섬 정보가 표시됩니다 . 5 Tool 설정 현재의 TCP, Tool W
4. 모듈 | pages [343] | semantic_rank:11 | 5 Account 로그인 하지 않은 상태일 경우 로그인 화면으로 이동합니다 . 로그인 중일 경우 탭하면 사용자의 계정으로 이동하며 , 계정 설정 및 모듈 업로드 / 다운로드 관리가 가능합니다 . 알아두기 기존 레거시 Dart-Platform 에서는 통신 모듈들이 경우 기본 탑재되었으나 , 현재 Dr.Dart-Platfor
5. ...............................................................80 | pages [3] | no_match keyword=0.00 semantic_rank=- | 2.1 사용자 여정 지도 (Journey map) .............................................................80 2.1.1 Step 1. 로봇 설치하기 ..................................................................
6. 로봇 업데이트 및 복원 | pages [360] | semantic_rank:14 | 업데이트 Robot Update > Update 메뉴에서는 업데이트 파일을 사용하여 시스템을 업데이트 하는 기능을 제공합니다 . 업데이트 영역에서 원하는 업데이트 파일을 업로드합니다 . 업로드가 완료되면 업데이트 버튼이 표시되며 , 해당 버 튼을 통해서 업데이트를 수행할 수 있습니다 . 메뉴 구성 항목 설명 1 Curre
7. 설치 가이드 | pages [405] | no_match keyword=0.00 semantic_rank=- | 초기 상태 큐브모듈 프레임 커버 분해 케이블에 그로밋 (Grommet) 결합 큐브모듈 프레임에 케이블 결합 프레임 커버 조립 설치 완료
8. 힘 제어 개념 알아보기 | pages [277] | no_match keyword=0.00 semantic_rank=- | 순응 (Compliance) 제어 순응 제어 (Compliance Control) 란 로봇 끝단의 TCP 에 힘이 가해질 때 설정된 강성에 따라 외력에 순응 하는 기능입 니다 . 목표점에서 힘 평형을 이루며 평형점을 기준으로 변위가 발생했을 때 반력 발생하는 제어 방식이며 순응 제어 를 상태에서는 로봇 끝단이 마치 용수철
9. 모듈 | pages [349] | no_match keyword=0.00 semantic_rank=- | 메뉴 구성 항목 설명 1 목록 Setting 의 전체 메뉴 목록을 보여줍니다 . 2 현재 위치 현재 위치하고 있는 메뉴 목록은 파란색으로 표시됩니다 . 3 Lock 관리자 비밀번호가 있어야 사용 가능한 기능입니다 .
10. 모듈 | pages [342] | no_match keyword=0.00 semantic_rank=- | Store 모듈을 탭하면 Dr.Dart-Store 링크로 들어가게 됩니다 . 메뉴 구성 항목 설명 1 Search 원하는 모듈을 검색할 수 있습니다 . 알아두기 이때 , Store 모듈은 관리자 레벨에서만 실행 가능합니다 .",1,O,keyword:admin; semantic_rank:2,"1. 설정 및 변경 | pages [353] | keyword:admin; semantic_rank:2 | Supervisor Password 변경하기 작업자 권한에서 관리자 권한으로 변경 시 사용되는 관리자 비밀번호를 관리할 수 있습니다 . 초기 관리자 비밀번호는 admin 입니다 .
2. 설정 및 변경 | pages [352] | keyword:admin | 이 경우에는 설정 (Setting) 모듈 > 안전 암호 (Safety Password) 에서 비밀번호를 입력하십시오 . 비밀번호를 설정하 지 않은 경우에는 비밀번호 입력 요청 시 다음을 입력하십시오 . admin 암호 잠금 (Password Lock) 토글 스위치를 터치하여 Password Lock 기능을 비활성화 시키십
3. 명령어 예제 따라하기 | pages [285] | keyword:admin | Safety Settings 의 Robot Limits 를 선택하십시오 . 파라미터 편집 가능 상태를 활성화 하십시오 . 비밀번호 입력창이 나올 시에 Safety Password 를 입력하십시오 . (default safety password: admin) 7. 확인 (Confirm) 버튼을 누르십시오 . 충돌 민감도 (
4. 설정 및 변경 | pages [351] | page | 암호잠금 설정 및 해제하기 로봇을 설치한 후 초기에 여러 설정을 변경하는 경우 매 설정 마다 암호 (Password) 입력을 요청 받아서 설정이 번거 로울 수 있습니다 .
5. 명령어 예제 따라하기 | pages [296] | no_match keyword=0.00 semantic_rank=- | Safety Settings 의 Robot Limits 를 선택하십시오 . 파라미터 편집 가능 상태를 활성화 하십시오 . 비밀번호 입력창이 나올 시에는 6~7 의 순서를 확인하십시오 . 충돌 민감도 (Collision Sensitivity) 를 50% 로 수정하십시오 . 설정 저장 (Save) 버튼을 누르십시오 . 이후
6. 알아보기 | pages [169] | semantic_rank:9 | 항목 설명 8 메뉴 버튼 메뉴 버튼을 클릭하면 아래와 같은 메뉴들이 표시됩니다 . 작업자 : 작업자 권한으로 변경합니다 . 관리자 : 관리자 권한으로 변경합니다 . 관리자 권한으로 변경 시 관리자 비밀번호를 입력해야 합니다 . 무동력 동작 모드 : Backdrive 모듈을 실행 합니다 . 복구 모드 : Recovery 모
7. 6.7.3 Safety Settings | pages [241] | no_match keyword=0.00 semantic_rank=- | 사용자 정의 구역 (Custom Zone) 설정하기 사용자 정의 구역 (Custom Zone) 은 안전 매개변수를 자유롭게 설정할 수 있는 가장 유연한 안전 구역입니다 . 로봇 제 한 , 안전 정지 모드 , 관절 속도 및 각도 제한 등 모든 설정을 요구에 맞게 구성할 수 있습니다 . Robot Parameters > 안전
8. 6.7.3 Safety Settings | pages [212] | no_match keyword=0.00 semantic_rank=- | 메뉴 구성 항목 설명 1 Lock 토글 버튼 설정된 값이 잠금 상태가 됩니다 . 수정을 위해서는 Safety Password 입 력이 필요합니다 .
9. 6.7.3 Safety Settings | pages [214] | no_match keyword=0.00 semantic_rank=- | 메뉴 구성 항목 설명 1 Lock 토글 버튼 설정된 값이 잠금 상태가 됩니다 . 수정을 위해서는 Safety Password 입 력이 필요합니다 .
10. 6.7.3 Safety Settings | pages [213] | no_match keyword=0.00 semantic_rank=- | 메뉴 구성 항목 설명 1 Lock 토글 버튼 설정된 값이 잠금 상태가 됩니다 . 수정을 위해서는 Safety Password 입력이 필요합니다 .",1,O,2,O,1,O,2,O
Q34,기존,로봇을 운반이나 포장하기 위해 안전 복구 모드에서 사용할 수 있는 전용 기능의 이름은 무엇입니까?,안전 복구/패키징,기능 확인형,패키징 모드,page_184_img_0_0.jpeg,1,O,"keyword:패키징,모드; semantic_rank:7","1. 모듈 | pages [181] | keyword:패키징,모드; semantic_rank:7 | Recovery Module: 안전 위반이 지속되는 오류가 발생하거나 운반 / 운송을 위해 로봇을 포장할 경우 안전복구 모드를 이용해 사용자가 지정한 위치와 각도로 로봇을 설정할 수 있습니다 . Recovery 모듈은 하단의 Recovery 버튼을 통해 들어갈 수 있습니다 . 소프트웨어 복구 : 로봇이 운전 영역을 벗어나
2. 기타 안전 대책 | pages [42] | keyword:모드 | 사용자 안전 및 로봇의 안전복구를 위해 안전복구 모드 , 무동력동작 기능을 제공합니다 . 안전복구 모드 : 안전 위반이 지속되는 오류가 발생하거나 로봇을 패키지 할 경우 안전복구 모드에서 사용자가 지정 한 위치와 각도로 로봇을 설정할 수 있습니다 . 안전복구 모드에 대한 자세한 내용은 Recovery 모듈 (p. 180)
3. (Safety I/O) | pages [31] | keyword:모드 | 이중화된 단자로 안전 관련 신호를 입출력하는 기능입니다 . 안전 입출력 신호 중 어느 하나라도 이중화된 신호가 다 른 것이 감지되면 단선이나 하드웨어 고장으로 판단하여 로봇을 STO 정지 모드로 정지시킵니다 . 안전 신호 입출력 (Safety I/O) 은 Robot Parameter> Safety Settings > Sa
4. 제품의 용도 | pages [14] | no_match keyword=0.00 semantic_rank=- | 본 제품은 산업용으로 구성요소와 제품을 고정하고 툴을 이용한 물체의 이소 , 조립등의 목적으로 물체를 이동하는 용 도로 사용할 수 있으며 사양에 명시된 환경에서만 사용할 수 있습니다 . 본 제품은 사람과의 협업을 목적으로 특별한 안전 기능이 포함되어 있고 경계선 없이 사람과 함께 작동합니다 . 시스 템을 이용한 작업은 툴
5. 일반 주의사항 | pages [11] | no_match keyword=0.00 semantic_rank=- | 로봇을 사용하며 발생할 수 있는 일반적인 위험 및 경고 사항에 대해 설명합니다 . 경고 로봇과 전기 장치를 설치하는 경우 설치 매뉴얼을 참조하여 설치 하십시오 . 경고 로봇의 설치 시 툴에 장치를 장착하는 경우 적절한 볼트를 사용하여 체결하십시오 . 로봇의 설치 시에는 작업자와 로봇을 운용하는 사람을 보호하기 위한 안전
6. 패키징 자세 해제하기 | pages [90] | keyword:패키징; semantic_rank:3 | MANDATORY EASY 3 MIN 로봇은 운반이나 포장에 용이하도록 패키징 자세로 설정되어 있습니다 . 로봇을 사용하려면 패키징 자세를 해제해야 합니다 . 패키징 자세에서는 로봇이 로봇 각도 제한치 (Joint Angle Limit) 를 초과하는 자세를 유지하기 때문에 안전 제 한치 위반으로 서보 온 상태로 전환하는
7. 구성하기 | pages [147] | no_match keyword=0.00 semantic_rank=- | Safety Controller 는 테스트펄스가 포함된 안전신호를 연결 가능한 전용 안전 입력단자 (SI1, SI2, SI3, SI4) 를 제공합 니다 . Protective Device 는 위험상황을 감지했을 때 로봇 등의 기계에 신호를 전달하기 위한 출력을 갖고있습니다 . Protective Device 는 이 신호의
8. 색상 | pages [16] | keyword:모드 | 수동 모드 모드 상태 설명 플랜지 and/or 베이스 LED 수동 Manual Standby 교시 조작 중의 기본 상태입니다 . Robot Parameter, Task Editor 를 통해 작업 환경 설정을 하 거나 태스크 프로그래밍을 수행할 수 있습니다 . SOS(Safe Operating Stop) 로 정지 상태를 모
9. 사용 시 주의사항 | pages [13] | no_match keyword=0.00 semantic_rank=- | 직접교시 기능을 사용하기 전에 툴에 관련된 입력사항 ( 툴의 길이 , 무게 , 무게중심 등 ) 을 정확하게 입력 하십시오 . 실제 툴의 사양과 다른 정보가 입력되는 경우 직접교시 기능의 오류가 발생하거나 , 오동작을 유발할 수 있습니다 . 사용자의 안전을 위해 직접교시 기능 사용시 관절이 일정 속도 이상으로 작동되거나 T
10. 소프트웨어 복구 모드 사용하기 | pages [183] | page; keyword:모드 | 설정 값을 변경하면 왼쪽 시뮬레이션 창에 실시간으로 반영됩니다 . 설정이 완료되면 왼쪽 상단의 X 버튼을 탭 해 창을 닫으십시오 . 주의 소프트웨어 복구 모드는 조인트 각도 제한이 3 도를 초과한 상태에서 사용할 수 없습니다 .",1,O,"keyword:패키징,모드; semantic_rank:7","1. 모듈 | pages [181] | keyword:패키징,모드; semantic_rank:7 | Recovery Module: 안전 위반이 지속되는 오류가 발생하거나 운반 / 운송을 위해 로봇을 포장할 경우 안전복구 모드를 이용해 사용자가 지정한 위치와 각도로 로봇을 설정할 수 있습니다 . Recovery 모듈은 하단의 Recovery 버튼을 통해 들어갈 수 있습니다 . 소프트웨어 복구 : 로봇이 운전 영역을 벗어나
2. 기타 안전 대책 | pages [42] | keyword:모드 | 사용자 안전 및 로봇의 안전복구를 위해 안전복구 모드 , 무동력동작 기능을 제공합니다 . 안전복구 모드 : 안전 위반이 지속되는 오류가 발생하거나 로봇을 패키지 할 경우 안전복구 모드에서 사용자가 지정 한 위치와 각도로 로봇을 설정할 수 있습니다 . 안전복구 모드에 대한 자세한 내용은 Recovery 모듈 (p. 180)
3. 언팩 사용하기 | pages [185] | keyword:패키징,모드; semantic_rank:1 | 패키징 모드 탭을 선택하십시오 . Servo On to Start Recovery 버튼을 탭 해 패키징 모드를 활성화하십시오 . 설정된 패키징 포즈로 로봇이 자동으로 이동합니다 . Pack 버튼으로 로봇을 팩 자세로 만들거나 Unpack 버튼으로 Default Home Position 을 만들 수 있습니다 .
4. 위험성 평가 | pages [15] | no_match keyword=0.00 semantic_rank=- | 일부 안전 관련 기능은 협동 로봇 애플리케이션 전용으로 설계된 것입니다 . 이 기능은 안전 구성 설정을 통해 구성이 가능하고 통합자가 수행한 위험성평가의 구체적 위험에 대처하는 데에 특히 적합합니다 . 협동 로봇의 안전 관련 기능은 안전구성 설정 메뉴에서 구성이 가능하며 , 다음 기능을 제공합니다 . 포스 및 파워 제한
5. 안전정격 정지기능 | pages [23] | keyword:모드 | 안전 기능 안전기능 동작조건 Triggering Event 의도된 동작 Intended Result PFHd PL, SIL 1 Emergency Stop TBSFT 의 EM 단자에 연결된 비상 정지 스위치가 눌린 경 우 티치 펜던트의 비상 정지 스 위치가 눌린 경우 설정된 안전 정지모드에 따 라 비상정지합니다 . STO
6. 소프트웨어 복구 모드 사용하기 | pages [183] | page; keyword:모드 | 항목 설명 8 Joint/Task 원하는 값을 입력하여 로봇을 움직일 수 있습니다 . 소프트웨어 복구 모드를 사용하려면 : 1. 주 메뉴 창에서 Recovery 메뉴를 탭 하십시오 . Recovery 창에서 소프트웨어 복구 화면이 자동으로 활성화됩니다 . 소프트웨어 복구 화면 오른쪽 조인트 설정 창에서 각 조인트 버튼을
7. 패키징 자세 해제하기 | pages [91] | keyword:패키징,모드; semantic_rank:2 | 패키징 자세를 설정하는 방법은 다음과 같습니다 . 헤더 창에서 Recovery 메뉴를 탭 하십시오 . 패키징 모드 탭을 선택하십시오 . Servo On to Start Recovery 버튼을 탭 해 패키징 모드를 활성화하십시오 . 설정된 패키징 포즈로 로봇이 자동으로 이동합니다 . Pack 버튼으로 로봇을 팩 자세로 만들
8. 로봇의 모드 | pages [16] | keyword:모드 | 수동 모드에서는 Robot Parameter 로 로봇의 주변 장치에 대한 설정하거나 Task Editor 를 통해 로봇의 태스크 프로 그래밍을 할 수 있으며 , 로봇이 안전 제한치 초과 등의 이유로 정상 조작이 불가능할 때 정상 상태로 움직이기 위한 복 구 기능을 사용할 수 있습니다 . 자동 모드 (Automatic Mo
9. ................................................ 162 | pages [6] | keyword:모드 | 6.3.1 로봇 각 시리즈 별 기능 제한 ................................................................................... 170 6.3.2 로봇 시리즈 별 힘 모니터링 기능 제한 .........................................
10. 언팩 사용하기 | pages [184] | keyword:패키징,모드; semantic_rank:5 | 메뉴 구성 항목 설명 1 모델 이름 연결된 로봇 모델의 이름이 나타납니다 . 2 Pack/Unpack Pack 과 Unpack 중 하나를 선택할 수 있습니다 . 3 Packaging Pose/Joint Limit 자세 및 조인트 제한치 값이 나타납니다 . 4 Speed Ratio 팩 혹은 언팩 모드의 속력을 슬라이더 혹은",1,O,3,O,1,O,3,O
Q35,기존,Configurable 디지털 I/O 전원을 내부 전원과 분리하기 위해 TBPWR 단자블록에서 제거해야 하는 점퍼선 결선은 무엇입니까?,제어기 I/O 배선,배선 확인형,VCC-VIO 및 GND-GIO,page_144_img_1_0.jpeg,1,O,"keyword:vcc,vio,gnd,gio; semantic_rank:1","1. 구성하기 | pages [144] | keyword:vcc,vio,gnd,gio; semantic_rank:1 | VIO 와 GIO 는 컨트롤러 전면에 위치한 Safety Controller 의 디지털 I/O 에 사용되는 전원으로 , 컨트롤러 내부의 SMPS 에서 공급하는 VCC24V 와 GND 와 분리되어 있습니다 . 만약 , 사용자가 Configurable 디지털 I/O 용으로 2A 이하의 전류 를 사용하고 , IO 연결기기와 컨
2. 구성하기 | pages [140] | keyword:vcc,vio,gnd,gio; semantic_rank:2 | Configurable 디지털 입출력 (I/O) 을 일반적인 디지털 입출력 (I/O) 으로 사용할 경우 , 전압용 솔밸브와 같은 저전류 장 비의 구동 또는 PLC 시스템이나 주변장치와 신호 교환 등 다양한 방법으로 활용할 수 있습니다 . 이와 같은 방법을 사 용하는 방법은 아래와 같습니다 . Dry Contact 입력을
3. ................................................................ 126 | pages [5] | semantic_rank:12 | 4.1 플랜지 I/O.......................................................................................... 126 4.1.1 Schematic Diagram ..................................................
4. 연결 | pages [133] | no_match keyword=0.00 semantic_rank=- | 컨트롤러 I/O 단자를 이용하여 매니퓰레이터와 티치펜던트 이외에 외부 장비를 컨트롤러와 연결하여 사용할 수 있습 니다 . 비상정지 스위치 , 라이트 커튼 , 안전 매트와 같은 안전기기와 더불어 공압용 솔밸브 , 릴레이 , PLC, 컨베이어 벨 트 엔코더 등 로봇 작업 셀을 구성할 때 필요한 다양한 주변기기를 연결할 수 있
5. 구성하기 | pages [141] | keyword:vcc,vio,gnd,gio; semantic_rank:5 | 단순부하를 구동하는 경우 TBCO1~ TBCO4 단자블록의 Oxx 단자와 GIO 단자 사이에 부하를 연결하는 방식입니다 . 각각의 단자는 최대 1A 까지 출력이 가능하지만 , 전체 구동가능한 총 전류량은 발열량과 부하에 따라 제한될 수 있습니다 . 공장출고 세팅대로 내부의 전원을 통해 디지털 I/O 의 전원 (VIO/GI
6. 플랜지 디지털 입력 사양 | pages [131] | no_match keyword=0.00 semantic_rank=- | 플랜지 디지털 입력은 Photo coupler 입력으로 구성되어 있습니다 . 입력 24V 기준으로 전류는 내부 저항에 의해 5mA 로 제한됩니다 . 디지털 입력의 전기적 사양은 아래와 같습니다 . Parameter Min Type Max Unit Input voltage 0 - 26 V Logical high 4.4 -
7. 구성하기 | pages [139] | no_match keyword=0.00 semantic_rank=20 | 컨트롤러에는 디지털 입력 16 개 , 디지털 출력 16 개의 디지털 I/O 가 구성되어 있습니다 . 아래 그림과 같은 디지털 I/O 는 로봇 제어에 필요한 주변기기와 연결하여 사용하거나 이중화된 Safety IO 로 설정하여 안전신호 입출력 용도로 사 용할 수 있습니다 . Configurable 디지털 I/O 의 전기적
8. 이동 및 설치를 위한 인양 지점 | pages [97] | no_match keyword=0.00 semantic_rank=- | 컨트롤러와 연결하여 사용할 안전 장비는 반드시 안전용 접점입력 단자 또는 Safety IO 로 설정한 Configurable 디지털 IO 에 이중신호로 연결하십시오 . 일반 IO 에 연결하거나 단일신호로 연결하여 사용 할 경우 , 규정된 안전수준을 달성할 수 없습니다 .
9. (CS-12P) | pages [397] | no_match keyword=0.00 semantic_rank=- | 제품 소개 (CS-12P) 각 부 명칭과 기능 번호 항목 설명 1 I/O 연결 단자 ( 내부 ) 다른 로봇의 컨트롤러나 주변 기기와 연결할 수 있 습니다 . 2 전원 스위치 컨트롤러의 주 전원을 켜거나 끌 수 있습니다 . 3 티치펜던트 케이블 연결 단자 티치펜던트의 케이블을 컨트롤러와 연결합니다 . 4 로봇 케이블 연결
10. 6.7.1 Robot Settings | pages [199] | no_match keyword=0.00 semantic_rank=- | 메뉴 구성 항목 설명 1 Supply Voltage 공급 전압을 설정 하는 기능을 제공 합니다 . 0V(=Off)/ 12V/ 24V 중 한개의 전압을 선택 할 수 있습니다 . 2 Digital Output Type 디지털 출력 타입을 X1, X2 포트별로 각각 설정하는 기능을 제공합니다 . 로봇 모델이 A 모델일 경우에는",1,O,"keyword:vcc,vio,gnd,gio; semantic_rank:1","1. 구성하기 | pages [144] | keyword:vcc,vio,gnd,gio; semantic_rank:1 | VIO 와 GIO 는 컨트롤러 전면에 위치한 Safety Controller 의 디지털 I/O 에 사용되는 전원으로 , 컨트롤러 내부의 SMPS 에서 공급하는 VCC24V 와 GND 와 분리되어 있습니다 . 만약 , 사용자가 Configurable 디지털 I/O 용으로 2A 이하의 전류 를 사용하고 , IO 연결기기와 컨
2. 구성하기 | pages [140] | keyword:vcc,vio,gnd,gio; semantic_rank:2 | Configurable 디지털 입출력 (I/O) 을 일반적인 디지털 입출력 (I/O) 으로 사용할 경우 , 전압용 솔밸브와 같은 저전류 장 비의 구동 또는 PLC 시스템이나 주변장치와 신호 교환 등 다양한 방법으로 활용할 수 있습니다 . 이와 같은 방법을 사 용하는 방법은 아래와 같습니다 . Dry Contact 입력을
3. 연결 | pages [133] | no_match keyword=0.00 semantic_rank=- | 컨트롤러 I/O 단자를 이용하여 매니퓰레이터와 티치펜던트 이외에 외부 장비를 컨트롤러와 연결하여 사용할 수 있습 니다 . 비상정지 스위치 , 라이트 커튼 , 안전 매트와 같은 안전기기와 더불어 공압용 솔밸브 , 릴레이 , PLC, 컨베이어 벨 트 엔코더 등 로봇 작업 셀을 구성할 때 필요한 다양한 주변기기를 연결할 수 있
4. 구성하기 | pages [141] | keyword:vcc,vio,gnd,gio; semantic_rank:5 | 단순부하를 구동하는 경우 TBCO1~ TBCO4 단자블록의 Oxx 단자와 GIO 단자 사이에 부하를 연결하는 방식입니다 . 각각의 단자는 최대 1A 까지 출력이 가능하지만 , 전체 구동가능한 총 전류량은 발열량과 부하에 따라 제한될 수 있습니다 . 공장출고 세팅대로 내부의 전원을 통해 디지털 I/O 의 전원 (VIO/GI
5. 구성하기 | pages [136] | semantic_rank:8 | 전압 / 전류 출력 TBAIO 단자블록의 AOx 단자와 GND 단자 사이에서 외부기기로 전압 또는 전류 신호를 출력합니다 . 상대기기의 입력 이 전압인 경우 , 0 ~10Vdc 신호를 출력합니다 . 상대기기의 입력이 전류인 경우 4~20mA 신호를 출력할 수 있습니다 . 상대 기기의 입력신호 ( 전압 / 전류 ) 에 따라
6. 테스트하기 | pages [95] | no_match keyword=0.00 semantic_rank=- | MANDATORY NORMAL 10 MIN 티치펜던트에서는 플랜지 I/O 에 연결된 툴의 동작을 테스트할 수 있는 기능을 제공하고 있습니다 . 전원을 차단했을 때 툴에서 작업물이 낙하하는 등의 위험 상황이 발생하지 않도록 툴과 그리퍼를 구성 하십시오 . A 시리즈의 경우 로봇이 서보 오프될 때 Flange I/O 의 24
7. 6.9.11 Signal Commands | pages [327] | no_match keyword=0.00 semantic_rank=- | Digital I/O Analog I/O Industrial Ethernet Modbus TCP/RTU TCP Client/Server Serial Communication 2. 타입별 설정 : Digital I/O : 포트 번호 선택 Analog I/O : 포트 번호 선택 , 타입 선택 Industrial Etherne
8. 구성하기 | pages [145] | no_match keyword=0.00 semantic_rank=- | 컨트롤러의 안전 입출력 (Safety I/O) 은 안전장치 연결을 위한 이중화된 전용 접점입력단자로 구성되어 있습니다 . 이 단자는 용도에 따라 두 영역으로 나누어져 있습니다 . 하부 2 쌍의 External Emergency Contact In: 외부 비상 스위치 등 비상정지에 필요한 장치 연결 상부 2 쌍의 Prote
9. 구성하기 | pages [135] | semantic_rank:4 | Terminal 매개변수 사양 [AOx-GND] 전류 - [AOx-GND] 저항 1 ohm [AOx-GND] 분해능 16 bit 전압 / 전류 입력 TBAIO 단자블록의 AIx 단자와 GND 단자 사이에 외부기기로부터 전압 또는 전류 신호를 입력 받습니다 . 상대기기의 출력이 전압인 경우 , 0 ~10Vdc 신호를 입력으
10. 구성하기 | pages [143] | page; semantic_rank:15 | Configurable 디지털 IO 를 Safety IO 로 사용할 경우 O01 & O02, … , O15 & O16, I01 & I02, .. I15 & I16 으로 인접한 두 개의 IO 단자를 동일 안전신호로 이중화하여 입출력 할 수 있습니다 . 안전용 접점 출력 단자 (TBSFT) 의 전용입력단자는 오직 접점형태 (",1,O,2,O,1,O,2,O
Q36,기존,공간 제한 구역을 '기울어진 직육면체(3포인트 & 높이)'로 설정할 때 3D 시뮬레이션 화면에서 지정해야 하는 3개의 점은 무엇입니까?,안전 설정/공간 제한 구역,설정 절차형,"기준점, x축 위의 점, xy평면 위의 점",page_237_img_0_0.jpeg,1,O,"keyword:기준점,위의; semantic_rank:1","1. 6.7.3 Safety Settings | pages [238] | keyword:기준점,위의; semantic_rank:1 | 항목 설명 기울어진 직육면체 공간 제한 (Space Limit) / 구역 (Zone) 의 형태를 기울어진 직육면체로 구성합니다 . 4 포인트 입력 방식 기울어진 직육면체의 기준점 ( 포인트 1 ), x 축 끝점 ( 포인트 2 ), y 축 끝점 ( 포인트 3 ), z 축 끝점 ( 포인트 4 ) 을 입력한 후 , 포즈 저장
2. 6.7.3 Safety Settings | pages [240] | no_match keyword=0.00 semantic_rank=- | 공간 제한과 구역의 설정 공통 사항 유효 면적 (Effective Area) 은 내부 / 외부 중 하나를 선택할 수 있습니다 . 모양 유형 (Shape Type) 은 구 , 원기둥 , 직육면체 , 기울어진 직육면체 , 다면상자 중 하나를 선택할 수 있으며 자세한 내용은 공간 제한과 구역의 형태 알아보기 (p. 236) 를
3. 6.7.3 Safety Settings | pages [237] | page; semantic_rank:15 | 안전 매뉴얼 (p. 8) 에서 다음의 내용을 참고하십 시오 . 공간 제한 (Space Limit) (p. 38) 구역 (Zone) (p. 37) 공간 제한과 구역의 형태 알아보기 공간 제한 (Space Limit) / 구역 (Zone) 의 형태에 대한 설정 방법은 다음과 같습니다 . 항목 설명 직육면체 공간 제한 (Spa
4. 소프트웨어 복구 모드 사용하기 | pages [182] | no_match keyword=0.00 semantic_rank=- | 소프트웨어 복구 모드 메뉴 구성 항목 설명 1 Servo On to Start Recovery Recovery 모드를 시작하기 전에 서보를 활성화하는 버튼입니다 . 2 Exit Recovery Recovery 모듈에서 나갈 수 있는 버튼입니다 . 3 Header 소프트웨어 복구 모드 혹은 팩 / 언팩 모드 중 하나를 선택
5. 6.7.2 Tool Settings | pages [203] | no_match keyword=0.00 semantic_rank=- | 2 3D Simulation 설정한 Tool Center Point 를 시뮬레이션 할 수 있습니다 . 3 추가하기 TCP 를 추가할 수 있습니다 . 4 삭제하기 선택한 TCP 를 삭제할 수 있습니다 . 5 Save 설정 값을 저장할 수 있는 버튼입니다 . 설정이 잠금되었을 때 화면은 다음과 같습니다 .
6. 6.7.3 Safety Settings | pages [239] | semantic_rank:7 | 항목 설명 원기둥 공간 제한 (Space Limit) / 구역 (Zone) 의 형태를 원기둥으로 구성합니다 . 원기둥의 반지름 거리의 점 , 윗면의 한 점 , 밑면의 한 점을 입력한 후 , 포즈 저장 버튼을 탭 하십시오 . 다면 상자 공간 제한 (Space Limit) / 구역 (Zone) 의 형태를 다면 상자로 구성합니
7. (Safety I/O) | pages [33] | no_match keyword=0.00 semantic_rank=- | 신호명 설명 Safety Zone Dynamic Enable (H) 안전 공간 제한 ( Space Limit ) 또는 구역 ( Zone ) 을 동적으로 활성화 또는 비활성화 시킬 때 사용 가능합니다 . 공간제한 , 구역 설정 시 동적 구역 활성화를 설정한 경우에만 이 신 호를 사용할 수 있습니다 . High : 이 신호에
8. 6.7.3 Safety Settings | pages [237] | page | 공간 제한과 구역의 형태 공간 제한 (Space Limit) 과 구역 (Zone) 설정 알아보기 공간 제한 (Space Limit) 과 구역 (Zone) 에 관한 자세한 내용은 PART 1.
9. 안전기능의 설정 | pages [29] | no_match keyword=0.00 semantic_rank=- | 구분 안전 설정 기능 설명 1 기본 / 전역 설정 월드 좌표계 (World Coordinates) 설정 (p. 189) 로봇 및 작업대상을 포함한 작업영역을 대표하 는 좌표계를 설정할 수 있습니다 . 로봇 제한치 (Robot Limits) 설정 (p. 210) 조인트와 로봇 /TCP 안전 정격 감시기능의 전역 안전 제한치
10. 화면 | pages [376] | no_match keyword=0.00 semantic_rank=- | 메뉴 구성 항목 설명 1 패널 타입 선택 동작 버튼의 위치를 선택 할 수 있습니다 . 2 3D simulation 3D 뷰어에서 로봇의 모습을 보여줍니다 . 3 Simulator Alignment 시뮬레이터의 정렬 방법 항목입니다 . 4 Use Increment 각도 혹은 위치 increment 의 활성화 버튼입니다 .",1,O,"keyword:기준점,위의; semantic_rank:1","1. 6.7.3 Safety Settings | pages [238] | keyword:기준점,위의; semantic_rank:1 | 항목 설명 기울어진 직육면체 공간 제한 (Space Limit) / 구역 (Zone) 의 형태를 기울어진 직육면체로 구성합니다 . 4 포인트 입력 방식 기울어진 직육면체의 기준점 ( 포인트 1 ), x 축 끝점 ( 포인트 2 ), y 축 끝점 ( 포인트 3 ), z 축 끝점 ( 포인트 4 ) 을 입력한 후 , 포즈 저장
2. 6.7.3 Safety Settings | pages [237] | page; semantic_rank:15 | 안전 매뉴얼 (p. 8) 에서 다음의 내용을 참고하십 시오 . 공간 제한 (Space Limit) (p. 38) 구역 (Zone) (p. 37) 공간 제한과 구역의 형태 알아보기 공간 제한 (Space Limit) / 구역 (Zone) 의 형태에 대한 설정 방법은 다음과 같습니다 . 항목 설명 직육면체 공간 제한 (Spa
3. 6.7.3 Safety Settings | pages [240] | no_match keyword=0.00 semantic_rank=- | 공간 제한과 구역의 설정 공통 사항 유효 면적 (Effective Area) 은 내부 / 외부 중 하나를 선택할 수 있습니다 . 모양 유형 (Shape Type) 은 구 , 원기둥 , 직육면체 , 기울어진 직육면체 , 다면상자 중 하나를 선택할 수 있으며 자세한 내용은 공간 제한과 구역의 형태 알아보기 (p. 236) 를
4. 6.7.3 Safety Settings | pages [239] | semantic_rank:7 | 항목 설명 원기둥 공간 제한 (Space Limit) / 구역 (Zone) 의 형태를 원기둥으로 구성합니다 . 원기둥의 반지름 거리의 점 , 윗면의 한 점 , 밑면의 한 점을 입력한 후 , 포즈 저장 버튼을 탭 하십시오 . 다면 상자 공간 제한 (Space Limit) / 구역 (Zone) 의 형태를 다면 상자로 구성합니
5. 6.7.3 Safety Settings | pages [232] | semantic_rank:10 | 3 Coordinates Base 와 World 중 좌표계를 설정할 수 있습니다 . 4 Point 1 Point 1 의 값을 입력합니다 . 5 Point 2 Point 2 의 값을 입력합니다 . 6 Point 3 Point 3 의 값을 입력합니다 . 7 Point 4 Point 4 의 값을 입력합니다 . 8 Space E
6. 화면 | pages [376] | no_match keyword=0.00 semantic_rank=- | 메뉴 구성 항목 설명 1 패널 타입 선택 동작 버튼의 위치를 선택 할 수 있습니다 . 2 3D simulation 3D 뷰어에서 로봇의 모습을 보여줍니다 . 3 Simulator Alignment 시뮬레이터의 정렬 방법 항목입니다 . 4 Use Increment 각도 혹은 위치 increment 의 활성화 버튼입니다 .
7. 6.7.3 Safety Settings | pages [234] | no_match keyword=0.00 semantic_rank=16 | 3 Coordinates Base 와 World 중 좌표계를 설정할 수 있습니다 . 4 Point 1 Point 1 의 값을 입력합니다 . 5 Point 2 Point 2 의 값을 입력합니다 . 6 Point 3 Point 3 의 값을 입력합니다 . 7 크기 설정 Length, Width, Height 값을 입력합니다 .
8. (Space Limit) | pages [39] | no_match keyword=0.00 semantic_rank=- | 로봇 제한치 (Robot Limits) (p. 210) 의 로봇의 조인트 각도 제한치 외에 , 직교 좌표상에서 로봇이 작동 공간을 제한할 수 있습니다 . 로봇 또는 TCP 가 자동운전 또는 수동모드에서 공간제한을 위반하면 안전 정지 모드 (Safety Stop Mode) 설정에 따라 정지합니다 . 핸드가이딩으로 직접교시
9. 소프트웨어 복구 모드 사용하기 | pages [183] | no_match keyword=0.00 semantic_rank=- | 설정 값을 변경하면 왼쪽 시뮬레이션 창에 실시간으로 반영됩니다 . 설정이 완료되면 왼쪽 상단의 X 버튼을 탭 해 창을 닫으십시오 . 주의 소프트웨어 복구 모드는 조인트 각도 제한이 3 도를 초과한 상태에서 사용할 수 없습니다 .
10. (Robot Limits) | pages [41] | no_match keyword=0.00 semantic_rank=- | 충돌 민감도 감소 구역 (Collision Sensitivity Reduction Zone) 설정하기 (p. 239) 툴 방향 전환 제한 구역 (Tool Orientation Limit Zone) 설정하기 (p. 239) 사용자 정의 구역 (Custom Zone) 설정하기 (p.",1,O,2,O,1,O,2,O
Q37,기존,힘 제어 모드에서 외력 센서값 오차를 초기화하기 위해 Custom Code에 입력해야 하는 DRL 명령어는 무엇입니까?,힘 제어/Custom Code,명령어 확인형,set_external_force_reset(),page_310_img_1_0.jpeg,1,O,"keyword:set,external,force,reset; semantic_rank:9","1. 명령어 예제 따라하기 | pages [310] | keyword:set,external,force,reset; semantic_rank:9 | 4 번 줄의 Wait 명령어를 선택하십시오 . 속성 (Property) 탭을 선택하십시오 . Wait Time 을 다음과 같이 설정합니다 . Wait Time : 3 sec 33. 5 번 줄의 Custom Code 명령어를 선택하십시오 . Single Line 을 선택하고 다음의 drl 명령어를 추가합니다 . 해당 명령어
2. 원격 제어 모드 | pages [257] | no_match keyword=0.00 semantic_rank=- | 원격 제어 시작 시 Remote Control Mode 화면으로 이동 가능합니다 . 예를 들어 , 리모트 컨트롤 모드 진입 이후 로봇에서 지정된 태스크를 실행하고자 한다면 , 먼저 Servo On( 상승 엣지 ) 신호를 통해 지정한 포트로 서보를 활성화한 뒤 , Task Start( 상승 엣지 ) 신호를 입력하여 필수 설
3. 명령어 예제 따라하기 | pages [288] | no_match keyword=0.00 semantic_rank=- | Compliance 명령어를 2 개 추가하십시오 . 이 명령어는 순응 제어 (Compliance Control) 을 활성화 / 비활성화하는데 사용될 예정입니다 . Compliance 명령어 사이에 Wait 명령어를 추가하십시오 . 이 명령어는 순응 제어를 유지하기 위해 사용될 예정입 니다 .
4. 명령어 예제 따라하기 | pages [304] | semantic_rank:12 | 명령어 (Command) 탭을 선택하십시오 . 5 번째 줄과 7 번째 줄에 Force 명령어를 추가하십시오 . 이 명령어는 힘 제어 (Force Control) 를 활성화 / 비활성화하는 데 사용될 예정입니다 .
5. 명령어 예제 따라하기 | pages [287] | no_match keyword=0.00 semantic_rank=- | Task 이름을 Task_demo_compliance_ctrl 로 수정하십시오 . 수정한 Task 이름을 저장하십시오 . MoveJ 명령어를 추가하십시오 . 이 명령어는 로봇의 순응 제어 시작 위치로 이동하는데 사용될 예정입니다 .
6. 힘 제어 개념 알아보기 | pages [276] | keyword:set,force | 힘 제어 (Force Control) 와 순응 제어 (Compliance Control) 는 로봇의 힘을 제어하는 기능입니다 . 또한 모션 명령어를 추가하는 경우 모션 이동과 동시에 힘을 제어할 수 있습니다 . 순응 제어와 힘 제어 방식은 아래와 같은 차이점이 있습 니다 . 순응 제어 순응 제어 시에는 로봇 끝단 TCP
7. 알아보기 | pages [170] | no_match keyword=0.00 semantic_rank=- | 항목 설명 5 즐겨찾기 모듈 팝업 모든 즐겨찾기 모듈들을 표시하고 , 드래그 앤 드롭 (Drag & Drop) 으로 순 서를 변경할 수 있습니다 . 6 로봇 / 가상 스위치 로봇 ↔ 가상 모드로 전환할 수 있습니다 . ※ 실제 로봇이 연결되어 있는 경우에만 사용할 수 있습니다 . 7 빠른 제어 로봇 3D Simulator
8. 힘 제어 개념 알아보기 | pages [281] | keyword:set,force; semantic_rank:3 | 이 모드가 활성화되면 현재 로봇에 작용하고 있는 외력 값을 0 으로 보정하여 힘 제어 정확성을 향상 시킵니다 . 상대 모드 비활성화 시 타겟에 실제 작용 힘은 설정한 힘과 외력의 합과 같습니다 . 상대 모드 활성화 시 타겟에 실제 작용 힘은 설정한 힘과 같습니다 . 힘 제어 상태에서 자세나 외력에 따라 오차가 발생할 수
9. 힘 제어 개념 알아보기 | pages [279] | no_match keyword=0.00 semantic_rank=- | 강성 (Stiffness) 값이 현재 강성 값에서 설정 된 강성 값으로 도달하는데 소요 되는 시간 (0~1s) 주의 툴 무게 (Tool Weight) 및 TCP(Tool Center Point) 를 정확하게 설정 해야 합니다 . 잘못된 툴 무게 설정으 로 로봇이 툴 무게를 외력으로 감지하게 되면 Compliance 명령어
10. 명령어 예제 따라하기 | pages [284] | no_match keyword=0.00 semantic_rank=- | 이 예제에서는 순응 제어 사용 시 충돌 민감도 (Collision Sensitivity) 를 낮춰야 하는 이유를 설명하기 위해 충돌 민감도 (Collision Sensitivity) 를 95% 로 설정합니다 .",1,O,"keyword:set,external,force,reset; semantic_rank:9","1. 명령어 예제 따라하기 | pages [310] | keyword:set,external,force,reset; semantic_rank:9 | 4 번 줄의 Wait 명령어를 선택하십시오 . 속성 (Property) 탭을 선택하십시오 . Wait Time 을 다음과 같이 설정합니다 . Wait Time : 3 sec 33. 5 번 줄의 Custom Code 명령어를 선택하십시오 . Single Line 을 선택하고 다음의 drl 명령어를 추가합니다 . 해당 명령어
2. 힘 제어 개념 알아보기 | pages [280] | no_match keyword=0.25 semantic_rank=- | 힘 (Force) 제어 힘 제어 (Force Control) 란 설정한 힘과 반력이 평형 상태가 될 때까지 힘 제어 방향 힘을 가하는 기능입니다 . 설정한 힘 방향으로 이동하고 물체에 접촉 시 입력한 힘 (N) 을 유지 일정한 힘을 가하면서 힘 방향과 다른 방향으로 모션 제어 가능 최소 설정 값은 +/- 10N 이며 ,
3. 힘 제어 개념 알아보기 | pages [281] | keyword:set,force; semantic_rank:3 | 이 모드가 활성화되면 현재 로봇에 작용하고 있는 외력 값을 0 으로 보정하여 힘 제어 정확성을 향상 시킵니다 . 상대 모드 비활성화 시 타겟에 실제 작용 힘은 설정한 힘과 외력의 합과 같습니다 . 상대 모드 활성화 시 타겟에 실제 작용 힘은 설정한 힘과 같습니다 . 힘 제어 상태에서 자세나 외력에 따라 오차가 발생할 수
4. 명령어 예제 따라하기 | pages [305] | semantic_rank:11 | 5 번 줄의 Force 명령어를 선택하십시오 . 속성 (Property) 탭을 선택하십시오 . 모드 (Mode) 를 다음과 같이 설정합니다 . Mode On 은 힘 제어를 활성화 합니다 . Mode : On 18. 힘 (Desired Force) 을 다음과 같이 설정합니다 . X : 0 N (default) b. Y :
5. 설정하기 | pages [158] | no_match keyword=0.00 semantic_rank=- | 두산로보틱스의 ModbusTCP Slave 기능은 로봇 파라미터 모니터링 , General Purpose Register(GPR) ( General Purpose Register(GPR) 사용하기 (p. 158) 참고 ) 기능을 지원합니다 . 해당 기능은 로봇 제어기가 정상 부팅시 자동으로 시작하는 기능입니다 . 따라서
6. 로봇 시리즈 별 힘 모니터링 기능 제한 | pages [173] | no_match keyword=0.25 semantic_rank=- | 기능 A/E 시리즈 ( 전류 기반 ) A 시리 즈 S ( 전 류 , FTS 기반 ) M 시리즈 (JTS 기 반 ) H 시리즈 (JTS 기반 ) P 시리즈 (JTS 기반 ) 힘 모 니터 링 (DRL 명령 어 사 용시 : check _force _ condit ion()) O ( 특이점 구간 힘 값 '0' 으로 표시 ) O
7. 힘 제어 개념 알아보기 | pages [276] | keyword:set,force | 힘 제어 (Force Control) 와 순응 제어 (Compliance Control) 는 로봇의 힘을 제어하는 기능입니다 . 또한 모션 명령어를 추가하는 경우 모션 이동과 동시에 힘을 제어할 수 있습니다 . 순응 제어와 힘 제어 방식은 아래와 같은 차이점이 있습 니다 . 순응 제어 순응 제어 시에는 로봇 끝단 TCP
8. 명령어 예제 따라하기 | pages [290] | no_match keyword=0.00 semantic_rank=- | 4 번 줄의 Compliance 명령어를 선택하십시오 . 속성 (Property) 에서 Mode 를 다음과 같이 설정합니다 . Mode On 은 순응 제어를 활성화 합니다 . Mode : On 22. 강성 (Stiffness) 를 다음과 같이 설정합니다 . X, Y 방향의 강성을 낮추어 X, Y 방향으로 조금 더 유연하게
9. 힘 제어 개념 알아보기 | pages [278] | no_match keyword=0.25 semantic_rank=- | F( 외력 ) , K( 강성 ), X( 이동 거리 ) 일 때 , 다음과 같은 공식이 성립합니다 . F = K * X K = F / X X = F / K 위 공식을 사용하면 순응 제어의 강성 (Stiffness) 을 1000N/m 로 설정하고 로봇을 1mm 움직일 때 발생하는 외력은 1N 이 됩니다 . F=1000N/m*0
10. 명령어 예제 따라하기 | pages [303] | no_match keyword=0.00 semantic_rank=- | 속성 (Property) 탭을 선택하십시오 . 4 번째 줄의 Compliance 명령어를 선택하십시오 . 강성 (Stiffness) 을 다음과 같이 기본 값으로 설정합니다 . X, Y, Z : 3000 N/m (default) b. Rx, Ry, Rz : 200 Nm/rad (default)",1,O,3,O,1,O,1,O
Q38,기존,PROFINET 통신 구조에서 로봇 상태(Robot State) 정보를 전송하도록 할당된 Slot 번호는 몇 번입니까?,통신/PROFINET,통신 설정형,Slot#1,page_155_img_1_0.jpeg,1,O,keyword:slot; semantic_rank:1,"1. 확장 프로토콜 설정 및 사용 | pages [154] | keyword:slot; semantic_rank:1 | ProfiNet Slot 기능 네트워크 최적화를 위해 관심있는 Slot 만 Transaction 을 하는 기능을 사용할 수 있습니다 . Slot#1: Robot State (T2O) Slot#2: Robot Error Code (T2O) Slot#3: Joint (T2O) Slot#4: Task (T2O) Slot#5:
2. 확장 프로토콜 설정 및 사용 | pages [155] | keyword:slot; semantic_rank:2 | Slot#8: I/O Control (O2T) Slot#9: Bit GPR (O2T) Slot#10: Int GPR (O2T) Slot#11: Float GPR (O2T) Settings 모듈의 좌측 메뉴 중 , PLC 를 선택하여 해당 화면으로 이동한 후 , ProfiNet 탭을 선택하면 , 아래 화면이 보여 집니다 .
3. 항목에서 설정하기 | pages [355] | no_match keyword=0.00 semantic_rank=- | PLC Ethernet/IP 와 PROFINET 탭으로 구분 되며 , 제어기의 EtherNet/IP 및 PROFINET 네트워크 정보 조회 및 통신 방식 , 데이터 설정을 구성할 수 있는 메뉴입니다 .
4. 6.7.1 Robot Settings | pages [196] | no_match keyword=0.00 semantic_rank=- | 메뉴 구성 항목 설명 1 콕핏 이미지 콕핏 설정을 위한 이미지 입니다 . 2 리셋 설정한 값들을 초기화 시킬 수 있습니다 . 3 1 버튼 설정 1 버튼에 설정할 기능을 선택할 수 있습니다 . 4 2 버튼 설정 2 버튼에 설정할 기능을 선택할 수 있습니다 . 5 1+2 버튼 설정 1+2 버튼 clamping 활성화 여부를
5. 모듈 화면 구성 | pages [332] | no_match keyword=0.00 semantic_rank=- | 항목 설명 1 I/O Overview 제어기 , 플랜지의 아날로그 및 디지털 입출력 설정을 할 수 있습니다 . 2 Slave Monitoring Modbus, Ethernet IP, Profinet Slave 의 GPR(General Purpose register) 정보를 모니터링할 수 있습니다 .
6. 로봇 업데이트 및 복원 | pages [360] | no_match keyword=0.00 semantic_rank=- | 업데이트 Robot Update > Update 메뉴에서는 업데이트 파일을 사용하여 시스템을 업데이트 하는 기능을 제공합니다 . 업데이트 영역에서 원하는 업데이트 파일을 업로드합니다 . 업로드가 완료되면 업데이트 버튼이 표시되며 , 해당 버 튼을 통해서 업데이트를 수행할 수 있습니다 . 메뉴 구성 항목 설명 1 Curre
7. 6.9.11 Signal Commands | pages [328] | no_match keyword=0.00 semantic_rank=- | 프로토콜 설명 주요 용도 FOCAS FANUC CNC CNC 기계 문제 해결 자주 발생하는 문제 1. 연결 실패 네트워크 설정 확인 방화벽 설정 확인 장비 전원 상태 확인 2. 데이터 읽기 / 쓰기 실패 주소 범위 확인 데이터 타입 일치 확인 3. 성능 저하 폴링 주기 조정 불필요한 연결 제거 네트워크 대역폭 확인 디바이
8. 로봇 업데이트 및 복원 | pages [362] | no_match keyword=0.00 semantic_rank=- | 시스템 복원 Robot Update > System Restore 메뉴에서는 업데이트 정보를 기반으로 시스템을 복원할 수 있는 기능을 제공합니 다 . 백업 리스트에서 원하는 복원 지점을 선택한 뒤 , 복원 버튼을 클릭합니다 .
9. 6.7.1 Robot Settings | pages [197] | no_match keyword=0.00 semantic_rank=- | 반환값 (Returns): (int) 1: Pressed ( 버튼이 눌린 상태 ), 0: Released ( 버튼이 눌리지 않은 상태 ) I/O Settings Normal I/O 메뉴 구성 항목 설명 1 Normal Input 입력할 항목 설정이 가능합니다 . 2 Normal Output 출력할 항목 설정이 가능합니다
10. 6.10.3 Slave Monitoring | pages [338] | no_match keyword=0.00 semantic_rank=- | Slave Monitoring 화면 구성 항목 설명 1 Slave Type 모니터링할 통신 방식을 변경할 수 있습니다 . Modbus, Ethernet IP, Profinet 중 하나를 선택 할 수 있습니다 . 2 Ethernet Adapter Type 현재 설정된 Ethernet IP 의 Adapter Type 을 확인",1,O,keyword:slot; semantic_rank:1,"1. 확장 프로토콜 설정 및 사용 | pages [154] | keyword:slot; semantic_rank:1 | ProfiNet Slot 기능 네트워크 최적화를 위해 관심있는 Slot 만 Transaction 을 하는 기능을 사용할 수 있습니다 . Slot#1: Robot State (T2O) Slot#2: Robot Error Code (T2O) Slot#3: Joint (T2O) Slot#4: Task (T2O) Slot#5:
2. 확장 프로토콜 설정 및 사용 | pages [155] | keyword:slot; semantic_rank:2 | Slot#8: I/O Control (O2T) Slot#9: Bit GPR (O2T) Slot#10: Int GPR (O2T) Slot#11: Float GPR (O2T) Settings 모듈의 좌측 메뉴 중 , PLC 를 선택하여 해당 화면으로 이동한 후 , ProfiNet 탭을 선택하면 , 아래 화면이 보여 집니다 .
3. (Safety I/O) | pages [35] | no_match keyword=0.00 semantic_rank=- | 신호명 설명 Safe Torque Off (L) High: 로봇이 서보 오프 , 비상 정지 상태가 아님 Low: 로봇이 서보 오프 , 비상 정지 상태 Safe Operating Stop (L) High : 로봇이 대기 상태 (Standby State) 가 아님 Low : 로봇이 대기 상태 (Standby State) 이고
4. ................................................ 162 | pages [6] | semantic_rank:11 | 6.3.1 로봇 각 시리즈 별 기능 제한 ................................................................................... 170 6.3.2 로봇 시리즈 별 힘 모니터링 기능 제한 .........................................
5. 로봇 시스템 구성 및 설명 | pages [101] | no_match keyword=0.00 semantic_rank=- | 주요 기능 No. 항목 설명 1 콕핏 (Cockpit) [ 옵션 ] 직접 교시를 위한 콘트롤러입니다 . 2 툴 플랜지 (Tool Flange) 툴을 장착하는 부위입니다 . 3 플랜지 I/O 툴 제어를 위한 입출력 포트입니다 . ( 디지털 입력 2ch, 출력 2ch) 4 LED(1 축 ) 로봇의 상태를 색상으로 표시합니다
6. 색상 | pages [19] | no_match keyword=0.00 semantic_rank=- | 기타 상태 모드 상태 설명 플랜지 and/or 베이스 LED - Backdrive Hold 6 개 축의 브레이크가 모두 체결되어 , 무동력동작 잠김상태입 니다 . 노란색 깜박임 Backdrive Release 브레이크 해제를 선택하여 1 개 이상 조인트의 브레이크가 풀 린 상태입니다 . 브레이크를 다시 체결하지 않은 상태
7. 안전정격 감시기능 | pages [26] | no_match keyword=0.00 semantic_rank=- | 3 SIL 2 6 TCP/ 로봇 위 치 제한 TCP/Robot Position Limit TCP 또는 로봇 (Tool Shape 포함 ) 이 공간제한에 서 설정한 범위를 벗어나 거나 침범한 경우 설정된 안전 정지모드에 따라 보호정지합니다 . STO, SS1, or SS2 3.92E-7 /h PL d Cat. 3 SIL 2
8. 안전정격 입출력 | pages [27] | no_match keyword=0.00 semantic_rank=- | 두산로봇은 안전보호장치로부터 보호 장치 , 비상 정지 스위치 , 활성화 스위치 및 제어 장치 등을 연결할 수 있는 안전 정격 입력 인터페이스를 제공합니다 . 또한 로봇의 모드 및 상태 정보는 물론 TCP 가 다양한 유형의 안전 영역에 있는 지 여부를 출력할 수 있는 안전 정격 출력 인터페이스를 제공합니다 . 안전 기능 기
9. (Safety I/O) | pages [31] | no_match keyword=0.00 semantic_rank=- | 이중화된 단자로 안전 관련 신호를 입출력하는 기능입니다 . 안전 입출력 신호 중 어느 하나라도 이중화된 신호가 다 른 것이 감지되면 단선이나 하드웨어 고장으로 판단하여 로봇을 STO 정지 모드로 정지시킵니다 . 안전 신호 입출력 (Safety I/O) 은 Robot Parameter> Safety Settings > Sa
10. 안전기능 | pages [21] | no_match keyword=0.00 semantic_rank=- | 사용자 / 시스템 통합자는 두산로봇이 제공하는 다양한 안전 정격 정지기능 , 감시기능 및 인터페이스 기능을 사용하 여 , 작업자와 기계를 보호하고 , 다른 기계 및 안전 방호장치를 연결할 수 있습니다 . 각 안전 정격 정지기능 , 감시기능 및 인터페이스 기능은 ISO 13849-1 에서 설명하는 Category 3, Pe",1,O,2,O,1,O,2,O
Q39,추가,제품을 처음 개봉할 때 로봇과 컨트롤러는 몇 개의 상자에 나누어 배송됩니까?,설치/제품 개봉,절차 확인형,로봇 및 컨트롤러는 2개의 상자에 담겨 배송됨,page_83_img_0_0.jpeg,1,O,"page; keyword:로봇,컨트롤러,상자에,상자,담겨; semantic_rank:1","1. 패킹 뜯기 | pages [83] | page; keyword:로봇,컨트롤러,상자에,상자,담겨; semantic_rank:1 | MANDATORY EASY 3 MIN 두산 로봇을 구입하시면 , 2 개의 상자에 로봇 및 컨트롤러가 담겨서 배송 됩니다 . 패킹을 뜯고 제품을 확인합니다 . 구 성품에 관한 자세한 정보는 구성품 확인 (p. 97) 을 참고하십시오 .
2. 6.7.3 Safety Settings | pages [211] | no_match keyword=0.00 semantic_rank=- | Robot Limits 에는 크게 세 항목으로 나누어 집니다 . 각각의 항목은 다음과 같은 화면 및 기능을 포함합니다 .
3. 모듈 | pages [343] | no_match keyword=0.00 semantic_rank=- | 항목 설명 2 Menu Bar Module 의 특징에 따라 분류가 나누어 집니다 . 3 Trending Home 화면으로 , 현재 인기 있는 모듈들이 소개됩니다 . 4 FAQs Store 관련 자주 묻는 질문들이 제공됩니다 .
4. 컨트롤러에 케이블 연결하기 | pages [83] | page; keyword:로봇,컨트롤러,상자에,상자; semantic_rank:7 | MANDATORY EASY 1 MIN 티치펜던트와 로봇의 케이블을 컨트롤러에 연결합니다 . 티치펜던트 케이블을 컨트롤러의 해당 연결부에 딸깍 소리가 날 때까지 연결하여 케이블이 빠지지 않도록 하십시 오 . 로봇 케이블의 반대편 끝을 컨트롤러의 해당 연결부에 딸깍 소리가 날 때까지 연결하여 케이블이 빠지지 않도록 하 십시오
5. 구성하기 | pages [137] | no_match keyword=0.22 semantic_rank=- | 컨트롤러는 외부 엔코더를 입력할 수 있는 TBEN 2 개 단자를 제공합니다 . 엔코더의 A, B, Z 상을 입력 받을 수 있으며 입력전압 12Vdc 기준으로 카운트합니다 . 또한 S 상은 컨베이어의 Start 센서로 사용이 가능합니다 .
6. 일반 주의사항 | pages [11] | keyword:로봇,컨트롤러는,컨트롤러 | 로봇을 사용하며 발생할 수 있는 일반적인 위험 및 경고 사항에 대해 설명합니다 . 경고 로봇과 전기 장치를 설치하는 경우 설치 매뉴얼을 참조하여 설치 하십시오 . 경고 로봇의 설치 시 툴에 장치를 장착하는 경우 적절한 볼트를 사용하여 체결하십시오 . 로봇의 설치 시에는 작업자와 로봇을 운용하는 사람을 보호하기 위한 안전
7. 명판과 라벨 | pages [104] | semantic_rank:9 | 로봇과 컨트롤러에 부착된 라벨을 제거하거나 손상되지 않도록 주의하십시오 .
8. 면책 사항 | pages [43] | no_match keyword=0.11 semantic_rank=- | 두산 로봇은 제품 안정성 및 성능 개선 노력을 계속 진행하므로 사전에 알리지 않고 제품을 업그레이드할 권리가 있 습니다 . 두산 로봇은 이 설명서의 모든 내용을 정확하고 올바르게 하도록 노력합니다 . 하지만 어떠한 오류 또는 누락 된 정보에 대해서는 책임을 지지 않습니다 .
9. 전원 끄기 | pages [125] | no_match keyword=0.22 semantic_rank=- | 로봇과 컨트롤러를 청소하거나 유지 보수를 위해 분해할 경우에는 반드시 전원 스위치를 눌러 전원을 차단하십시오 .
10. 명령어 | pages [318] | no_match keyword=0.11 semantic_rank=- | Task Editor 에서는 이동 명령어 , 플로우 컨트롤 , 신호 명령어 , 기타 명령어 , 힘 제어 명령어 , 고급 명령어를 사용하여 태스크 프로그램을 만들 수 있습니다 . 모션 명령어 로봇의 자세를 조정하거나 변경할 수 있습니다 . Move 사용자가 선택한 모션 타입 (Move J, Move L) 을 이용해 저장된",1,O,"page; keyword:로봇,컨트롤러,상자에,상자,담겨; semantic_rank:1","1. 패킹 뜯기 | pages [83] | page; keyword:로봇,컨트롤러,상자에,상자,담겨; semantic_rank:1 | MANDATORY EASY 3 MIN 두산 로봇을 구입하시면 , 2 개의 상자에 로봇 및 컨트롤러가 담겨서 배송 됩니다 . 패킹을 뜯고 제품을 확인합니다 . 구 성품에 관한 자세한 정보는 구성품 확인 (p. 97) 을 참고하십시오 .
2. 패킹 뜯기 | pages [83] | page; keyword:로봇,컨트롤러,상자에,상자; semantic_rank:2 | 큰 상자에는 매니퓰레이터가 들어 있습니다 . 작은 상자에는 컨트롤러가 들어 있습니다 . 악세서리 상자에는 티치펜던트와 로봇 케이블류가 제공됩니다 .
3. 포장 박스 사양 | pages [161] | keyword:로봇,컨트롤러는,컨트롤러; semantic_rank:4 | 운송을 위한 포장 박스의 사양은 아래와 같습니다 . Model Length Width Height A0509(S) 755 mm 452 mm 545 mm A0912(S) 986 mm 452 mm 545 mm 주의 포장 자재로 로봇을 감싸 이송하는 경우에는 건조한 장소에 보관하십시오 . 습기가 많은 장소에 보관할 경우 포장
4. ..................................................................96 | pages [4] | semantic_rank:8 | 3.1 설치 시 주의 사항 ..................................................................................96 3.1.1 이동 및 설치를 위한 인양 지점 ........................................................
5. ...............................................................80 | pages [3] | semantic_rank:6 | 2.1 사용자 여정 지도 (Journey map) .............................................................80 2.1.1 Step 1. 로봇 설치하기 ..................................................................
6. 패키징 자세 해제하기 | pages [90] | semantic_rank:14 | MANDATORY EASY 3 MIN 로봇은 운반이나 포장에 용이하도록 패키징 자세로 설정되어 있습니다 . 로봇을 사용하려면 패키징 자세를 해제해야 합니다 . 패키징 자세에서는 로봇이 로봇 각도 제한치 (Joint Angle Limit) 를 초과하는 자세를 유지하기 때문에 안전 제 한치 위반으로 서보 온 상태로 전환하는
7. 패키징 자세 해제하기 | pages [90] | semantic_rank:11 | 2 Pack/Unpack Pack 과 Unpack 중 하나를 선택할 수 있습니다 . 3 Packaging Pose/Joint Limit 자세 및 조인트 제한치 값이 나타납니다 . 4 Speed Ratio 팩 혹은 언팩 모드의 속력을 슬라이더 혹은 입력을 통해 조절할 수 있습니다 . 알아두기 로봇 사용 중 이송 등으로 로봇
8. 언팩 사용하기 | pages [184] | no_match keyword=0.11 semantic_rank=- | 메뉴 구성 항목 설명 1 모델 이름 연결된 로봇 모델의 이름이 나타납니다 . 2 Pack/Unpack Pack 과 Unpack 중 하나를 선택할 수 있습니다 . 3 Packaging Pose/Joint Limit 자세 및 조인트 제한치 값이 나타납니다 . 4 Speed Ratio 팩 혹은 언팩 모드의 속력을 슬라이더 혹은
9. 명판과 라벨 | pages [104] | semantic_rank:9 | 로봇과 컨트롤러에 부착된 라벨을 제거하거나 손상되지 않도록 주의하십시오 .
10. 로봇 설치하기 | pages [81] | no_match keyword=0.22 semantic_rank=17 | 분류 작업 필수 작업 난이도 작업 시간 ( 분 ) 1 로봇 설치 패킹 뜯기 EASY 3 2 컨트롤러에 케이블 연결하기 EASY 1 3 로봇 베이스 고정하기 EASY 3 4 로봇과 컨트롤러 연결하기 EASY 1 5 컨트롤러와 전원 연결하기 EASY 1 6 컨트롤러 배치하기 EASY 1 7 초기 구동 컨트롤러 전원 켜기 EA",1,O,1,O,1,O,1,O
Q40,추가,티치펜던트와 로봇 케이블을 컨트롤러에 연결할 때 케이블이 빠지지 않도록 어떻게 연결해야 합니까?,설치/케이블 연결,절차 확인형,해당 연결부에 딸깍 소리가 날 때까지 연결해야 함,page_84_img_0_0.jpeg,1,O,"page; keyword:해당,연결부에,연결부,딸깍,소리가,소리; semantic_rank:1","1. 컨트롤러에 케이블 연결하기 | pages [83] | page; keyword:해당,연결부에,연결부,딸깍,소리가,소리; semantic_rank:1 | MANDATORY EASY 1 MIN 티치펜던트와 로봇의 케이블을 컨트롤러에 연결합니다 . 티치펜던트 케이블을 컨트롤러의 해당 연결부에 딸깍 소리가 날 때까지 연결하여 케이블이 빠지지 않도록 하십시 오 . 로봇 케이블의 반대편 끝을 컨트롤러의 해당 연결부에 딸깍 소리가 날 때까지 연결하여 케이블이 빠지지 않도록 하 십시오
2. 시스템 연결 | pages [119] | keyword:해당,연결부에,연결부,딸깍,소리가,소리; semantic_rank:2 | 컨트롤러와 티치펜던트 연결하기 티치펜던트 케이블을 컨트롤러의 해당 연결부에 딸깍 소리가 날 때까지 연결하여 케이블이 빠지지 않도록 하십시오 . 컨트롤러가 전자파 노이즈의 영향을 받거나 다른 기기에 영향을 줄 경우 정상적인 사용을 위해 매니퓰 레이터 케이블 양단에 페라이트코어를 설치하는 것을 권장합니다 . 설치 위치는 아래
3. (CS-12P) | pages [401] | keyword:해당,연결부에,연결부,딸깍,소리가,소리; semantic_rank:3 | 컨트롤러와 티치펜던트 연결하기 티치펜던트 케이블을 컨트롤러의 해당 연결부에 딸깍 소리가 날 때까지 연결하여 케이블이 빠지지 않도록 하십시오 . 주의 케이블을 연결할 때 , 핀 부분이 휘지 않도록 연결부 모양을 잘 확인한 후 연결하십시오 . 스마트 펜던트를 벽 또는 컨트롤러에 걸어 사용할 경우 연결 케이블에 걸려 넘어지지
4. 시스템 연결 | pages [120] | keyword:해당,연결부에,연결부 | 컨트롤러 전원 연결하기 컨트롤러에 전원을 연결하려면 표준 IEC 전원 플러그에 케이블을 연결하십시오 . 연결할 때에는 해당 국가의 표준 전원 플러그가 적용된 케이블을 사용하십시오 . 전원 플러그를 컨트롤러의 해당 연결부에 끝까지 연결하여 빠지지 않도록 하십시오 . 컨트롤러 아래의 표준 IEC C14 플러그와 해당 IEC
5. (CS-12P) | pages [400] | keyword:해당,연결부에,연결부,딸깍,때까지; semantic_rank:6 | 매니퓰레이터와 컨트롤러 연결하기 설명 1 매니퓰레이터 연결 케이블 연결 후 고정용 고리 체결 매니퓰레이터 연결 케이블을 컨트롤러의 해당 연결부에 연결한 후 고정용 고 리를 걸어 케이블이 빠지지 않도록 하십시오 . 2 매니퓰레이터 연결 케이블의 반대편 끝을 컨트롤러에 연결 매니퓰레이터 연결 케이블의 반대편 끝을 컨트롤러의
6. 시스템 연결 | pages [118] | keyword:해당,연결부에,연결부,딸깍,소리가,소리; semantic_rank:4 | 매니퓰레이터와 컨트롤러 연결하기 설명 1 매니퓰레이터 연결 케이블 연결 후 고정용 고리 체결 매니퓰레이터 연결 케이블을 컨트롤러의 해당 연결부에 연결한 후 고정용 고리를 걸어 케이블이 빠지지 않 도록 하십시오 . 2 매니퓰레이터 연결 케이블의 반대편 끝을 컨트롤러에 연결 매니퓰레이터 연결 케이블의 반대편 끝을 컨트롤러의
7. (CS-12P) | pages [402] | keyword:해당,연결부에,연결부,딸깍,소리가,소리; semantic_rank:9 | 매니퓰레이터 연결 케이블 및 티치펜던트 케이블 배치하기 매니퓰레이터 연결 케이블 및 티치펜던트 케이블 배치 시 케이블의 곡률반경이 최소곡률반경 (120mm) 이상이 되도 록 배치하십시오 . 주의 티치펜던트 케이블의 양쪽 연결 부위는 가급적 최소곡률반경 (120mm) 이상의 직선이 되도록 배치하시기 바랍니 다 . 곡률반경이
8. (CS-12P) | pages [403] | semantic_rank:11 | 경고 전원 케이블을 연결한 후 로봇을 올바르게 접지했는지 확인하십시오 ( 전기적 지면 연결 ). 컨트롤러 안의 접지 심볼 과 관련된 나사 중에서 사용하지 않은 나사로 시스템의 모든 장비에 대하여 공통적인 접지를 하십시오 . 접지 컨덕 터는 최소한 시스템에서 최고 전류의 전류 등급을 가지고 있어야 합니다 . 컨트롤러의 입력
9. (CS-12P) | pages [399] | no_match keyword=0.12 semantic_rank=- | 명판과 라벨 설치하기 (CS-12P) 설치 시 주의사항 주의 컨트롤러를 설치하기 전에 충분한 설치 공간을 확보하십시오 . 공간이 확보되지 않은 장소에 설치할 경우 , 컨트롤러 가 손상되거나 매니퓰레이터 및 티치펜던트 케이블이 단선될 수 있습니다 . 제품의 전원을 연결할 때 , 입력 전원을 확인한 후 연결하십시오 . 입력
10. 유지보수 | pages [162] | no_match keyword=0.00 semantic_rank=- | 전원 케이블을 분리하고 매니퓰레이터 또는 컨트롤러에 연결된 다른 전력 공급원에서 전력이 공급되지 않도록 합 니다 . 보수 작업 중 시스템에 전원을 연결하지 마십시오 . 시스템에 다시 전원 공급을 하기 전에는 반드시 접지를 확인하십시오 . 매니퓰레이터 또는 컨트롤러의 부품을 해체할 때에는 ESD 규정을 준수하여 작업하십시오",1,O,"page; keyword:해당,연결부에,연결부,딸깍,소리가,소리; semantic_rank:1","1. 컨트롤러에 케이블 연결하기 | pages [83] | page; keyword:해당,연결부에,연결부,딸깍,소리가,소리; semantic_rank:1 | MANDATORY EASY 1 MIN 티치펜던트와 로봇의 케이블을 컨트롤러에 연결합니다 . 티치펜던트 케이블을 컨트롤러의 해당 연결부에 딸깍 소리가 날 때까지 연결하여 케이블이 빠지지 않도록 하십시 오 . 로봇 케이블의 반대편 끝을 컨트롤러의 해당 연결부에 딸깍 소리가 날 때까지 연결하여 케이블이 빠지지 않도록 하 십시오
2. (CS-12P) | pages [401] | keyword:해당,연결부에,연결부,딸깍,소리가,소리; semantic_rank:3 | 컨트롤러와 티치펜던트 연결하기 티치펜던트 케이블을 컨트롤러의 해당 연결부에 딸깍 소리가 날 때까지 연결하여 케이블이 빠지지 않도록 하십시오 . 주의 케이블을 연결할 때 , 핀 부분이 휘지 않도록 연결부 모양을 잘 확인한 후 연결하십시오 . 스마트 펜던트를 벽 또는 컨트롤러에 걸어 사용할 경우 연결 케이블에 걸려 넘어지지
3. 시스템 연결 | pages [119] | keyword:해당,연결부에,연결부,딸깍,소리가,소리; semantic_rank:2 | 컨트롤러와 티치펜던트 연결하기 티치펜던트 케이블을 컨트롤러의 해당 연결부에 딸깍 소리가 날 때까지 연결하여 케이블이 빠지지 않도록 하십시오 . 컨트롤러가 전자파 노이즈의 영향을 받거나 다른 기기에 영향을 줄 경우 정상적인 사용을 위해 매니퓰 레이터 케이블 양단에 페라이트코어를 설치하는 것을 권장합니다 . 설치 위치는 아래
4. 로봇 설치 준비 | pages [116] | no_match keyword=0.00 semantic_rank=- | 케이블 배치하기 케이블 배치 시 케이블의 곡률반경이 최소곡률반경 이상이 되도록 배치하십시오 . 각 케이블의 최소곡률반경 (R) 은 아래와 같습니다 . 케이블 최소곡률반경 (R) 티치 펜던트 케이블 120 mm 로봇 케이블 120 mm 경고 매니퓰레이터가 작동할 때 , 볼트가 풀리지 않도록 끝까지 조이십시오 . 매니퓰레이터
5. 컨트롤러 전원 켜기 | pages [88] | semantic_rank:13 | MANDATORY EASY 1 MIN 1. 컨트롤러 하단에 있는 전원 스위치를 누르십시오 . 로봇 , 컨트롤러 , 티치펜던트와 같은 시스템에 필요한 전원이 켜 집니다 . 티치펜던트 화면이 켜질 때까지 전원 버튼 ( 그림 2 번 ) 을 길게 누르십시오 . 로봇 제어기와의 네트워크 연결이 완료될 때까지 티치펜던트 LED( 그
6. 하드웨어 설치 | pages [115] | no_match keyword=0.12 semantic_rank=- | 로봇을 사용하기 전에 시스템 필수 요소인 로봇 , 컨트롤러 , 티치펜던트를 작업 영역에 설치하고 전원을 연결해야 합 니다 . 각 요소를 설치하는 방법은 아래와 같습니다 .
7. 시스템 연결 | pages [118] | keyword:해당,연결부에,연결부,딸깍,소리가,소리; semantic_rank:4 | 매니퓰레이터와 컨트롤러 연결하기 설명 1 매니퓰레이터 연결 케이블 연결 후 고정용 고리 체결 매니퓰레이터 연결 케이블을 컨트롤러의 해당 연결부에 연결한 후 고정용 고리를 걸어 케이블이 빠지지 않 도록 하십시오 . 2 매니퓰레이터 연결 케이블의 반대편 끝을 컨트롤러에 연결 매니퓰레이터 연결 케이블의 반대편 끝을 컨트롤러의
8. (CS-12P) | pages [403] | semantic_rank:11 | 경고 전원 케이블을 연결한 후 로봇을 올바르게 접지했는지 확인하십시오 ( 전기적 지면 연결 ). 컨트롤러 안의 접지 심볼 과 관련된 나사 중에서 사용하지 않은 나사로 시스템의 모든 장비에 대하여 공통적인 접지를 하십시오 . 접지 컨덕 터는 최소한 시스템에서 최고 전류의 전류 등급을 가지고 있어야 합니다 . 컨트롤러의 입력
9. 테스트하기 | pages [95] | no_match keyword=0.00 semantic_rank=19 | MANDATORY NORMAL 10 MIN 티치펜던트에서는 플랜지 I/O 에 연결된 툴의 동작을 테스트할 수 있는 기능을 제공하고 있습니다 . 전원을 차단했을 때 툴에서 작업물이 낙하하는 등의 위험 상황이 발생하지 않도록 툴과 그리퍼를 구성 하십시오 . A 시리즈의 경우 로봇이 서보 오프될 때 Flange I/O 의 24
10. 로봇 시스템 구성 및 설명 | pages [102] | no_match keyword=0.00 semantic_rank=- | 4 USB 연결 단자 로봇 동작 중 발생하는 로그를 USB 저장매체에 저장하거나 태스크 내보내기 , 가져 오기를 할 수 있습니다 . 5 매니퓰레이터 케이블 연결 단 자 매니퓰레이터의 케이블을 컨트롤러와 연결합니다 . 6 티치펜던트 케 이블 연결 단자 티치펜던트의 케이블을 컨트롤러와 연결합니다 .",1,O,8,△,1,O,4,O
Q41,추가,컨트롤러 전원 케이블을 연결한 후 안전을 위해 반드시 확인해야 하는 전기적 조건은 무엇입니까?,안전/전원/접지,안전 확인형,로봇이 올바르게 접지되었는지 확인해야 함,page_86_img_0_0.jpeg,1,O,"page; keyword:로봇,올바르게; semantic_rank:4","1. 컨트롤러와 전원 연결하기 | pages [86] | page; keyword:로봇,올바르게; semantic_rank:4 | MANDATORY EASY 1 MIN 컨트롤러에 전원을 연결하려면 표준 IEC 전원 플러그에 케이블을 연결하십시오 . 전원 케이블을 연결한 후 로봇을 올바르게 접지가 되었는지 확인하십시오 ( 전기적 지면 연결 ). 컨트롤러 안의 접지 심볼과 관련된 나사 중에서 사용하지 않은 나사로 시스템의 모든 장비에 대하여 공통적인 접
2. (CS-12P) | pages [403] | keyword:로봇,올바르게; semantic_rank:1 | 경고 전원 케이블을 연결한 후 로봇을 올바르게 접지했는지 확인하십시오 ( 전기적 지면 연결 ). 컨트롤러 안의 접지 심볼 과 관련된 나사 중에서 사용하지 않은 나사로 시스템의 모든 장비에 대하여 공통적인 접지를 하십시오 . 접지 컨덕 터는 최소한 시스템에서 최고 전류의 전류 등급을 가지고 있어야 합니다 . 컨트롤러의 입력
3. 시스템 연결 | pages [121] | keyword:로봇,올바르게; semantic_rank:2 | 매개변수 사양 입력전압 100 – 240 VAC 입력전원 퓨즈 (@100-240V) 15 A 주의 전원 케이블을 연결한 후 로봇을 올바르게 접지했는지 확인하십시오 ( 전기적 지면 연결 ). 컨트롤러 내부 의 접지 심볼과 관련된 나사 중에서 사용하지 않은 나사로 시스템의 모든 장비에 대하여 공통적인 접지 를 하십시오 . 접
4. 안전 매뉴얼 | pages [9] | keyword:로봇,올바르게; semantic_rank:14 | 안전 매뉴얼에서는 사용자가 로봇을 설치하거나 사용하기 전에 숙지하여야 하는 안전 정보를 제공합니다 . 모든 로봇 에는 고압 , 전기 , 충돌 등으로 인한 위험이 포함되어 있습니다 . 그러므로 로봇과 해당 부품을 사용할 때는 부상과 기계 손상의 위험을 줄이기 위해 기본적인 안전 주의 사항을 반드시 준수해야 합니다 . 사용자
5. 구성하기 | pages [144] | no_match keyword=0.00 semantic_rank=- | VIO 와 GIO 는 컨트롤러 전면에 위치한 Safety Controller 의 디지털 I/O 에 사용되는 전원으로 , 컨트롤러 내부의 SMPS 에서 공급하는 VCC24V 와 GND 와 분리되어 있습니다 . 만약 , 사용자가 Configurable 디지털 I/O 용으로 2A 이하의 전류 를 사용하고 , IO 연결기기와 컨
6. 유지보수 | pages [162] | no_match keyword=0.00 semantic_rank=- | 전원 케이블을 분리하고 매니퓰레이터 또는 컨트롤러에 연결된 다른 전력 공급원에서 전력이 공급되지 않도록 합 니다 . 보수 작업 중 시스템에 전원을 연결하지 마십시오 . 시스템에 다시 전원 공급을 하기 전에는 반드시 접지를 확인하십시오 . 매니퓰레이터 또는 컨트롤러의 부품을 해체할 때에는 ESD 규정을 준수하여 작업하십시오
7. 시스템 연결 | pages [120] | no_match keyword=0.00 semantic_rank=- | 컨트롤러 전원 연결하기 컨트롤러에 전원을 연결하려면 표준 IEC 전원 플러그에 케이블을 연결하십시오 . 연결할 때에는 해당 국가의 표준 전원 플러그가 적용된 케이블을 사용하십시오 . 전원 플러그를 컨트롤러의 해당 연결부에 끝까지 연결하여 빠지지 않도록 하십시오 . 컨트롤러 아래의 표준 IEC C14 플러그와 해당 IEC
8. (CS-12P) | pages [397] | no_match keyword=0.20 semantic_rank=- | 제품 소개 (CS-12P) 각 부 명칭과 기능 번호 항목 설명 1 I/O 연결 단자 ( 내부 ) 다른 로봇의 컨트롤러나 주변 기기와 연결할 수 있 습니다 . 2 전원 스위치 컨트롤러의 주 전원을 켜거나 끌 수 있습니다 . 3 티치펜던트 케이블 연결 단자 티치펜던트의 케이블을 컨트롤러와 연결합니다 . 4 로봇 케이블 연결
9. 전원 끄기 | pages [125] | no_match keyword=0.20 semantic_rank=- | 로봇과 컨트롤러를 청소하거나 유지 보수를 위해 분해할 경우에는 반드시 전원 스위치를 눌러 전원을 차단하십시오 .
10. 이동 및 설치를 위한 인양 지점 | pages [97] | no_match keyword=0.00 semantic_rank=- | 제품의 전원을 연결할 때 , 전원 플러그와 케이블을 젖은 손으로 마지지 마십시오 .",1,O,"keyword:로봇,올바르게; semantic_rank:2","1. 시스템 연결 | pages [121] | keyword:로봇,올바르게; semantic_rank:2 | 매개변수 사양 입력전압 100 – 240 VAC 입력전원 퓨즈 (@100-240V) 15 A 주의 전원 케이블을 연결한 후 로봇을 올바르게 접지했는지 확인하십시오 ( 전기적 지면 연결 ). 컨트롤러 내부 의 접지 심볼과 관련된 나사 중에서 사용하지 않은 나사로 시스템의 모든 장비에 대하여 공통적인 접지 를 하십시오 . 접
2. (CS-12P) | pages [403] | keyword:로봇,올바르게; semantic_rank:1 | 경고 전원 케이블을 연결한 후 로봇을 올바르게 접지했는지 확인하십시오 ( 전기적 지면 연결 ). 컨트롤러 안의 접지 심볼 과 관련된 나사 중에서 사용하지 않은 나사로 시스템의 모든 장비에 대하여 공통적인 접지를 하십시오 . 접지 컨덕 터는 최소한 시스템에서 최고 전류의 전류 등급을 가지고 있어야 합니다 . 컨트롤러의 입력
3. 시스템 연결 | pages [120] | no_match keyword=0.00 semantic_rank=- | 컨트롤러 전원 연결하기 컨트롤러에 전원을 연결하려면 표준 IEC 전원 플러그에 케이블을 연결하십시오 . 연결할 때에는 해당 국가의 표준 전원 플러그가 적용된 케이블을 사용하십시오 . 전원 플러그를 컨트롤러의 해당 연결부에 끝까지 연결하여 빠지지 않도록 하십시오 . 컨트롤러 아래의 표준 IEC C14 플러그와 해당 IEC
4. 컨트롤러와 전원 연결하기 | pages [86] | page; keyword:로봇,올바르게; semantic_rank:4 | MANDATORY EASY 1 MIN 컨트롤러에 전원을 연결하려면 표준 IEC 전원 플러그에 케이블을 연결하십시오 . 전원 케이블을 연결한 후 로봇을 올바르게 접지가 되었는지 확인하십시오 ( 전기적 지면 연결 ). 컨트롤러 안의 접지 심볼과 관련된 나사 중에서 사용하지 않은 나사로 시스템의 모든 장비에 대하여 공통적인 접
5. 유지보수 | pages [162] | no_match keyword=0.00 semantic_rank=- | 전원 케이블을 분리하고 매니퓰레이터 또는 컨트롤러에 연결된 다른 전력 공급원에서 전력이 공급되지 않도록 합 니다 . 보수 작업 중 시스템에 전원을 연결하지 마십시오 . 시스템에 다시 전원 공급을 하기 전에는 반드시 접지를 확인하십시오 . 매니퓰레이터 또는 컨트롤러의 부품을 해체할 때에는 ESD 규정을 준수하여 작업하십시오
6. (CS-12P) | pages [399] | no_match keyword=0.20 semantic_rank=- | 명판과 라벨 설치하기 (CS-12P) 설치 시 주의사항 주의 컨트롤러를 설치하기 전에 충분한 설치 공간을 확보하십시오 . 공간이 확보되지 않은 장소에 설치할 경우 , 컨트롤러 가 손상되거나 매니퓰레이터 및 티치펜던트 케이블이 단선될 수 있습니다 . 제품의 전원을 연결할 때 , 입력 전원을 확인한 후 연결하십시오 . 입력
7. 시스템 연결 | pages [119] | no_match keyword=0.00 semantic_rank=- | 컨트롤러와 티치펜던트 연결하기 티치펜던트 케이블을 컨트롤러의 해당 연결부에 딸깍 소리가 날 때까지 연결하여 케이블이 빠지지 않도록 하십시오 . 컨트롤러가 전자파 노이즈의 영향을 받거나 다른 기기에 영향을 줄 경우 정상적인 사용을 위해 매니퓰 레이터 케이블 양단에 페라이트코어를 설치하는 것을 권장합니다 . 설치 위치는 아래
8. (CS-12P) | pages [400] | keyword:로봇이,로봇,올바르게 | 매니퓰레이터와 컨트롤러 연결하기 설명 1 매니퓰레이터 연결 케이블 연결 후 고정용 고리 체결 매니퓰레이터 연결 케이블을 컨트롤러의 해당 연결부에 연결한 후 고정용 고 리를 걸어 케이블이 빠지지 않도록 하십시오 . 2 매니퓰레이터 연결 케이블의 반대편 끝을 컨트롤러에 연결 매니퓰레이터 연결 케이블의 반대편 끝을 컨트롤러의
9. 컨트롤러와 전원 연결하기 | pages [86] | page | 전원 공급을 위해서는 접지와 누전차단기 등 최소 요구 조건을 갖추어야 합니다 . 기본으로 제공되는 AC 컨트롤러의 전기 사양은 아래와 같습니다 . 매개변수 사양 입력전압 100 – 240 VAC 입력전원 퓨즈 (@100-240V) 15 A
10. 시스템 연결 | pages [118] | keyword:로봇이,로봇,올바르게 | 매니퓰레이터와 컨트롤러 연결하기 설명 1 매니퓰레이터 연결 케이블 연결 후 고정용 고리 체결 매니퓰레이터 연결 케이블을 컨트롤러의 해당 연결부에 연결한 후 고정용 고리를 걸어 케이블이 빠지지 않 도록 하십시오 . 2 매니퓰레이터 연결 케이블의 반대편 끝을 컨트롤러에 연결 매니퓰레이터 연결 케이블의 반대편 끝을 컨트롤러의",1,O,4,O,1,O,4,O
Q42,추가,컨트롤러를 바닥에 설치할 때 기기 내부 환기를 위해 양쪽 면에 확보해야 하는 최소 여유 공간은 얼마입니까?,설치/컨트롤러 배치,설치 주의형,양쪽 면에 약 50 mm의 여유 공간을 확보해야 함,page_88_img_0_0.jpeg,1,O,"keyword:양쪽,면에,50,mm,여유,공간을; semantic_rank:1","1. 컨트롤러 배치하기 | pages [87] | keyword:양쪽,면에,50,mm,여유,공간을; semantic_rank:1 | MANDATORY EASY 1 MIN 컨트롤러를 바닥에 설치할 때에는 기기 내 환기를 위해 양쪽 면에서 50 mm 정도의 여유 공간을 확보해주세요 . 주의 케이블 배치 시 최소 곡률 반경 이상이 되도록 배치하십시오 . 자세한 내용은 케이블 배치하기 (p. 114) 를 참고하십시오 .
2. 시스템 연결 | pages [118] | keyword:양쪽,50,mm,여유,공간을,공간 | 매니퓰레이터와 컨트롤러 연결하기 설명 1 매니퓰레이터 연결 케이블 연결 후 고정용 고리 체결 매니퓰레이터 연결 케이블을 컨트롤러의 해당 연결부에 연결한 후 고정용 고리를 걸어 케이블이 빠지지 않 도록 하십시오 . 2 매니퓰레이터 연결 케이블의 반대편 끝을 컨트롤러에 연결 매니퓰레이터 연결 케이블의 반대편 끝을 컨트롤러의
3. (CS-12P) | pages [400] | keyword:양쪽,50,mm,여유,공간을,공간 | 매니퓰레이터와 컨트롤러 연결하기 설명 1 매니퓰레이터 연결 케이블 연결 후 고정용 고리 체결 매니퓰레이터 연결 케이블을 컨트롤러의 해당 연결부에 연결한 후 고정용 고 리를 걸어 케이블이 빠지지 않도록 하십시오 . 2 매니퓰레이터 연결 케이블의 반대편 끝을 컨트롤러에 연결 매니퓰레이터 연결 케이블의 반대편 끝을 컨트롤러의
4. 설치 환경 | pages [113] | keyword:공간을,공간,확보해야; semantic_rank:2 | 로봇을 설치할 때 , 로봇이 충분히 움직일 수 있도록 공간을 확보해야 합니다 . 로봇의 작업 영역을 확인하여 외부와 부 딪히지 않도록 하십시오 .
5. (CS-12P) | pages [399] | no_match keyword=0.22 semantic_rank=- | 명판과 라벨 설치하기 (CS-12P) 설치 시 주의사항 주의 컨트롤러를 설치하기 전에 충분한 설치 공간을 확보하십시오 . 공간이 확보되지 않은 장소에 설치할 경우 , 컨트롤러 가 손상되거나 매니퓰레이터 및 티치펜던트 케이블이 단선될 수 있습니다 . 제품의 전원을 연결할 때 , 입력 전원을 확인한 후 연결하십시오 . 입력
6. 설치 장소 확인하기 | pages [113] | keyword:공간을,공간,확보해야; semantic_rank:15 | 로봇을 설치할 때 , 로봇이 충분히 움직일 수 있도록 공간을 확보해야 합니다 . 로봇의 작업 영역을 확인하여 외부 물체 와 부딪히지 않도록 하십시오 . 바닥이 단단하고 수평인 장소에 설치하십시오 . 누수가 발생하지 않고 온도와 습도가 일정하게 유지될 수 있는 장소에 설치하십시오 . 로봇 설치 장소 주변에 인화성 및 폭발
7. 네트워크 연결 | pages [148] | no_match keyword=0.00 semantic_rank=- | 컨트롤러 내 네트워크 연결단자에 연결하여 랩탑 , TCP/IP 장비 , Modbus 장비 등을 사용할 수 있습니다 . 네트워크 용도에 따라 전용 포트에 케이블을 연결하십시오 . WAN: 외부 인터넷 망 연결 LAN: TCP/IP, Modbus 프로토콜을 사용하는 주변 기기 연결 아래 그림의 네트워크 연결 단자에 케이블을
8. 툴 설치하기 | pages [93] | no_match keyword=0.00 semantic_rank=- | MANDATORY EASY 5 MIN M6 볼트 4 개를 이용하여 툴 플랜지에 툴을 고정하십시오 . 볼트를 고정할 때에는 9 Nm 의 토크로 볼트를 조이는 것을 권장합니다 . 로봇을 고정된 위치에 정확하게 설치해야 하는 경우에는 Φ 6 의 위치 결정 핀을 이용하면 원하는 위치에 설치할 수 있습니다 . 번호 항목 1 툴 2
9. 로봇 설치 준비 | pages [115] | semantic_rank:14 | 로봇 고정하기 매니퓰레이터 베이스에 있는 Ø 8.5 mm 구멍 4 개에 M8 볼트를 이용하여 고정하십시오 . 볼트를 고정할 때에는 20Nm 의 토크로 볼트를 조이는 것을 권장합니다 . 진동에 의한 풀림 방지를 위해서 와셔 ( 스프 링 - 평 ) 사용하시기 바랍니다 . 매니퓰레이터를 고정된 위치에 정확하게 설치해야 하는 경
10. 시스템 연결 | pages [121] | no_match keyword=0.00 semantic_rank=- | 매개변수 사양 입력전압 100 – 240 VAC 입력전원 퓨즈 (@100-240V) 15 A 주의 전원 케이블을 연결한 후 로봇을 올바르게 접지했는지 확인하십시오 ( 전기적 지면 연결 ). 컨트롤러 내부 의 접지 심볼과 관련된 나사 중에서 사용하지 않은 나사로 시스템의 모든 장비에 대하여 공통적인 접지 를 하십시오 . 접",1,O,"keyword:양쪽,면에,50,mm,여유,공간을; semantic_rank:1","1. 컨트롤러 배치하기 | pages [87] | keyword:양쪽,면에,50,mm,여유,공간을; semantic_rank:1 | MANDATORY EASY 1 MIN 컨트롤러를 바닥에 설치할 때에는 기기 내 환기를 위해 양쪽 면에서 50 mm 정도의 여유 공간을 확보해주세요 . 주의 케이블 배치 시 최소 곡률 반경 이상이 되도록 배치하십시오 . 자세한 내용은 케이블 배치하기 (p. 114) 를 참고하십시오 .
2. (CS-12P) | pages [400] | keyword:양쪽,50,mm,여유,공간을,공간 | 매니퓰레이터와 컨트롤러 연결하기 설명 1 매니퓰레이터 연결 케이블 연결 후 고정용 고리 체결 매니퓰레이터 연결 케이블을 컨트롤러의 해당 연결부에 연결한 후 고정용 고 리를 걸어 케이블이 빠지지 않도록 하십시오 . 2 매니퓰레이터 연결 케이블의 반대편 끝을 컨트롤러에 연결 매니퓰레이터 연결 케이블의 반대편 끝을 컨트롤러의
3. (CS-12P) | pages [399] | no_match keyword=0.22 semantic_rank=- | 명판과 라벨 설치하기 (CS-12P) 설치 시 주의사항 주의 컨트롤러를 설치하기 전에 충분한 설치 공간을 확보하십시오 . 공간이 확보되지 않은 장소에 설치할 경우 , 컨트롤러 가 손상되거나 매니퓰레이터 및 티치펜던트 케이블이 단선될 수 있습니다 . 제품의 전원을 연결할 때 , 입력 전원을 확인한 후 연결하십시오 . 입력
4. 시스템 연결 | pages [121] | no_match keyword=0.00 semantic_rank=- | 매개변수 사양 입력전압 100 – 240 VAC 입력전원 퓨즈 (@100-240V) 15 A 주의 전원 케이블을 연결한 후 로봇을 올바르게 접지했는지 확인하십시오 ( 전기적 지면 연결 ). 컨트롤러 내부 의 접지 심볼과 관련된 나사 중에서 사용하지 않은 나사로 시스템의 모든 장비에 대하여 공통적인 접지 를 하십시오 . 접
5. 6.7.3 Safety Settings | pages [240] | semantic_rank:3 | 공간 제한과 구역의 설정 공통 사항 유효 면적 (Effective Area) 은 내부 / 외부 중 하나를 선택할 수 있습니다 . 모양 유형 (Shape Type) 은 구 , 원기둥 , 직육면체 , 기울어진 직육면체 , 다면상자 중 하나를 선택할 수 있으며 자세한 내용은 공간 제한과 구역의 형태 알아보기 (p. 236) 를
6. 시스템 연결 | pages [118] | keyword:양쪽,50,mm,여유,공간을,공간 | 매니퓰레이터와 컨트롤러 연결하기 설명 1 매니퓰레이터 연결 케이블 연결 후 고정용 고리 체결 매니퓰레이터 연결 케이블을 컨트롤러의 해당 연결부에 연결한 후 고정용 고리를 걸어 케이블이 빠지지 않 도록 하십시오 . 2 매니퓰레이터 연결 케이블의 반대편 끝을 컨트롤러에 연결 매니퓰레이터 연결 케이블의 반대편 끝을 컨트롤러의
7. 설치 장소 확인하기 | pages [113] | keyword:공간을,공간,확보해야; semantic_rank:15 | 로봇을 설치할 때 , 로봇이 충분히 움직일 수 있도록 공간을 확보해야 합니다 . 로봇의 작업 영역을 확인하여 외부 물체 와 부딪히지 않도록 하십시오 . 바닥이 단단하고 수평인 장소에 설치하십시오 . 누수가 발생하지 않고 온도와 습도가 일정하게 유지될 수 있는 장소에 설치하십시오 . 로봇 설치 장소 주변에 인화성 및 폭발
8. 컨트롤러와 전원 연결하기 | pages [86] | no_match keyword=0.00 semantic_rank=- | 전원 공급을 위해서는 접지와 누전차단기 등 최소 요구 조건을 갖추어야 합니다 . 기본으로 제공되는 AC 컨트롤러의 전기 사양은 아래와 같습니다 . 매개변수 사양 입력전압 100 – 240 VAC 입력전원 퓨즈 (@100-240V) 15 A
9. 로봇 설치 준비 | pages [116] | semantic_rank:13 | 케이블 배치하기 케이블 배치 시 케이블의 곡률반경이 최소곡률반경 이상이 되도록 배치하십시오 . 각 케이블의 최소곡률반경 (R) 은 아래와 같습니다 . 케이블 최소곡률반경 (R) 티치 펜던트 케이블 120 mm 로봇 케이블 120 mm 경고 매니퓰레이터가 작동할 때 , 볼트가 풀리지 않도록 끝까지 조이십시오 . 매니퓰레이터
10. (CS-12P) | pages [402] | semantic_rank:10 | 매니퓰레이터 연결 케이블 및 티치펜던트 케이블 배치하기 매니퓰레이터 연결 케이블 및 티치펜던트 케이블 배치 시 케이블의 곡률반경이 최소곡률반경 (120mm) 이상이 되도 록 배치하십시오 . 주의 티치펜던트 케이블의 양쪽 연결 부위는 가급적 최소곡률반경 (120mm) 이상의 직선이 되도록 배치하시기 바랍니 다 . 곡률반경이",1,O,4,O,1,O,1,O
Q43,추가,로봇 설치 후 첫 부팅 시 비상 정지 경고 팝업이 나타나면 비상 정지 버튼을 어떻게 해제해야 합니까?,티치 펜던트/비상정지,조작 절차형,비상 정지 버튼을 시계 방향으로 돌려 해제함,page_89_img_0_0.jpeg,1,O,"page; keyword:비상,정지,버튼을,버튼,시계,방향으로; semantic_rank:1","1. 비상 정지 버튼 해제하기 | pages [89] | page; keyword:비상,정지,버튼을,버튼,시계,방향으로; semantic_rank:1 | MANDATORY EASY 1 MIN 로봇 설치 후 첫 부팅이 완료되면 , 티치펜던트의 비상 정지 버튼이 눌려 있어 경고 팝업이 나타납니다 . 이때 , 비상 정 지 버튼을 해제해야 로봇을 사용할 수 있습니다 . 비상 정지 버튼을 시계 방향으로 돌려서 비상 정지 상태를 해제하십시오 .
2. 6.7.3 Safety Settings | pages [220] | keyword:비상,정지,버튼을,버튼; semantic_rank:4 | 안전 정지 / 해제 방법 티치펜던트에 부착된 비상 정지 버튼을 누르거나 Safety I/O 에 연결한 안전 장치를 통해 로봇을 비상 정지할 수 있습 니다 . 티치펜던트 화면에서 Robot Parameters > Safety Settings > Safety I/O 기능을 활용하여 안전 장치를 비상 정지 또는 보호 정지로 연
3. 6.7.3 Safety Settings | pages [211] | keyword:비상,정지,버튼을,버튼; semantic_rank:10 | 티치펜던트에 부착된 비상 정지 버튼을 누르거나 Safety I/O 에 연결한 안전 장치를 통해 로봇을 비상 정지할 수 있습 니다 . 티치펜던트 화면에서 Robot Parameters > Safety Settings > Safety I/O 기능을 활용하여 안전 장치를 비상 정지 또는 보호 정지로 연결할 수 있습니다 . 안전
4. 안전정격 정지기능 | pages [24] | keyword:비상,정지,버튼을,버튼; semantic_rank:3 | 비상 정지 사용자는 비상 상황에 대비하여 시스템을 정지시킬 수 있는 비상정지 버튼을 사용할 수 있습니다 . 비상 상황에서는 티치펜던트 우측 상단에 있는 비상정지 버튼을 눌러 시스템을 즉시 정지하십시오 . 보호 정지 안전매트 등의 압력식 방호 장치 (Pressure sensitive preotective equipment)
5. 색상 | pages [18] | keyword:비상,정지,버튼을,버튼; semantic_rank:11 | 로봇의 안전 감시 기능이 해제되므로 주의하십시오 . 노란색 깜박임 Interrupted 보호 정지 (Protective Stop) 입력 , 안전 제한치 초과 등의 이 유로 보호 정지된 상태입니다 . SOS(Safe Operating Stop) 로 정지 상태를 모니터링 합니다 . 노란색 보호 정지 팝업창이 표시됩니다 . 보
6. 6.7.3 Safety Settings | pages [211] | keyword:비상,정지,버튼,방향으로,방향 | Safety Settings 사용을 위한 기본 개념 안내 입니다 . 사용자의 안전을 위해 제공되는 정지 모드는 다음과 같습니다 . STO (Safe Torque Off): 서보 오프 정지 ( 모터 전원을 즉시 Off) SS1(Safe Stop 1): 최대감속정지 후 서보오프 SS2(Safe Stop 2): 최대감속정지 후
7. 안전정격 정지기능 | pages [24] | keyword:비상,정지,버튼을,버튼; semantic_rank:2 | 알아두기 비상 정지는 방호조치 (Safeguarding) 가 아니라 , 추가적 보호조치 (complementary protective measure) 로 사용해야 합니다 . 비상 정지의 안전정지 모드는 SS1(Safe Stop 1) 이 기본으로 설정되어 있습니다 . 로봇 애플리케이션에 대한 위험성 평가 결과 , 필요하다고
8. 6.7.3 Safety Settings | pages [219] | keyword:비상,정지,버튼,방향으로,방향 | 항목 설명 3 Signal Setting 각 port 에 설정한 옵션입니다 . 설정할 수 있는 옵션은 다음과 같습니다 . Not Used Emergence Stop (L) Emergence Stop - No Loopback (L) Safe Torque Off (L) Safe Operating Stop (L) Abnorma
9. 설정 항목 | pages [252] | keyword:비상,정지,버튼을,버튼 | 안전 토크 오프 , 안전 작동 정지 , 비정상 , 비상 정지 시그널의 출력 포트를 저장할 수 있습니다 . Robot Parameter 모듈의 안전 출력 신호 항목에 안전 토크 오프 , 안전 작동 정지 , 비정상 , 비상 정지 신호가 이미 설 정되어 있는 경우 해당 설정이 적용됩니다 . 일반 출력 신호 안전 토크 오프 ,
10. 명령어 예제 따라하기 | pages [294] | keyword:정지,버튼을,버튼; semantic_rank:6 | 안전 정지 경고 창에서 Reset 버튼을 누르십시오 . 태스크 프로그램이 다시 동작합니다 . 정지 버튼을 눌러 프로그램을 종료 하십시오 .",1,O,"page; keyword:비상,정지,버튼을,버튼,시계,방향으로; semantic_rank:1","1. 비상 정지 버튼 해제하기 | pages [89] | page; keyword:비상,정지,버튼을,버튼,시계,방향으로; semantic_rank:1 | MANDATORY EASY 1 MIN 로봇 설치 후 첫 부팅이 완료되면 , 티치펜던트의 비상 정지 버튼이 눌려 있어 경고 팝업이 나타납니다 . 이때 , 비상 정 지 버튼을 해제해야 로봇을 사용할 수 있습니다 . 비상 정지 버튼을 시계 방향으로 돌려서 비상 정지 상태를 해제하십시오 .
2. 색상 | pages [18] | keyword:비상,정지,버튼을,버튼; semantic_rank:11 | 로봇의 안전 감시 기능이 해제되므로 주의하십시오 . 노란색 깜박임 Interrupted 보호 정지 (Protective Stop) 입력 , 안전 제한치 초과 등의 이 유로 보호 정지된 상태입니다 . SOS(Safe Operating Stop) 로 정지 상태를 모니터링 합니다 . 노란색 보호 정지 팝업창이 표시됩니다 . 보
3. 안전정격 정지기능 | pages [24] | keyword:비상,정지,버튼을,버튼; semantic_rank:2 | 알아두기 비상 정지는 방호조치 (Safeguarding) 가 아니라 , 추가적 보호조치 (complementary protective measure) 로 사용해야 합니다 . 비상 정지의 안전정지 모드는 SS1(Safe Stop 1) 이 기본으로 설정되어 있습니다 . 로봇 애플리케이션에 대한 위험성 평가 결과 , 필요하다고
4. 6.7.3 Safety Settings | pages [220] | keyword:비상,정지,버튼을,버튼; semantic_rank:4 | 안전 정지 / 해제 방법 티치펜던트에 부착된 비상 정지 버튼을 누르거나 Safety I/O 에 연결한 안전 장치를 통해 로봇을 비상 정지할 수 있습 니다 . 티치펜던트 화면에서 Robot Parameters > Safety Settings > Safety I/O 기능을 활용하여 안전 장치를 비상 정지 또는 보호 정지로 연
5. 안전정격 정지기능 | pages [24] | keyword:비상,정지,버튼을,버튼; semantic_rank:3 | 비상 정지 사용자는 비상 상황에 대비하여 시스템을 정지시킬 수 있는 비상정지 버튼을 사용할 수 있습니다 . 비상 상황에서는 티치펜던트 우측 상단에 있는 비상정지 버튼을 눌러 시스템을 즉시 정지하십시오 . 보호 정지 안전매트 등의 압력식 방호 장치 (Pressure sensitive preotective equipment)
6. 로봇 시스템 구성 및 설명 | pages [103] | keyword:비상,정지,버튼을,버튼 | 2 전원 LED 전원이 들어오면 LED 가 붉은색으로 점멸하기 시작하고 , 부팅이 완료되면 붉 은색으로 점등 됩니다 . 3 비상 정지 버튼 긴급한 상황이 발생한 경우 버튼을 눌러 로봇의 작동을 멈출 수 있습니다 . 4 핸드 가이딩 버 튼 (3PE 3 Position Enable) Switch) 버튼을 누른 상태로 로봇을
7. 일반 주의사항 | pages [11] | no_match keyword=0.00 semantic_rank=- | 로봇을 사용하며 발생할 수 있는 일반적인 위험 및 경고 사항에 대해 설명합니다 . 경고 로봇과 전기 장치를 설치하는 경우 설치 매뉴얼을 참조하여 설치 하십시오 . 경고 로봇의 설치 시 툴에 장치를 장착하는 경우 적절한 볼트를 사용하여 체결하십시오 . 로봇의 설치 시에는 작업자와 로봇을 운용하는 사람을 보호하기 위한 안전
8. 사용 시 주의사항 | pages [12] | no_match keyword=0.22 semantic_rank=- | 컨트롤러나 티치 펜던트에 오류가 나타나면 즉시 비상 정지시켜 오류가 발생한 원인을 확인한 후 오류 코드를 로그 화면에서 찾아 공급자에게 연락하십시오 . 로봇의 작동전에 로봇 사용 매뉴얼을 충분히 숙지한 후 사용하여 주시기 바랍니다 . 티치 펜던트에서 치명적인 에러를 경고하는 경우 즉시 로봇의 비상정지 스위치를 작동하여 로
9. 명령어 예제 따라하기 | pages [293] | keyword:정지,버튼을,버튼,방향으로,방향 | 실행 버튼을 누르십시오 . 그러면 로봇은 시작 위치로 이동 후 compliance control 을 시작하고 100 초간 정지해 있 습니다 . 이때 로봇의 끝단을 잡고 로봇의 몸체 방향으로 천천히 밀어보십시오 . 로봇은 충돌 에러 ( 혹은 TCP Force Limit 에러 ) 가 발생하면서 멈추게 됩니다 .
10. 6.7.3 Safety Settings | pages [211] | keyword:비상,정지,버튼을,버튼; semantic_rank:10 | 티치펜던트에 부착된 비상 정지 버튼을 누르거나 Safety I/O 에 연결한 안전 장치를 통해 로봇을 비상 정지할 수 있습 니다 . 티치펜던트 화면에서 Robot Parameters > Safety Settings > Safety I/O 기능을 활용하여 안전 장치를 비상 정지 또는 보호 정지로 연결할 수 있습니다 . 안전",1,O,2,O,1,O,2,O
Q44,추가,시스템을 정상 종료할 때 전원 종료 팝업에서 눌러야 하는 버튼은 무엇입니까?,티치 펜던트/전원 종료,조작 절차형,전원 종료 팝업에서 확인 버튼을 눌러 종료함,page_94_img_0_0.jpeg,1,O,"page; keyword:전원,종료,팝업에서,팝업,버튼을,버튼; semantic_rank:1","1. 시스템 전원 끄기 | pages [94] | page; keyword:전원,종료,팝업에서,팝업,버튼을,버튼; semantic_rank:1 | MANDATORY EASY 1 MIN 시스템의 전원을 끄려면 티치 펜던트 화면의 종료 버튼을 누르거나 티치펜던트 좌측 상단에 있는 전원 버튼을 2 초 정 도 길게 누르십시오 . 화면에 전원 종료 팝업이 나타납니다 . 전원 종료 팝업에서 확인 버튼을 눌러 시스템을 정상적으로 종료합니다 .
2. 티치 펜던트를 사용할 경우 | pages [163] | keyword:전원,종료,팝업에서,팝업,버튼을,버튼; semantic_rank:2 | 티치 펜던트 좌측 상단에 있는 전원 버튼을 길게 누르십시오 . 로봇 , 컨트롤러 , 티치 펜던트와 같은 시스템에 필요한 전원이 켜집니다 . 시스템의 전원이 켜지면 로봇의 상태 LED 가 점등됩니다 . 전원을 끄려면 티치 펜던트 화면의 종료 버튼을 누르거나 티치펜던트 좌측 상단에 있는 전원 버튼을 2 초 정도 길게 누르십시
3. 항목에서 설정하기 | pages [355] | keyword:버튼을,버튼,눌러 | 알아두기 하단의 Save 버튼을 눌러야 설정이 저장됩니다 .
4. 모듈 | pages [179] | keyword:전원,종료,팝업,버튼을,버튼,눌러 | 항목 설명 4 On/Off 토글 버튼 각 조인트마다 활성화 여부를 선택 가능합니다 . Backdrive 모드를 설정하는 방법은 아래와 같습니다 . 주 메뉴에서 상태 버튼을 탭 한 후 Backdrive 버튼을 탭 하십시오 . Backdrive 버튼이 활성화되지 않는다면 비상 정지 버튼을 눌렀다 해제하거나 서보 Off 버튼을
5. 로봇 업데이트 및 복원 | pages [360] | no_match keyword=0.12 semantic_rank=- | 업데이트 Robot Update > Update 메뉴에서는 업데이트 파일을 사용하여 시스템을 업데이트 하는 기능을 제공합니다 . 업데이트 영역에서 원하는 업데이트 파일을 업로드합니다 . 업로드가 완료되면 업데이트 버튼이 표시되며 , 해당 버 튼을 통해서 업데이트를 수행할 수 있습니다 . 메뉴 구성 항목 설명 1 Curre
6. 명령어 예제 따라하기 | pages [294] | keyword:종료,버튼을,버튼,눌러; semantic_rank:6 | 안전 정지 경고 창에서 Reset 버튼을 누르십시오 . 태스크 프로그램이 다시 동작합니다 . 정지 버튼을 눌러 프로그램을 종료 하십시오 .
7. 시스템 연결 | pages [121] | no_match keyword=0.12 semantic_rank=- | 매개변수 사양 입력전압 100 – 240 VAC 입력전원 퓨즈 (@100-240V) 15 A 주의 전원 케이블을 연결한 후 로봇을 올바르게 접지했는지 확인하십시오 ( 전기적 지면 연결 ). 컨트롤러 내부 의 접지 심볼과 관련된 나사 중에서 사용하지 않은 나사로 시스템의 모든 장비에 대하여 공통적인 접지 를 하십시오 . 접
8. 명령어 예제 따라하기 | pages [308] | keyword:종료,버튼을,버튼,눌러; semantic_rank:4 | 이를 개선하기 위한 방법을 추가로 설명 드립니다 . 종료 버튼을 눌러 Task 를 종료합니다 . Task 수정을 위해 로봇의 동작 Mode 를 Manual 로 변경하십시오 . 명령어 (Command) 탭을 선택하십시오 .
9. (CS-12P) | pages [403] | no_match keyword=0.12 semantic_rank=- | 경고 전원 케이블을 연결한 후 로봇을 올바르게 접지했는지 확인하십시오 ( 전기적 지면 연결 ). 컨트롤러 안의 접지 심볼 과 관련된 나사 중에서 사용하지 않은 나사로 시스템의 모든 장비에 대하여 공통적인 접지를 하십시오 . 접지 컨덕 터는 최소한 시스템에서 최고 전류의 전류 등급을 가지고 있어야 합니다 . 컨트롤러의 입력
10. 안전정격 정지기능 | pages [24] | keyword:팝업,버튼을,버튼 | 알아두기 비상 정지는 방호조치 (Safeguarding) 가 아니라 , 추가적 보호조치 (complementary protective measure) 로 사용해야 합니다 . 비상 정지의 안전정지 모드는 SS1(Safe Stop 1) 이 기본으로 설정되어 있습니다 . 로봇 애플리케이션에 대한 위험성 평가 결과 , 필요하다고",1,O,"page; keyword:전원,종료,팝업에서,팝업,버튼을,버튼; semantic_rank:1","1. 시스템 전원 끄기 | pages [94] | page; keyword:전원,종료,팝업에서,팝업,버튼을,버튼; semantic_rank:1 | MANDATORY EASY 1 MIN 시스템의 전원을 끄려면 티치 펜던트 화면의 종료 버튼을 누르거나 티치펜던트 좌측 상단에 있는 전원 버튼을 2 초 정 도 길게 누르십시오 . 화면에 전원 종료 팝업이 나타납니다 . 전원 종료 팝업에서 확인 버튼을 눌러 시스템을 정상적으로 종료합니다 .
2. 티치 펜던트를 사용할 경우 | pages [163] | keyword:전원,종료,팝업에서,팝업,버튼을,버튼; semantic_rank:2 | 티치 펜던트 좌측 상단에 있는 전원 버튼을 길게 누르십시오 . 로봇 , 컨트롤러 , 티치 펜던트와 같은 시스템에 필요한 전원이 켜집니다 . 시스템의 전원이 켜지면 로봇의 상태 LED 가 점등됩니다 . 전원을 끄려면 티치 펜던트 화면의 종료 버튼을 누르거나 티치펜던트 좌측 상단에 있는 전원 버튼을 2 초 정도 길게 누르십시
3. 비상 정지 버튼 해제하기 | pages [89] | keyword:팝업,버튼을,버튼; semantic_rank:8 | MANDATORY EASY 1 MIN 로봇 설치 후 첫 부팅이 완료되면 , 티치펜던트의 비상 정지 버튼이 눌려 있어 경고 팝업이 나타납니다 . 이때 , 비상 정 지 버튼을 해제해야 로봇을 사용할 수 있습니다 . 비상 정지 버튼을 시계 방향으로 돌려서 비상 정지 상태를 해제하십시오 .
4. 시스템 전원 켜기 | pages [95] | keyword:전원,버튼을,버튼; semantic_rank:7 | MANDATORY EASY 1 MIN 다시 시스템 전원을 켭니다 . 티치펜던트 화면이 켜질 때까지 전원 버튼을 길게 누르십시오 .
5. 배선 연결하기 | pages [94] | page; keyword:전원,종료,버튼을,버튼; semantic_rank:3 | 주의 전원 버튼을 4 초 이상 길게 누르는 경우 전원이 강제로 종료됩니다 . 강제로 전원을 종료하는 경우 , 로봇 및 컨트롤러의 고장의 원인이 될 수 있습니다 . 주의 툴과 그리퍼를 연결할 때에는 로봇 전원을 차단하고 작업을 하십시오 .
6. 전원 켜기 | pages [125] | semantic_rank:12 | 컨트롤러 하단에 전원 차단을 위한 전원 스위치가 설치되어 있습니다 . 컨트롤러 하단에 있는 전원 스위치를 누르십시 오 . 로봇 , 컨트롤러 , 티치펜던트와 같은 시스템에 필요한 전원이 켜집니다 .
7. 전원 끄기 | pages [125] | semantic_rank:9 | 로봇과 컨트롤러를 청소하거나 유지 보수를 위해 분해할 경우에는 반드시 전원 스위치를 눌러 전원을 차단하십시오 .
8. 컨트롤러 전원 켜기 | pages [88] | semantic_rank:11 | MANDATORY EASY 1 MIN 1. 컨트롤러 하단에 있는 전원 스위치를 누르십시오 . 로봇 , 컨트롤러 , 티치펜던트와 같은 시스템에 필요한 전원이 켜 집니다 . 티치펜던트 화면이 켜질 때까지 전원 버튼 ( 그림 2 번 ) 을 길게 누르십시오 . 로봇 제어기와의 네트워크 연결이 완료될 때까지 티치펜던트 LED( 그
9. 안전정격 정지기능 | pages [24] | keyword:버튼을,버튼,눌러 | 비상 정지 사용자는 비상 상황에 대비하여 시스템을 정지시킬 수 있는 비상정지 버튼을 사용할 수 있습니다 . 비상 상황에서는 티치펜던트 우측 상단에 있는 비상정지 버튼을 눌러 시스템을 즉시 정지하십시오 . 보호 정지 안전매트 등의 압력식 방호 장치 (Pressure sensitive preotective equipment)
10. 명령어 예제 따라하기 | pages [308] | keyword:종료,버튼을,버튼,눌러; semantic_rank:4 | 이를 개선하기 위한 방법을 추가로 설명 드립니다 . 종료 버튼을 눌러 Task 를 종료합니다 . Task 수정을 위해 로봇의 동작 Mode 를 Manual 로 변경하십시오 . 명령어 (Command) 탭을 선택하십시오 .",1,O,1,O,1,O,1,O
Q45,추가,로봇을 설치 장소로 옮길 때 들어 올려야 하는 부분은 어디입니까?,설치/로봇 운반,안전 절차형,매뉴얼 그림에서 음영으로 표시된 인양 지점을 들어 이동함,page_98_img_1_0.jpeg,1,O,"page; keyword:음영,표시된,인양,지점,들어","1. 이동 및 설치를 위한 인양 지점 | pages [97] | page; keyword:음영,표시된,인양,지점,들어 | 설치 장소로 로봇을 옮기고자 하는 경우에는 아래 음영 표시된 부분을 들어 이동하십시오 . 안전 사고 예방을 위하 여 반드시 해당 지역 또는 국가의 중량 운반 작업 기준을 확인하고 , 지침을 준수하여 운반하시기 바랍니다 . 운반 중 낙하에 의해 사고가 발생하지 않도록 주의하십시오 . 경고 당해 산업용 로봇은 산업안전보건기준
2. 포장 박스 사양 | pages [161] | no_match keyword=0.18 semantic_rank=- | 운송을 위한 포장 박스의 사양은 아래와 같습니다 . Model Length Width Height A0509(S) 755 mm 452 mm 545 mm A0912(S) 986 mm 452 mm 545 mm 주의 포장 자재로 로봇을 감싸 이송하는 경우에는 건조한 장소에 보관하십시오 . 습기가 많은 장소에 보관할 경우 포장
3. 로봇 작업 영역 확인하기 | pages [114] | no_match keyword=0.09 semantic_rank=- | 주의 상기 그림의 회색 표시 부분은 로봇이 작업하기 어려운 영역입니다 . 이 영역 내에서는 툴은 느리게 움직이더 라도 관절은 빠르게 움직여 로봇이 비효율적으로 작동할 수 있기 때문에 위험성 평가를 진행하기 어려워집니 다 . 따라서 베이스의 위 , 아래를 통과하는 원통형 구간에서 툴을 움직이게 하는 것을 권장하지 않습니다
4. 일반 주의사항 | pages [11] | no_match keyword=0.09 semantic_rank=- | 로봇을 사용하며 발생할 수 있는 일반적인 위험 및 경고 사항에 대해 설명합니다 . 경고 로봇과 전기 장치를 설치하는 경우 설치 매뉴얼을 참조하여 설치 하십시오 . 경고 로봇의 설치 시 툴에 장치를 장착하는 경우 적절한 볼트를 사용하여 체결하십시오 . 로봇의 설치 시에는 작업자와 로봇을 운용하는 사람을 보호하기 위한 안전
5. 모듈 | pages [374] | no_match keyword=0.09 semantic_rank=19 | 조인트 탭을 선택합니다 . 움직이려는 축을 선택하십시오 . 예를 들어 J1 을 선택할 수 있습니다 . +/- 버튼을 눌러서 로봇을 움직일 수 있습니다 . +/- 버튼을 누르고 있는 동안 로봇이 움직이며 화면에는 현재 위치가 실시간으로 표시됩니다 . 조그 화면에서 태스크 모션을 사용하여 로봇을 움직이는 방법은 다음과 같습니
6. 로봇 베이스 고정하기 | pages [84] | no_match keyword=0.00 semantic_rank=- | 로봇을 고정된 위치에 정확하게 설치해야 하는 경우에는 2 개의 Φ 5 의 위치 결정 핀을 이용하면 원하는 위치에 설치 할 수 있습니다 . 주의 케이블을 연결할 때 , 핀 부분이 휘지 않도록 연결부 모양을 잘 확인한 후 연결하십시오 . 전자파 노이즈의 영향을 받거나 다른 기기에 영향을 줄 경우 정상적인 사용을 위해 페라이트
7. 패킹 뜯기 | pages [83] | no_match keyword=0.09 semantic_rank=- | 큰 상자에는 매니퓰레이터가 들어 있습니다 . 작은 상자에는 컨트롤러가 들어 있습니다 . 악세서리 상자에는 티치펜던트와 로봇 케이블류가 제공됩니다 .
8. 로봇 설치하기 | pages [81] | no_match keyword=0.09 semantic_rank=- | 분류 작업 필수 작업 난이도 작업 시간 ( 분 ) 1 로봇 설치 패킹 뜯기 EASY 3 2 컨트롤러에 케이블 연결하기 EASY 1 3 로봇 베이스 고정하기 EASY 3 4 로봇과 컨트롤러 연결하기 EASY 1 5 컨트롤러와 전원 연결하기 EASY 1 6 컨트롤러 배치하기 EASY 1 7 초기 구동 컨트롤러 전원 켜기 EA
9. 원격 제어 모드 | pages [257] | no_match keyword=0.09 semantic_rank=- | 원격 제어 시작 시 Remote Control Mode 화면으로 이동 가능합니다 . 예를 들어 , 리모트 컨트롤 모드 진입 이후 로봇에서 지정된 태스크를 실행하고자 한다면 , 먼저 Servo On( 상승 엣지 ) 신호를 통해 지정한 포트로 서보를 활성화한 뒤 , Task Start( 상승 엣지 ) 신호를 입력하여 필수 설
10. 설치 환경 | pages [113] | no_match keyword=0.00 semantic_rank=- | 로봇을 설치할 때 , 로봇이 충분히 움직일 수 있도록 공간을 확보해야 합니다 . 로봇의 작업 영역을 확인하여 외부와 부 딪히지 않도록 하십시오 .",1,O,"page; keyword:음영,표시된,인양,지점,들어","1. 이동 및 설치를 위한 인양 지점 | pages [97] | page; keyword:음영,표시된,인양,지점,들어 | 설치 장소로 로봇을 옮기고자 하는 경우에는 아래 음영 표시된 부분을 들어 이동하십시오 . 안전 사고 예방을 위하 여 반드시 해당 지역 또는 국가의 중량 운반 작업 기준을 확인하고 , 지침을 준수하여 운반하시기 바랍니다 . 운반 중 낙하에 의해 사고가 발생하지 않도록 주의하십시오 . 경고 당해 산업용 로봇은 산업안전보건기준
2. 설치 장소 확인하기 | pages [113] | no_match keyword=0.00 semantic_rank=- | 로봇을 설치할 때 , 로봇이 충분히 움직일 수 있도록 공간을 확보해야 합니다 . 로봇의 작업 영역을 확인하여 외부 물체 와 부딪히지 않도록 하십시오 . 바닥이 단단하고 수평인 장소에 설치하십시오 . 누수가 발생하지 않고 온도와 습도가 일정하게 유지될 수 있는 장소에 설치하십시오 . 로봇 설치 장소 주변에 인화성 및 폭발
3. 설치 환경 | pages [113] | no_match keyword=0.00 semantic_rank=- | 로봇을 설치할 때 , 로봇이 충분히 움직일 수 있도록 공간을 확보해야 합니다 . 로봇의 작업 영역을 확인하여 외부와 부 딪히지 않도록 하십시오 .
4. ..................................................................96 | pages [4] | no_match keyword=0.18 semantic_rank=- | 3.1 설치 시 주의 사항 ..................................................................................96 3.1.1 이동 및 설치를 위한 인양 지점 ........................................................
5. 로봇과 툴 연결하기 | pages [123] | no_match keyword=0.09 semantic_rank=- | 번호 항목 1 툴 2 브라켓 3 케이블 4 툴 플랜지 1. M6 볼트 4 개를 이용하여 툴 플랜지에 툴을 고정하십시오 . 볼트를 고정할 때에는 9 Nm 의 토크로 볼트를 조이는 것을 권장합니다 . 로봇을 고정된 위치에 정확하게 설치해야 하는 경우에는 Φ 6 의 위치 결정 핀을 이용하면 원하는 위치에 설 치할 수 있습니다
6. 로봇 작업 영역 확인하기 | pages [113] | no_match keyword=0.00 semantic_rank=- | 로봇의 작업 영역을 확인하여 설치 공간을 확보하십시오 . 작업 영역은 로봇 모델에 따라 달라집니다 . 주의 권장 장소 이외에 시스템을 설치할 경우 로봇의 성능 및 수명이 감소될 수 있습니다 .
7. 로봇 베이스 고정하기 | pages [84] | no_match keyword=0.00 semantic_rank=- | 로봇을 고정된 위치에 정확하게 설치해야 하는 경우에는 2 개의 Φ 5 의 위치 결정 핀을 이용하면 원하는 위치에 설치 할 수 있습니다 . 주의 케이블을 연결할 때 , 핀 부분이 휘지 않도록 연결부 모양을 잘 확인한 후 연결하십시오 . 전자파 노이즈의 영향을 받거나 다른 기기에 영향을 줄 경우 정상적인 사용을 위해 페라이트
8. 포장 박스 사양 | pages [161] | no_match keyword=0.18 semantic_rank=- | 운송을 위한 포장 박스의 사양은 아래와 같습니다 . Model Length Width Height A0509(S) 755 mm 452 mm 545 mm A0912(S) 986 mm 452 mm 545 mm 주의 포장 자재로 로봇을 감싸 이송하는 경우에는 건조한 장소에 보관하십시오 . 습기가 많은 장소에 보관할 경우 포장
9. 일반 주의사항 | pages [11] | no_match keyword=0.09 semantic_rank=- | 로봇을 사용하며 발생할 수 있는 일반적인 위험 및 경고 사항에 대해 설명합니다 . 경고 로봇과 전기 장치를 설치하는 경우 설치 매뉴얼을 참조하여 설치 하십시오 . 경고 로봇의 설치 시 툴에 장치를 장착하는 경우 적절한 볼트를 사용하여 체결하십시오 . 로봇의 설치 시에는 작업자와 로봇을 운용하는 사람을 보호하기 위한 안전
10. 하드웨어 설치 | pages [115] | no_match keyword=0.00 semantic_rank=- | 로봇을 사용하기 전에 시스템 필수 요소인 로봇 , 컨트롤러 , 티치펜던트를 작업 영역에 설치하고 전원을 연결해야 합 니다 . 각 요소를 설치하는 방법은 아래와 같습니다 .",1,O,3,O,1,O,3,O
Q46,추가,전자파 노이즈 영향을 줄이기 위해 매니퓰레이터 케이블 양단에 설치를 권장하는 부품은 무엇입니까?,설치/케이블 노이즈 대책,부품 확인형,페라이트코어를 설치하는 것을 권장함,page_119_img_1_0.jpeg,1,O,"keyword:페라이트코어를,페라이트코어,설치하는,설치하,것을; semantic_rank:1","1. 시스템 연결 | pages [120] | keyword:페라이트코어를,페라이트코어,설치하는,설치하,것을; semantic_rank:1 | 알아두기 시스템을 구성할 때 기본적으로 기기간의 노이즈 영향과 시스템의 오동작을 예방하기 위해 노이즈 저 감설비를 설치할 것을 권장합니다 . 전자파 노이즈의 영향을 받거나 다른 기기에 영향을 줄 경우 정상적인 사용을 위해 페라이트코어를 티 치펜던트 케이블 연결부에 설치하는 것을 권장합니다 . 설치 위치는 아래와 같습니다
2. (CS-12P) | pages [400] | keyword:페라이트코어를,페라이트코어,것을; semantic_rank:7 | 매니퓰레이터와 컨트롤러 연결하기 설명 1 매니퓰레이터 연결 케이블 연결 후 고정용 고리 체결 매니퓰레이터 연결 케이블을 컨트롤러의 해당 연결부에 연결한 후 고정용 고 리를 걸어 케이블이 빠지지 않도록 하십시오 . 2 매니퓰레이터 연결 케이블의 반대편 끝을 컨트롤러에 연결 매니퓰레이터 연결 케이블의 반대편 끝을 컨트롤러의
3. 시스템 연결 | pages [119] | page; keyword:페라이트코어를,페라이트코어,설치하는,설치하,것을; semantic_rank:3 | 컨트롤러와 티치펜던트 연결하기 티치펜던트 케이블을 컨트롤러의 해당 연결부에 딸깍 소리가 날 때까지 연결하여 케이블이 빠지지 않도록 하십시오 . 컨트롤러가 전자파 노이즈의 영향을 받거나 다른 기기에 영향을 줄 경우 정상적인 사용을 위해 매니퓰 레이터 케이블 양단에 페라이트코어를 설치하는 것을 권장합니다 . 설치 위치는 아래
4. (CS-12P) | pages [402] | no_match keyword=0.00 semantic_rank=- | 매니퓰레이터 연결 케이블 및 티치펜던트 케이블 배치하기 매니퓰레이터 연결 케이블 및 티치펜던트 케이블 배치 시 케이블의 곡률반경이 최소곡률반경 (120mm) 이상이 되도 록 배치하십시오 . 주의 티치펜던트 케이블의 양쪽 연결 부위는 가급적 최소곡률반경 (120mm) 이상의 직선이 되도록 배치하시기 바랍니 다 . 곡률반경이
5. 시스템 연결 | pages [118] | no_match keyword=0.17 semantic_rank=- | 매니퓰레이터와 컨트롤러 연결하기 설명 1 매니퓰레이터 연결 케이블 연결 후 고정용 고리 체결 매니퓰레이터 연결 케이블을 컨트롤러의 해당 연결부에 연결한 후 고정용 고리를 걸어 케이블이 빠지지 않 도록 하십시오 . 2 매니퓰레이터 연결 케이블의 반대편 끝을 컨트롤러에 연결 매니퓰레이터 연결 케이블의 반대편 끝을 컨트롤러의
6. (CS-12P) | pages [401] | keyword:페라이트코어를,페라이트코어,설치하,것을; semantic_rank:4 | 컨트롤러와 티치펜던트 연결하기 티치펜던트 케이블을 컨트롤러의 해당 연결부에 딸깍 소리가 날 때까지 연결하여 케이블이 빠지지 않도록 하십시오 . 주의 케이블을 연결할 때 , 핀 부분이 휘지 않도록 연결부 모양을 잘 확인한 후 연결하십시오 . 스마트 펜던트를 벽 또는 컨트롤러에 걸어 사용할 경우 연결 케이블에 걸려 넘어지지
7. 로봇 설치 준비 | pages [117] | no_match keyword=0.00 semantic_rank=16 | 전자파 노이즈가 발생할 수 있는 환경에서는 적합한 케이블 설치 및 조치를 취해야 오동작 등을 방지 할 수 있습니다 .
8. 로봇 베이스 고정하기 | pages [84] | keyword:페라이트코어를,페라이트코어; semantic_rank:2 | 로봇을 고정된 위치에 정확하게 설치해야 하는 경우에는 2 개의 Φ 5 의 위치 결정 핀을 이용하면 원하는 위치에 설치 할 수 있습니다 . 주의 케이블을 연결할 때 , 핀 부분이 휘지 않도록 연결부 모양을 잘 확인한 후 연결하십시오 . 전자파 노이즈의 영향을 받거나 다른 기기에 영향을 줄 경우 정상적인 사용을 위해 페라이트
9. 로봇 시스템 구성 및 설명 | pages [99] | no_match keyword=0.00 semantic_rank=- | 티치펜던트 컨트롤러 전원케이블 매니퓰레이터 연결 케이블 사용자 매뉴얼 / 빠른 설명서
10. 구성하기 | pages [137] | semantic_rank:8 | 신호입력 정확도를 최대한 확보하기 위해 다음 사항을 준수하십시오 . 노이즈 저감을 위하여 쉴드 트위스트 페어 된 케이블을 사용하십시오 . 케이블 쉴드는 컨트롤러 내부 접지단자에 연결하십시오 . S 상 입력의 경우 플로팅 상태를 방지하기 위하여 센서 종류 (NPN/PNP) 에 따라 풀업 , 풀다운 저항을 연결하십시오 . 아",2,O,"keyword:페라이트코어를,페라이트코어,설치하는,설치하,것을; semantic_rank:1","1. (CS-12P) | pages [402] | no_match keyword=0.00 semantic_rank=- | 매니퓰레이터 연결 케이블 및 티치펜던트 케이블 배치하기 매니퓰레이터 연결 케이블 및 티치펜던트 케이블 배치 시 케이블의 곡률반경이 최소곡률반경 (120mm) 이상이 되도 록 배치하십시오 . 주의 티치펜던트 케이블의 양쪽 연결 부위는 가급적 최소곡률반경 (120mm) 이상의 직선이 되도록 배치하시기 바랍니 다 . 곡률반경이
2. 시스템 연결 | pages [120] | keyword:페라이트코어를,페라이트코어,설치하는,설치하,것을; semantic_rank:1 | 알아두기 시스템을 구성할 때 기본적으로 기기간의 노이즈 영향과 시스템의 오동작을 예방하기 위해 노이즈 저 감설비를 설치할 것을 권장합니다 . 전자파 노이즈의 영향을 받거나 다른 기기에 영향을 줄 경우 정상적인 사용을 위해 페라이트코어를 티 치펜던트 케이블 연결부에 설치하는 것을 권장합니다 . 설치 위치는 아래와 같습니다
3. (CS-12P) | pages [400] | keyword:페라이트코어를,페라이트코어,것을; semantic_rank:7 | 매니퓰레이터와 컨트롤러 연결하기 설명 1 매니퓰레이터 연결 케이블 연결 후 고정용 고리 체결 매니퓰레이터 연결 케이블을 컨트롤러의 해당 연결부에 연결한 후 고정용 고 리를 걸어 케이블이 빠지지 않도록 하십시오 . 2 매니퓰레이터 연결 케이블의 반대편 끝을 컨트롤러에 연결 매니퓰레이터 연결 케이블의 반대편 끝을 컨트롤러의
4. 시스템 연결 | pages [119] | page; keyword:페라이트코어를,페라이트코어,설치하는,설치하,것을; semantic_rank:3 | 컨트롤러와 티치펜던트 연결하기 티치펜던트 케이블을 컨트롤러의 해당 연결부에 딸깍 소리가 날 때까지 연결하여 케이블이 빠지지 않도록 하십시오 . 컨트롤러가 전자파 노이즈의 영향을 받거나 다른 기기에 영향을 줄 경우 정상적인 사용을 위해 매니퓰 레이터 케이블 양단에 페라이트코어를 설치하는 것을 권장합니다 . 설치 위치는 아래
5. 시스템 연결 | pages [118] | no_match keyword=0.17 semantic_rank=- | 매니퓰레이터와 컨트롤러 연결하기 설명 1 매니퓰레이터 연결 케이블 연결 후 고정용 고리 체결 매니퓰레이터 연결 케이블을 컨트롤러의 해당 연결부에 연결한 후 고정용 고리를 걸어 케이블이 빠지지 않 도록 하십시오 . 2 매니퓰레이터 연결 케이블의 반대편 끝을 컨트롤러에 연결 매니퓰레이터 연결 케이블의 반대편 끝을 컨트롤러의
6. 로봇 설치 준비 | pages [116] | keyword:설치하는,설치하; semantic_rank:11 | 케이블 배치하기 케이블 배치 시 케이블의 곡률반경이 최소곡률반경 이상이 되도록 배치하십시오 . 각 케이블의 최소곡률반경 (R) 은 아래와 같습니다 . 케이블 최소곡률반경 (R) 티치 펜던트 케이블 120 mm 로봇 케이블 120 mm 경고 매니퓰레이터가 작동할 때 , 볼트가 풀리지 않도록 끝까지 조이십시오 . 매니퓰레이터
7. 로봇 설치 준비 | pages [117] | no_match keyword=0.00 semantic_rank=16 | 전자파 노이즈가 발생할 수 있는 환경에서는 적합한 케이블 설치 및 조치를 취해야 오동작 등을 방지 할 수 있습니다 .
8. (CS-12P) | pages [399] | keyword:설치하는,설치하; semantic_rank:5 | 명판과 라벨 설치하기 (CS-12P) 설치 시 주의사항 주의 컨트롤러를 설치하기 전에 충분한 설치 공간을 확보하십시오 . 공간이 확보되지 않은 장소에 설치할 경우 , 컨트롤러 가 손상되거나 매니퓰레이터 및 티치펜던트 케이블이 단선될 수 있습니다 . 제품의 전원을 연결할 때 , 입력 전원을 확인한 후 연결하십시오 . 입력
9. 로봇 설치 준비 | pages [115] | no_match keyword=0.17 semantic_rank=- | 로봇 고정하기 매니퓰레이터 베이스에 있는 Ø 8.5 mm 구멍 4 개에 M8 볼트를 이용하여 고정하십시오 . 볼트를 고정할 때에는 20Nm 의 토크로 볼트를 조이는 것을 권장합니다 . 진동에 의한 풀림 방지를 위해서 와셔 ( 스프 링 - 평 ) 사용하시기 바랍니다 . 매니퓰레이터를 고정된 위치에 정확하게 설치해야 하는 경
10. 로봇 베이스 고정하기 | pages [84] | keyword:페라이트코어를,페라이트코어; semantic_rank:2 | 로봇을 고정된 위치에 정확하게 설치해야 하는 경우에는 2 개의 Φ 5 의 위치 결정 핀을 이용하면 원하는 위치에 설치 할 수 있습니다 . 주의 케이블을 연결할 때 , 핀 부분이 휘지 않도록 연결부 모양을 잘 확인한 후 연결하십시오 . 전자파 노이즈의 영향을 받거나 다른 기기에 영향을 줄 경우 정상적인 사용을 위해 페라이트",2,O,4,O,1,O,2,O
Q47,추가,매니퓰레이터 연결 케이블을 컨트롤러에 연결한 뒤 케이블이 빠지지 않도록 추가로 해야 하는 조치는 무엇입니까?,설치/매니퓰레이터 연결,절차 확인형,연결 후 고정용 고리를 체결해야 함,page_120_img_0_0.jpeg,1,O,"keyword:연결,고정용,고리; semantic_rank:2","1. (CS-12P) | pages [400] | keyword:연결,고정용,고리; semantic_rank:2 | 매니퓰레이터와 컨트롤러 연결하기 설명 1 매니퓰레이터 연결 케이블 연결 후 고정용 고리 체결 매니퓰레이터 연결 케이블을 컨트롤러의 해당 연결부에 연결한 후 고정용 고 리를 걸어 케이블이 빠지지 않도록 하십시오 . 2 매니퓰레이터 연결 케이블의 반대편 끝을 컨트롤러에 연결 매니퓰레이터 연결 케이블의 반대편 끝을 컨트롤러의
2. 시스템 연결 | pages [118] | keyword:연결,고정용,고리를,고리; semantic_rank:1 | 매니퓰레이터와 컨트롤러 연결하기 설명 1 매니퓰레이터 연결 케이블 연결 후 고정용 고리 체결 매니퓰레이터 연결 케이블을 컨트롤러의 해당 연결부에 연결한 후 고정용 고리를 걸어 케이블이 빠지지 않 도록 하십시오 . 2 매니퓰레이터 연결 케이블의 반대편 끝을 컨트롤러에 연결 매니퓰레이터 연결 케이블의 반대편 끝을 컨트롤러의
3. 컨트롤러에 케이블 연결하기 | pages [83] | semantic_rank:11 | MANDATORY EASY 1 MIN 티치펜던트와 로봇의 케이블을 컨트롤러에 연결합니다 . 티치펜던트 케이블을 컨트롤러의 해당 연결부에 딸깍 소리가 날 때까지 연결하여 케이블이 빠지지 않도록 하십시 오 . 로봇 케이블의 반대편 끝을 컨트롤러의 해당 연결부에 딸깍 소리가 날 때까지 연결하여 케이블이 빠지지 않도록 하 십시오
4. 시스템 연결 | pages [119] | semantic_rank:14 | 컨트롤러와 티치펜던트 연결하기 티치펜던트 케이블을 컨트롤러의 해당 연결부에 딸깍 소리가 날 때까지 연결하여 케이블이 빠지지 않도록 하십시오 . 컨트롤러가 전자파 노이즈의 영향을 받거나 다른 기기에 영향을 줄 경우 정상적인 사용을 위해 매니퓰 레이터 케이블 양단에 페라이트코어를 설치하는 것을 권장합니다 . 설치 위치는 아래
5. (CS-12P) | pages [402] | no_match keyword=0.20 semantic_rank=17 | 매니퓰레이터 연결 케이블 및 티치펜던트 케이블 배치하기 매니퓰레이터 연결 케이블 및 티치펜던트 케이블 배치 시 케이블의 곡률반경이 최소곡률반경 (120mm) 이상이 되도 록 배치하십시오 . 주의 티치펜던트 케이블의 양쪽 연결 부위는 가급적 최소곡률반경 (120mm) 이상의 직선이 되도록 배치하시기 바랍니 다 . 곡률반경이
6. (CS-12P) | pages [401] | semantic_rank:15 | 컨트롤러와 티치펜던트 연결하기 티치펜던트 케이블을 컨트롤러의 해당 연결부에 딸깍 소리가 날 때까지 연결하여 케이블이 빠지지 않도록 하십시오 . 주의 케이블을 연결할 때 , 핀 부분이 휘지 않도록 연결부 모양을 잘 확인한 후 연결하십시오 . 스마트 펜던트를 벽 또는 컨트롤러에 걸어 사용할 경우 연결 케이블에 걸려 넘어지지
7. 시스템 연결 | pages [120] | page | 컨트롤러 전원 연결하기 컨트롤러에 전원을 연결하려면 표준 IEC 전원 플러그에 케이블을 연결하십시오 . 연결할 때에는 해당 국가의 표준 전원 플러그가 적용된 케이블을 사용하십시오 . 전원 플러그를 컨트롤러의 해당 연결부에 끝까지 연결하여 빠지지 않도록 하십시오 . 컨트롤러 아래의 표준 IEC C14 플러그와 해당 IEC
8. (CS-12P) | pages [403] | semantic_rank:3 | 경고 전원 케이블을 연결한 후 로봇을 올바르게 접지했는지 확인하십시오 ( 전기적 지면 연결 ). 컨트롤러 안의 접지 심볼 과 관련된 나사 중에서 사용하지 않은 나사로 시스템의 모든 장비에 대하여 공통적인 접지를 하십시오 . 접지 컨덕 터는 최소한 시스템에서 최고 전류의 전류 등급을 가지고 있어야 합니다 . 컨트롤러의 입력
9. 시스템 연결 | pages [121] | no_match keyword=0.20 semantic_rank=- | 매개변수 사양 입력전압 100 – 240 VAC 입력전원 퓨즈 (@100-240V) 15 A 주의 전원 케이블을 연결한 후 로봇을 올바르게 접지했는지 확인하십시오 ( 전기적 지면 연결 ). 컨트롤러 내부 의 접지 심볼과 관련된 나사 중에서 사용하지 않은 나사로 시스템의 모든 장비에 대하여 공통적인 접지 를 하십시오 . 접
10. 컨트롤러와 전원 연결하기 | pages [86] | semantic_rank:5 | MANDATORY EASY 1 MIN 컨트롤러에 전원을 연결하려면 표준 IEC 전원 플러그에 케이블을 연결하십시오 . 전원 케이블을 연결한 후 로봇을 올바르게 접지가 되었는지 확인하십시오 ( 전기적 지면 연결 ). 컨트롤러 안의 접지 심볼과 관련된 나사 중에서 사용하지 않은 나사로 시스템의 모든 장비에 대하여 공통적인 접",1,O,"keyword:연결,고정용,고리를,고리; semantic_rank:1","1. 시스템 연결 | pages [118] | keyword:연결,고정용,고리를,고리; semantic_rank:1 | 매니퓰레이터와 컨트롤러 연결하기 설명 1 매니퓰레이터 연결 케이블 연결 후 고정용 고리 체결 매니퓰레이터 연결 케이블을 컨트롤러의 해당 연결부에 연결한 후 고정용 고리를 걸어 케이블이 빠지지 않 도록 하십시오 . 2 매니퓰레이터 연결 케이블의 반대편 끝을 컨트롤러에 연결 매니퓰레이터 연결 케이블의 반대편 끝을 컨트롤러의
2. (CS-12P) | pages [400] | keyword:연결,고정용,고리; semantic_rank:2 | 매니퓰레이터와 컨트롤러 연결하기 설명 1 매니퓰레이터 연결 케이블 연결 후 고정용 고리 체결 매니퓰레이터 연결 케이블을 컨트롤러의 해당 연결부에 연결한 후 고정용 고 리를 걸어 케이블이 빠지지 않도록 하십시오 . 2 매니퓰레이터 연결 케이블의 반대편 끝을 컨트롤러에 연결 매니퓰레이터 연결 케이블의 반대편 끝을 컨트롤러의
3. 시스템 연결 | pages [119] | semantic_rank:14 | 컨트롤러와 티치펜던트 연결하기 티치펜던트 케이블을 컨트롤러의 해당 연결부에 딸깍 소리가 날 때까지 연결하여 케이블이 빠지지 않도록 하십시오 . 컨트롤러가 전자파 노이즈의 영향을 받거나 다른 기기에 영향을 줄 경우 정상적인 사용을 위해 매니퓰 레이터 케이블 양단에 페라이트코어를 설치하는 것을 권장합니다 . 설치 위치는 아래
4. 유지보수 | pages [162] | no_match keyword=0.20 semantic_rank=- | 전원 케이블을 분리하고 매니퓰레이터 또는 컨트롤러에 연결된 다른 전력 공급원에서 전력이 공급되지 않도록 합 니다 . 보수 작업 중 시스템에 전원을 연결하지 마십시오 . 시스템에 다시 전원 공급을 하기 전에는 반드시 접지를 확인하십시오 . 매니퓰레이터 또는 컨트롤러의 부품을 해체할 때에는 ESD 규정을 준수하여 작업하십시오
5. (CS-12P) | pages [402] | no_match keyword=0.20 semantic_rank=17 | 매니퓰레이터 연결 케이블 및 티치펜던트 케이블 배치하기 매니퓰레이터 연결 케이블 및 티치펜던트 케이블 배치 시 케이블의 곡률반경이 최소곡률반경 (120mm) 이상이 되도 록 배치하십시오 . 주의 티치펜던트 케이블의 양쪽 연결 부위는 가급적 최소곡률반경 (120mm) 이상의 직선이 되도록 배치하시기 바랍니 다 . 곡률반경이
6. 컨트롤러에 케이블 연결하기 | pages [83] | semantic_rank:11 | MANDATORY EASY 1 MIN 티치펜던트와 로봇의 케이블을 컨트롤러에 연결합니다 . 티치펜던트 케이블을 컨트롤러의 해당 연결부에 딸깍 소리가 날 때까지 연결하여 케이블이 빠지지 않도록 하십시 오 . 로봇 케이블의 반대편 끝을 컨트롤러의 해당 연결부에 딸깍 소리가 날 때까지 연결하여 케이블이 빠지지 않도록 하 십시오
7. (CS-12P) | pages [403] | semantic_rank:3 | 경고 전원 케이블을 연결한 후 로봇을 올바르게 접지했는지 확인하십시오 ( 전기적 지면 연결 ). 컨트롤러 안의 접지 심볼 과 관련된 나사 중에서 사용하지 않은 나사로 시스템의 모든 장비에 대하여 공통적인 접지를 하십시오 . 접지 컨덕 터는 최소한 시스템에서 최고 전류의 전류 등급을 가지고 있어야 합니다 . 컨트롤러의 입력
8. (CS-12P) | pages [399] | semantic_rank:9 | 명판과 라벨 설치하기 (CS-12P) 설치 시 주의사항 주의 컨트롤러를 설치하기 전에 충분한 설치 공간을 확보하십시오 . 공간이 확보되지 않은 장소에 설치할 경우 , 컨트롤러 가 손상되거나 매니퓰레이터 및 티치펜던트 케이블이 단선될 수 있습니다 . 제품의 전원을 연결할 때 , 입력 전원을 확인한 후 연결하십시오 . 입력
9. 컨트롤러와 전원 연결하기 | pages [86] | semantic_rank:5 | MANDATORY EASY 1 MIN 컨트롤러에 전원을 연결하려면 표준 IEC 전원 플러그에 케이블을 연결하십시오 . 전원 케이블을 연결한 후 로봇을 올바르게 접지가 되었는지 확인하십시오 ( 전기적 지면 연결 ). 컨트롤러 안의 접지 심볼과 관련된 나사 중에서 사용하지 않은 나사로 시스템의 모든 장비에 대하여 공통적인 접
10. 로봇 시스템 구성 및 설명 | pages [99] | no_match keyword=0.20 semantic_rank=- | 티치펜던트 컨트롤러 전원케이블 매니퓰레이터 연결 케이블 사용자 매뉴얼 / 빠른 설명서",1,O,9,△,1,O,4,O
Q48,추가,툴을 툴 플랜지에 고정할 때 사용하는 볼트 수와 권장 체결 토크는 얼마입니까?,툴 장착/플랜지 고정,설치 절차형,M6 볼트 4개를 사용하며 9 Nm 토크로 조이는 것을 권장함,page_123_img_0_0.jpeg,1,O,"keyword:m6,볼트,nm,토크로,조이는,조이; semantic_rank:2","1. 툴 설치하기 | pages [93] | keyword:m6,볼트,nm,토크로,조이는,조이; semantic_rank:2 | MANDATORY EASY 5 MIN M6 볼트 4 개를 이용하여 툴 플랜지에 툴을 고정하십시오 . 볼트를 고정할 때에는 9 Nm 의 토크로 볼트를 조이는 것을 권장합니다 . 로봇을 고정된 위치에 정확하게 설치해야 하는 경우에는 Φ 6 의 위치 결정 핀을 이용하면 원하는 위치에 설치할 수 있습니다 . 번호 항목 1 툴 2
2. 로봇 베이스 고정하기 | pages [84] | no_match keyword=0.09 semantic_rank=17 | MANDATORY EASY 3 MIN 로봇의 베이스를 고정할 때와 툴 플랜지에 툴을 장착하기 위해서는 아래와 같이 추가 부품이 필요합니다 . M8 육각 렌치 볼트 : 4 개 Φ 5 의 위치 결정 핀 : 2 개 로봇의 베이스에 있는 구멍 4 개에 M8 볼트를 이용하여 고정하십시오 . 자세한 내용은 로봇 고정하기 (p. 11
3. 로봇과 툴 연결하기 | pages [123] | page; keyword:m6,볼트,nm,토크로,조이는,조이; semantic_rank:3 | 번호 항목 1 툴 2 브라켓 3 케이블 4 툴 플랜지 1. M6 볼트 4 개를 이용하여 툴 플랜지에 툴을 고정하십시오 . 볼트를 고정할 때에는 9 Nm 의 토크로 볼트를 조이는 것을 권장합니다 . 로봇을 고정된 위치에 정확하게 설치해야 하는 경우에는 Φ 6 의 위치 결정 핀을 이용하면 원하는 위치에 설 치할 수 있습니다
4. 로봇 설치 준비 | pages [115] | keyword:볼트,nm,토크로,조이는,조이,것을; semantic_rank:4 | 로봇 고정하기 매니퓰레이터 베이스에 있는 Ø 8.5 mm 구멍 4 개에 M8 볼트를 이용하여 고정하십시오 . 볼트를 고정할 때에는 20Nm 의 토크로 볼트를 조이는 것을 권장합니다 . 진동에 의한 풀림 방지를 위해서 와셔 ( 스프 링 - 평 ) 사용하시기 바랍니다 . 매니퓰레이터를 고정된 위치에 정확하게 설치해야 하는 경
5. 로봇 베이스 고정하기 | pages [85] | no_match keyword=0.09 semantic_rank=- | Robot Base 부에 접지용 Tap 추가되었음 ('23 년 12 월 중 관련 설계변경 승인 완료 : ECO00371_Robot Base 접지볼트 체결부 추가 ) 2. 접지 볼트는 동봉되지 않으며 , 사용자가 필요에 따라 직접 구비하여 체결 가능 3. 접지 볼트 사양 : M4X4L 4. Guide 문구 예시 : 두산로보
6. 로봇 시작하기 | pages [81] | no_match keyword=0.00 semantic_rank=- | 로봇 시작하기에서 사용자는 로봇의 설치에서 실행까지 전반적인 과정을 학습할 수 있습니다 . Step1. 로봇 설치하기 : 로봇을 설치하고 컨트롤러와 티치펜던트를 연결합니다 . 두산 로봇을 설치하고 초기 구동하 는 방법을 학습할 수 있습니다 . Step2. 툴 설치 및 I/O 테스트하기 : 두산 로봇 끝 단의 플랜지에 툴을
7. 로봇 베이스 고정하기 | pages [84] | keyword:볼트,nm,토크로,조이는,조이,것을; semantic_rank:1 | 볼트를 고정할 때에는 20Nm 정도의 토크로 볼트를 조이는 것을 권장합니다 . 진동에 의한 풀림 방지를 위해서 와셔 ( 스프링 - 평 ) 사용하시기 바랍니다 .
8. 항목에서 설정하기 | pages [356] | no_match keyword=0.00 semantic_rank=- | 산업용 통신을 사용하는 경우 고정 주소 (Static Address) 를 사용하십시오 .
9. (Safety I/O) | pages [33] | no_match keyword=0.00 semantic_rank=- | 경고 이 기능을 사용하는 것이 안전한지 확인하기 위해 반드시 포괄적인 위험평가를 수행하십시오 .
10. (Safety I/O) | pages [32] | no_match keyword=0.00 semantic_rank=- | Handguiding Enable Switch (H) 동작 허가 장치 - 핸드가이딩 인에이블 스위치를 연결할 때 사용하는 작업 허가 신호입니 다 . High : 핸드가이딩 유효 Low : 핸드가이딩 불가 HGC End & Resume (R) 자동모드에서 핸드가이딩 명령어 실행시 , 태스크프로그램이 중지됩니다 . 사용자가",1,O,"page; keyword:m6,볼트,nm,토크로,조이는,조이; semantic_rank:3","1. 로봇과 툴 연결하기 | pages [123] | page; keyword:m6,볼트,nm,토크로,조이는,조이; semantic_rank:3 | 번호 항목 1 툴 2 브라켓 3 케이블 4 툴 플랜지 1. M6 볼트 4 개를 이용하여 툴 플랜지에 툴을 고정하십시오 . 볼트를 고정할 때에는 9 Nm 의 토크로 볼트를 조이는 것을 권장합니다 . 로봇을 고정된 위치에 정확하게 설치해야 하는 경우에는 Φ 6 의 위치 결정 핀을 이용하면 원하는 위치에 설 치할 수 있습니다
2. 툴 설치하기 | pages [93] | keyword:m6,볼트,nm,토크로,조이는,조이; semantic_rank:2 | MANDATORY EASY 5 MIN M6 볼트 4 개를 이용하여 툴 플랜지에 툴을 고정하십시오 . 볼트를 고정할 때에는 9 Nm 의 토크로 볼트를 조이는 것을 권장합니다 . 로봇을 고정된 위치에 정확하게 설치해야 하는 경우에는 Φ 6 의 위치 결정 핀을 이용하면 원하는 위치에 설치할 수 있습니다 . 번호 항목 1 툴 2
3. 로봇 베이스 고정하기 | pages [84] | no_match keyword=0.09 semantic_rank=17 | MANDATORY EASY 3 MIN 로봇의 베이스를 고정할 때와 툴 플랜지에 툴을 장착하기 위해서는 아래와 같이 추가 부품이 필요합니다 . M8 육각 렌치 볼트 : 4 개 Φ 5 의 위치 결정 핀 : 2 개 로봇의 베이스에 있는 구멍 4 개에 M8 볼트를 이용하여 고정하십시오 . 자세한 내용은 로봇 고정하기 (p. 11
4. 배선 연결하기 | pages [94] | no_match keyword=0.00 semantic_rank=- | MANDATORY NORMAL 10 MIN 툴을 고정한 후 플랜지 I/O 커넥터에 필요한 케이블을 연결하십시오 . 반드시 플랜지 I/O 의 핀 맵을 확인하십시오 . 로봇에 전원을 인가하게 되면 각 커넥터의 5 번 단자는 항상 24V 가 출력되게 됩니다 .
5. 로봇 베이스 고정하기 | pages [84] | keyword:볼트,nm,토크로,조이는,조이,것을; semantic_rank:1 | 볼트를 고정할 때에는 20Nm 정도의 토크로 볼트를 조이는 것을 권장합니다 . 진동에 의한 풀림 방지를 위해서 와셔 ( 스프링 - 평 ) 사용하시기 바랍니다 .
6. 6.7.2 Tool Settings | pages [205] | no_match keyword=0.09 semantic_rank=- | Tool Weight 툴 무게 (Tool Weight) 를 추가하여 플랜지에 장착된 Tool 의 무게를 설정할 수 있습니다 . 툴 무게는 Robot Parameters > Tool Settings > Tool Weight 를 선택하여 설정할 수 있습니다 . 자동 계산 (Auto Measure) 기능을 사용하여 툴 무게를
7. 로봇 설치 준비 | pages [115] | keyword:볼트,nm,토크로,조이는,조이,것을; semantic_rank:4 | 로봇 고정하기 매니퓰레이터 베이스에 있는 Ø 8.5 mm 구멍 4 개에 M8 볼트를 이용하여 고정하십시오 . 볼트를 고정할 때에는 20Nm 의 토크로 볼트를 조이는 것을 권장합니다 . 진동에 의한 풀림 방지를 위해서 와셔 ( 스프 링 - 평 ) 사용하시기 바랍니다 . 매니퓰레이터를 고정된 위치에 정확하게 설치해야 하는 경
8. 시스템 연결 | pages [121] | semantic_rank:7 | 매개변수 사양 입력전압 100 – 240 VAC 입력전원 퓨즈 (@100-240V) 15 A 주의 전원 케이블을 연결한 후 로봇을 올바르게 접지했는지 확인하십시오 ( 전기적 지면 연결 ). 컨트롤러 내부 의 접지 심볼과 관련된 나사 중에서 사용하지 않은 나사로 시스템의 모든 장비에 대하여 공통적인 접지 를 하십시오 . 접
9. 테스트하기 | pages [95] | no_match keyword=0.00 semantic_rank=- | MANDATORY NORMAL 10 MIN 티치펜던트에서는 플랜지 I/O 에 연결된 툴의 동작을 테스트할 수 있는 기능을 제공하고 있습니다 . 전원을 차단했을 때 툴에서 작업물이 낙하하는 등의 위험 상황이 발생하지 않도록 툴과 그리퍼를 구성 하십시오 . A 시리즈의 경우 로봇이 서보 오프될 때 Flange I/O 의 24
10. 툴의 중심 위치 | pages [110] | no_match keyword=0.00 semantic_rank=- | 툴의 중심 위치는 아래 그림을 참조하세요 .",1,O,1,O,1,O,1,O
Q49,추가,컨트롤러에서 시스템 전원을 켤 때 누르는 물리적 스위치는 어디에 있습니까?,전원/컨트롤러 조작,조작 절차형,컨트롤러 하단의 전원 스위치를 누름,page_125_img_0_0.jpeg,1,O,semantic_rank:6,"1. 배선 연결하기 | pages [94] | semantic_rank:6 | 주의 전원 버튼을 4 초 이상 길게 누르는 경우 전원이 강제로 종료됩니다 . 강제로 전원을 종료하는 경우 , 로봇 및 컨트롤러의 고장의 원인이 될 수 있습니다 . 주의 툴과 그리퍼를 연결할 때에는 로봇 전원을 차단하고 작업을 하십시오 .
2. 티치 펜던트를 사용할 경우 | pages [163] | keyword:컨트롤러,하단의,하단,전원,스위치를,스위치; semantic_rank:9 | 티치 펜던트 좌측 상단에 있는 전원 버튼을 길게 누르십시오 . 로봇 , 컨트롤러 , 티치 펜던트와 같은 시스템에 필요한 전원이 켜집니다 . 시스템의 전원이 켜지면 로봇의 상태 LED 가 점등됩니다 . 전원을 끄려면 티치 펜던트 화면의 종료 버튼을 누르거나 티치펜던트 좌측 상단에 있는 전원 버튼을 2 초 정도 길게 누르십시
3. (CS-12P) | pages [397] | keyword:컨트롤러,전원,스위치 | 제품 소개 (CS-12P) 각 부 명칭과 기능 번호 항목 설명 1 I/O 연결 단자 ( 내부 ) 다른 로봇의 컨트롤러나 주변 기기와 연결할 수 있 습니다 . 2 전원 스위치 컨트롤러의 주 전원을 켜거나 끌 수 있습니다 . 3 티치펜던트 케이블 연결 단자 티치펜던트의 케이블을 컨트롤러와 연결합니다 . 4 로봇 케이블 연결
4. 이동 및 설치를 위한 인양 지점 | pages [97] | no_match keyword=0.14 semantic_rank=20 | 제품의 전원을 연결할 때 , 전원 플러그와 케이블을 젖은 손으로 마지지 마십시오 .
5. 전원 끄기 | pages [125] | page; keyword:컨트롤러,전원,스위치를,스위치; semantic_rank:3 | 로봇과 컨트롤러를 청소하거나 유지 보수를 위해 분해할 경우에는 반드시 전원 스위치를 눌러 전원을 차단하십시오 .
6. 시스템 전원 켜기 | pages [95] | no_match keyword=0.14 semantic_rank=16 | MANDATORY EASY 1 MIN 다시 시스템 전원을 켭니다 . 티치펜던트 화면이 켜질 때까지 전원 버튼을 길게 누르십시오 .
7. 로봇 시스템 구성 및 설명 | pages [103] | no_match keyword=0.14 semantic_rank=- | 티치펜던트 No. 항목 설명 1 전원 버튼 티치펜던트의 주 전원을 켜거나 끌 수 있습니다 . 자세한 내용은 시스템 전원 온 / 오프 (p. 162) 를 참고하십시오 .
8. (CS-12P) | pages [399] | no_match keyword=0.29 semantic_rank=19 | 명판과 라벨 설치하기 (CS-12P) 설치 시 주의사항 주의 컨트롤러를 설치하기 전에 충분한 설치 공간을 확보하십시오 . 공간이 확보되지 않은 장소에 설치할 경우 , 컨트롤러 가 손상되거나 매니퓰레이터 및 티치펜던트 케이블이 단선될 수 있습니다 . 제품의 전원을 연결할 때 , 입력 전원을 확인한 후 연결하십시오 . 입력
9. 하드웨어 설치 | pages [115] | no_match keyword=0.29 semantic_rank=- | 로봇을 사용하기 전에 시스템 필수 요소인 로봇 , 컨트롤러 , 티치펜던트를 작업 영역에 설치하고 전원을 연결해야 합 니다 . 각 요소를 설치하는 방법은 아래와 같습니다 .
10. (Robot Limits) | pages [39] | no_match keyword=0.00 semantic_rank=- | 로봇 제한치 (Robot Limits) 에서는 로봇에 관련된 여러 안전기능의 전역 안전 제한치를 일반 모드와 감소 모드로 나누 어 설정할 수 있습니다 . 로봇의 각 파라미터가 설정된 안전 제한치를 초과할 경우 로봇은 보호 정지 합니다 . 로봇 제한치는 Robot Parameter> Safety Settings > Robo",1,O,"page; keyword:컨트롤러,하단,전원,스위치를,스위치; semantic_rank:1","1. 전원 켜기 | pages [125] | page; keyword:컨트롤러,하단,전원,스위치를,스위치; semantic_rank:1 | 컨트롤러 하단에 전원 차단을 위한 전원 스위치가 설치되어 있습니다 . 컨트롤러 하단에 있는 전원 스위치를 누르십시 오 . 로봇 , 컨트롤러 , 티치펜던트와 같은 시스템에 필요한 전원이 켜집니다 .
2. 컨트롤러 전원 켜기 | pages [88] | keyword:컨트롤러,하단,전원,스위치를,스위치; semantic_rank:7 | MANDATORY EASY 1 MIN 1. 컨트롤러 하단에 있는 전원 스위치를 누르십시오 . 로봇 , 컨트롤러 , 티치펜던트와 같은 시스템에 필요한 전원이 켜 집니다 . 티치펜던트 화면이 켜질 때까지 전원 버튼 ( 그림 2 번 ) 을 길게 누르십시오 . 로봇 제어기와의 네트워크 연결이 완료될 때까지 티치펜던트 LED( 그
3. 전원 끄기 | pages [125] | page; keyword:컨트롤러,전원,스위치를,스위치; semantic_rank:3 | 로봇과 컨트롤러를 청소하거나 유지 보수를 위해 분해할 경우에는 반드시 전원 스위치를 눌러 전원을 차단하십시오 .
4. 시스템 연결 | pages [121] | keyword:컨트롤러,전원,스위치를,스위치; semantic_rank:8 | 매개변수 사양 입력전압 100 – 240 VAC 입력전원 퓨즈 (@100-240V) 15 A 주의 전원 케이블을 연결한 후 로봇을 올바르게 접지했는지 확인하십시오 ( 전기적 지면 연결 ). 컨트롤러 내부 의 접지 심볼과 관련된 나사 중에서 사용하지 않은 나사로 시스템의 모든 장비에 대하여 공통적인 접지 를 하십시오 . 접
5. 티치 펜던트를 사용할 경우 | pages [163] | keyword:컨트롤러,하단의,하단,전원,스위치를,스위치; semantic_rank:9 | 티치 펜던트 좌측 상단에 있는 전원 버튼을 길게 누르십시오 . 로봇 , 컨트롤러 , 티치 펜던트와 같은 시스템에 필요한 전원이 켜집니다 . 시스템의 전원이 켜지면 로봇의 상태 LED 가 점등됩니다 . 전원을 끄려면 티치 펜던트 화면의 종료 버튼을 누르거나 티치펜던트 좌측 상단에 있는 전원 버튼을 2 초 정도 길게 누르십시
6. 구성하기 | pages [144] | no_match keyword=0.29 semantic_rank=- | VIO 와 GIO 는 컨트롤러 전면에 위치한 Safety Controller 의 디지털 I/O 에 사용되는 전원으로 , 컨트롤러 내부의 SMPS 에서 공급하는 VCC24V 와 GND 와 분리되어 있습니다 . 만약 , 사용자가 Configurable 디지털 I/O 용으로 2A 이하의 전류 를 사용하고 , IO 연결기기와 컨
7. 컨트롤러와 전원 연결하기 | pages [86] | semantic_rank:5 | MANDATORY EASY 1 MIN 컨트롤러에 전원을 연결하려면 표준 IEC 전원 플러그에 케이블을 연결하십시오 . 전원 케이블을 연결한 후 로봇을 올바르게 접지가 되었는지 확인하십시오 ( 전기적 지면 연결 ). 컨트롤러 안의 접지 심볼과 관련된 나사 중에서 사용하지 않은 나사로 시스템의 모든 장비에 대하여 공통적인 접
8. 시스템 연결 | pages [120] | semantic_rank:4 | 컨트롤러 전원 연결하기 컨트롤러에 전원을 연결하려면 표준 IEC 전원 플러그에 케이블을 연결하십시오 . 연결할 때에는 해당 국가의 표준 전원 플러그가 적용된 케이블을 사용하십시오 . 전원 플러그를 컨트롤러의 해당 연결부에 끝까지 연결하여 빠지지 않도록 하십시오 . 컨트롤러 아래의 표준 IEC C14 플러그와 해당 IEC
9. 6.10.2 I/O Overview | pages [335] | no_match keyword=0.14 semantic_rank=- | 제어기 디지털 출력 1. 컨트롤러나 플랜지에 연결된 기기의 포트 번호를 확인하십시오 . 포트 번호에 해당하는 On/Off 아이콘을 눌러 디지털 출력을 활성화하거나 비활성화하십시오 . On 아이콘을 누르면 색상이 연두색으로 변경되고 해당 포트가 활성화됩니다 . Off 아이콘을 누르면 색상이 연두색으로 변경되고 해당 포트가
10. 연결 | pages [133] | keyword:컨트롤러,전원,스위치 | 컨트롤러 I/O 단자를 이용하여 매니퓰레이터와 티치펜던트 이외에 외부 장비를 컨트롤러와 연결하여 사용할 수 있습 니다 . 비상정지 스위치 , 라이트 커튼 , 안전 매트와 같은 안전기기와 더불어 공압용 솔밸브 , 릴레이 , PLC, 컨베이어 벨 트 엔코더 등 로봇 작업 셀을 구성할 때 필요한 다양한 주변기기를 연결할 수 있",1,O,1,O,1,O,1,O
Q50,추가,플랜지 디지털 출력이 활성화되었을 때와 비활성화되었을 때 출력 채널 상태는 각각 어떻게 됩니까?,툴 플랜지/디지털 출력,사양 확인형,활성화 시 +24V가 되고 비활성화 시 open 상태가 됨,page_130_img_0_0.jpeg,1,O,"keyword:활성화,24v,비활성화,open,상태; semantic_rank:2","1. 플랜지 디지털 출력 사양 | pages [131] | keyword:활성화,24v,비활성화,open,상태; semantic_rank:2 | 플랜지 입출력 (I/O) 초기 전원은 24V 로 설정되어 있으며 , 12V 또는 0V 로 설정 가능합니다 . 디지털 출력이 활성화되면 해당 출력 채널의 상태는 12V 또는 24V 가 출력됩니다 . 디지털 출력이 비활성화 되면 해당 출력 채널의 상태는 open(floating) 됩니다 . 디지털 출력의 전기적 사양은 아래와
2. 플랜지 디지털 출력 사양 | pages [130] | page; keyword:활성화,24v,비활성화,open,상태; semantic_rank:3 | 플랜지 디지털 출력은 PNP 사양으로 Photo coupler 출력이 output 에 구성되어 있습니다 . 디지털 출력이 활성화되면 해당 출력 채널의 상태는 +24V 가 됩니다 . 디지털 출력이 비활성화 되면 해당 출력 채널의 상태는 open(floating) 됩니다 . 디지털 출력의 전기적 사양은 아래와 같습니다 . P
3. 6.7.1 Robot Settings | pages [187] | no_match keyword=0.00 semantic_rank=- | I/O Alias & Mount I/O Alias 메뉴 구성 항목 설명 1 제어기 디지털 I/O 제어기 디지털 I/O 의 이름을 각각 설정할 수 있습니다 . 2 플랜지 디지털 I/O 플랜지 디지털 I/O 의 이름을 각각 설정할 수 있습니다 . 3 제어기 아날로그 I/O 제어기 아날로그 I/O 의 이름을 각각 설정할 수 있
4. 구성하기 | pages [146] | no_match keyword=0.00 semantic_rank=- | 알아두기 EMGA : Emergency Stop 채널 A(EM1) LED EMGB : Emergency Stop 채널 B(EM2) LED PRDA : Protective Stop 채널 A(PR1) LED PRDB : Protective Stop 채널 B(PR2) LED 주의 이 단자는 연결 끊김 및 선간 단락을 체크하기
5. 원격 제어 모드 | pages [260] | no_match keyword=0.00 semantic_rank=- | 항목 설명 1 제어기 디지털 입력 제어기 디지털 입력 설정을 표시합니다 . 2 안전 입력 안전 입력 설정을 표시합니다 . 3 제어기 디지털 출력 제어기 디지털 출력 설정을 표시합니다 . 4 플랜지 디지털 입력 플랜지 디지털 입력 설정을 표시합니다 . 5 플랜지 디지털 출력 플랜지 디지털 출력 설정을 표시합니다 . 6 제어
6. 6.10.2 I/O Overview | pages [333] | no_match keyword=0.12 semantic_rank=- | I/O Overview 화면 구성 항목 설명 1 제어기 디지털 입력 제어기 디지털 입력 설정을 할 수 있습니다 . 2 안전 입력 안전 입력 설정을 할 수 있습니다 . 3 제어기 디지털 출력 제어기 디지털 출력 설정을 할 수 있습니다 . 4 제어기 아날로그 입력 제어기 아날로그 입력 설정을 할 수 있습니다 . 5 제어기 아
7. 6.7.1 Robot Settings | pages [199] | no_match keyword=0.12 semantic_rank=- | 메뉴 구성 항목 설명 1 Supply Voltage 공급 전압을 설정 하는 기능을 제공 합니다 . 0V(=Off)/ 12V/ 24V 중 한개의 전압을 선택 할 수 있습니다 . 2 Digital Output Type 디지털 출력 타입을 X1, X2 포트별로 각각 설정하는 기능을 제공합니다 . 로봇 모델이 A 모델일 경우에는
8. ................................................................ 126 | pages [5] | no_match keyword=0.00 semantic_rank=- | 4.1 플랜지 I/O.......................................................................................... 126 4.1.1 Schematic Diagram ..................................................
9. 구성하기 | pages [140] | no_match keyword=0.25 semantic_rank=19 | Configurable 디지털 입출력 (I/O) 을 일반적인 디지털 입출력 (I/O) 으로 사용할 경우 , 전압용 솔밸브와 같은 저전류 장 비의 구동 또는 PLC 시스템이나 주변장치와 신호 교환 등 다양한 방법으로 활용할 수 있습니다 . 이와 같은 방법을 사 용하는 방법은 아래와 같습니다 . Dry Contact 입력을
10. 구성하기 | pages [141] | no_match keyword=0.00 semantic_rank=- | 단순부하를 구동하는 경우 TBCO1~ TBCO4 단자블록의 Oxx 단자와 GIO 단자 사이에 부하를 연결하는 방식입니다 . 각각의 단자는 최대 1A 까지 출력이 가능하지만 , 전체 구동가능한 총 전류량은 발열량과 부하에 따라 제한될 수 있습니다 . 공장출고 세팅대로 내부의 전원을 통해 디지털 I/O 의 전원 (VIO/GI",1,O,"page; keyword:활성화,24v,비활성화,open,상태; semantic_rank:3","1. 플랜지 디지털 출력 사양 | pages [130] | page; keyword:활성화,24v,비활성화,open,상태; semantic_rank:3 | 플랜지 디지털 출력은 PNP 사양으로 Photo coupler 출력이 output 에 구성되어 있습니다 . 디지털 출력이 활성화되면 해당 출력 채널의 상태는 +24V 가 됩니다 . 디지털 출력이 비활성화 되면 해당 출력 채널의 상태는 open(floating) 됩니다 . 디지털 출력의 전기적 사양은 아래와 같습니다 . P
2. 플랜지 디지털 출력 사양 | pages [131] | keyword:활성화,24v,비활성화,open,상태; semantic_rank:2 | 플랜지 입출력 (I/O) 초기 전원은 24V 로 설정되어 있으며 , 12V 또는 0V 로 설정 가능합니다 . 디지털 출력이 활성화되면 해당 출력 채널의 상태는 12V 또는 24V 가 출력됩니다 . 디지털 출력이 비활성화 되면 해당 출력 채널의 상태는 open(floating) 됩니다 . 디지털 출력의 전기적 사양은 아래와
3. 6.10.2 I/O Overview | pages [336] | keyword:활성화,되고,비활성화; semantic_rank:4 | 플랜지 디지털 출력 1. 플랜지에 연결된 기기의 포트 번호를 확인하십시오 . 포트 번호에 해당하는 On/Off 아이콘을 눌러 디지털 출력을 활성화하거나 비활성화하십시오 . On 아이콘을 누르면 색상이 연두색으로 변경되고 해당 포트가 활성화됩니다 . Off 아이콘을 누르면 색상이 연두색으로 변경되고 해당 포트가 비활성화됩니
4. 6.10.2 I/O Overview | pages [335] | keyword:활성화,되고,비활성화,상태; semantic_rank:13 | 제어기 디지털 출력 1. 컨트롤러나 플랜지에 연결된 기기의 포트 번호를 확인하십시오 . 포트 번호에 해당하는 On/Off 아이콘을 눌러 디지털 출력을 활성화하거나 비활성화하십시오 . On 아이콘을 누르면 색상이 연두색으로 변경되고 해당 포트가 활성화됩니다 . Off 아이콘을 누르면 색상이 연두색으로 변경되고 해당 포트가
5. 6.10.2 I/O Overview | pages [336] | no_match keyword=0.12 semantic_rank=- | 컨트롤러 아날로그 출력에 있는 드롭다운 목록을 눌러 설정할 항목을 선택하십시오 . 선택한 항목에 따라 드롭다운 목록 오른쪽에 아날로그 출력 정보가 표시됩니다 . 아날로그 출력 신호 타입의 기본값은 전압입니다 . 아날로그 출력 값을 변경하십시오 . 플랜지 입출력 플랜지 디지털 입력 1. 플랜지에 연결된 기기의 포트 번호를
6. 플랜지 디지털 입력 사양 | pages [131] | no_match keyword=0.12 semantic_rank=- | 플랜지 디지털 입력은 Photo coupler 입력으로 구성되어 있습니다 . 입력 24V 기준으로 전류는 내부 저항에 의해 5mA 로 제한됩니다 . 디지털 입력의 전기적 사양은 아래와 같습니다 . Parameter Min Type Max Unit Input voltage 0 - 26 V Logical high 4.4 -
7. ................................................................ 126 | pages [5] | no_match keyword=0.00 semantic_rank=- | 4.1 플랜지 I/O.......................................................................................... 126 4.1.1 Schematic Diagram ..................................................
8. 모듈 | pages [331] | no_match keyword=0.00 semantic_rank=- | Status 모듈은 제어기 , 플랜지의 입출력 및 통신 레지스터를 모니터링할 수 있는 모듈입니다 .
9. 구성하기 | pages [140] | no_match keyword=0.25 semantic_rank=19 | Configurable 디지털 입출력 (I/O) 을 일반적인 디지털 입출력 (I/O) 으로 사용할 경우 , 전압용 솔밸브와 같은 저전류 장 비의 구동 또는 PLC 시스템이나 주변장치와 신호 교환 등 다양한 방법으로 활용할 수 있습니다 . 이와 같은 방법을 사 용하는 방법은 아래와 같습니다 . Dry Contact 입력을
10. 색상 | pages [19] | semantic_rank:11 | 기타 상태 모드 상태 설명 플랜지 and/or 베이스 LED - Backdrive Hold 6 개 축의 브레이크가 모두 체결되어 , 무동력동작 잠김상태입 니다 . 노란색 깜박임 Backdrive Release 브레이크 해제를 선택하여 1 개 이상 조인트의 브레이크가 풀 린 상태입니다 . 브레이크를 다시 체결하지 않은 상태",1,O,1,O,1,O,1,O
Q51,추가,플랜지 아날로그 입력 기능에서 설정 가능한 입력 모드는 무엇입니까?,툴 플랜지/아날로그 입력,사양 확인형,전압 모드(0~10V) 또는 전류 모드(4~20mA)로 설정 가능함,page_132_img_0_0.png,8,△,"page; keyword:전압,모드,10v,전류,20ma; semantic_rank:1","1. 원격 제어 모드 | pages [260] | no_match keyword=0.17 semantic_rank=- | 항목 설명 1 제어기 디지털 입력 제어기 디지털 입력 설정을 표시합니다 . 2 안전 입력 안전 입력 설정을 표시합니다 . 3 제어기 디지털 출력 제어기 디지털 출력 설정을 표시합니다 . 4 플랜지 디지털 입력 플랜지 디지털 입력 설정을 표시합니다 . 5 플랜지 디지털 출력 플랜지 디지털 출력 설정을 표시합니다 . 6 제어
2. 6.10.2 I/O Overview | pages [333] | no_match keyword=0.00 semantic_rank=- | I/O Overview 화면 구성 항목 설명 1 제어기 디지털 입력 제어기 디지털 입력 설정을 할 수 있습니다 . 2 안전 입력 안전 입력 설정을 할 수 있습니다 . 3 제어기 디지털 출력 제어기 디지털 출력 설정을 할 수 있습니다 . 4 제어기 아날로그 입력 제어기 아날로그 입력 설정을 할 수 있습니다 . 5 제어기 아
3. 6.10.2 I/O Overview | pages [337] | no_match keyword=0.00 semantic_rank=- | 플랜지 아날로그 입력 1. 플랜지 아날로그 입력에 있는 드롭다운 목록을 눌러 확인할 항목을 선택하십시오 . 선택한 항목에 따라 화면에 표시되는 플랜지 아날로그 입력 정보를 확인하십시오 . 알아두기 플랜지 아날로그 입력 값은 상태창에서 입력 값을 설정할 수 없습니다 .
4. 6.7.1 Robot Settings | pages [187] | no_match keyword=0.00 semantic_rank=- | I/O Alias & Mount I/O Alias 메뉴 구성 항목 설명 1 제어기 디지털 I/O 제어기 디지털 I/O 의 이름을 각각 설정할 수 있습니다 . 2 플랜지 디지털 I/O 플랜지 디지털 I/O 의 이름을 각각 설정할 수 있습니다 . 3 제어기 아날로그 I/O 제어기 아날로그 I/O 의 이름을 각각 설정할 수 있
5. 6.10.2 I/O Overview | pages [336] | no_match keyword=0.17 semantic_rank=19 | 컨트롤러 아날로그 출력에 있는 드롭다운 목록을 눌러 설정할 항목을 선택하십시오 . 선택한 항목에 따라 드롭다운 목록 오른쪽에 아날로그 출력 정보가 표시됩니다 . 아날로그 출력 신호 타입의 기본값은 전압입니다 . 아날로그 출력 값을 변경하십시오 . 플랜지 입출력 플랜지 디지털 입력 1. 플랜지에 연결된 기기의 포트 번호를
6. ................................................................ 126 | pages [5] | no_match keyword=0.17 semantic_rank=- | 4.1 플랜지 I/O.......................................................................................... 126 4.1.1 Schematic Diagram ..................................................
7. 안전정격 정지기능 | pages [24] | no_match keyword=0.17 semantic_rank=- | 알아두기 비상 정지는 방호조치 (Safeguarding) 가 아니라 , 추가적 보호조치 (complementary protective measure) 로 사용해야 합니다 . 비상 정지의 안전정지 모드는 SS1(Safe Stop 1) 이 기본으로 설정되어 있습니다 . 로봇 애플리케이션에 대한 위험성 평가 결과 , 필요하다고
8. 플랜지 아날로그 입력 사양 | pages [132] | page; keyword:전압,모드,10v,전류,20ma; semantic_rank:1 | 외부 기기로부터 전압 또는 전류 신호를 입력 받습니다 . 아날로그 입력 기능은 전압 모드 (0~10V) 또는 전류 모드 (4~20mA, default) 로 설정 가능합니다 . 상세 전원 사양은 아래 표를 참조하시어 연결하시기 바랍니다 . Parameter Min Type Max Unit 전압 모드에서의 입력 전압 0 -
9. 테스트하기 | pages [96] | no_match keyword=0.00 semantic_rank=- | 제어기 디지털 입력 (p. 333) 제어기 디지털 출력 (p. 333) 제어기 아날로그 입력 (p. 333) 제어기 아날로그 출력 (p.
10. 구성하기 | pages [134] | keyword:전압,모드,전류; semantic_rank:2 | 컨트롤러는 전압모드 또는 전류모드로 설정할 수 있는 아날로그 I/O 2 단자를 제공합니다 . 아날로그 I/O 로 구동되는 외부기기를 이용하여 전압 / 전류를 출력하거나 , 아날로그 전압 / 전류를 출력하는 센서로부터 신호를 입력 받을 수 있 습니다 . 아날로그 입력 정확도를 최대한 확보하기 위해 다음 사항을 준수하십시오",3,O,"keyword:전압,모드,전류; semantic_rank:2","1. 6.10.2 I/O Overview | pages [337] | no_match keyword=0.00 semantic_rank=- | 플랜지 아날로그 입력 1. 플랜지 아날로그 입력에 있는 드롭다운 목록을 눌러 확인할 항목을 선택하십시오 . 선택한 항목에 따라 화면에 표시되는 플랜지 아날로그 입력 정보를 확인하십시오 . 알아두기 플랜지 아날로그 입력 값은 상태창에서 입력 값을 설정할 수 없습니다 .
2. 6.10.2 I/O Overview | pages [336] | no_match keyword=0.17 semantic_rank=19 | 컨트롤러 아날로그 출력에 있는 드롭다운 목록을 눌러 설정할 항목을 선택하십시오 . 선택한 항목에 따라 드롭다운 목록 오른쪽에 아날로그 출력 정보가 표시됩니다 . 아날로그 출력 신호 타입의 기본값은 전압입니다 . 아날로그 출력 값을 변경하십시오 . 플랜지 입출력 플랜지 디지털 입력 1. 플랜지에 연결된 기기의 포트 번호를
3. 구성하기 | pages [134] | keyword:전압,모드,전류; semantic_rank:2 | 컨트롤러는 전압모드 또는 전류모드로 설정할 수 있는 아날로그 I/O 2 단자를 제공합니다 . 아날로그 I/O 로 구동되는 외부기기를 이용하여 전압 / 전류를 출력하거나 , 아날로그 전압 / 전류를 출력하는 센서로부터 신호를 입력 받을 수 있 습니다 . 아날로그 입력 정확도를 최대한 확보하기 위해 다음 사항을 준수하십시오
4. 플랜지 아날로그 입력 사양 | pages [132] | page; keyword:전압,모드,10v,전류,20ma; semantic_rank:1 | 외부 기기로부터 전압 또는 전류 신호를 입력 받습니다 . 아날로그 입력 기능은 전압 모드 (0~10V) 또는 전류 모드 (4~20mA, default) 로 설정 가능합니다 . 상세 전원 사양은 아래 표를 참조하시어 연결하시기 바랍니다 . Parameter Min Type Max Unit 전압 모드에서의 입력 전압 0 -
5. 플랜지 디지털 입력 사양 | pages [131] | semantic_rank:13 | 플랜지 디지털 입력은 Photo coupler 입력으로 구성되어 있습니다 . 입력 24V 기준으로 전류는 내부 저항에 의해 5mA 로 제한됩니다 . 디지털 입력의 전기적 사양은 아래와 같습니다 . Parameter Min Type Max Unit Input voltage 0 - 26 V Logical high 4.4 -
6. 플랜지 디지털 출력 사양 | pages [131] | semantic_rank:3 | 플랜지 입출력 (I/O) 초기 전원은 24V 로 설정되어 있으며 , 12V 또는 0V 로 설정 가능합니다 . 디지털 출력이 활성화되면 해당 출력 채널의 상태는 12V 또는 24V 가 출력됩니다 . 디지털 출력이 비활성화 되면 해당 출력 채널의 상태는 open(floating) 됩니다 . 디지털 출력의 전기적 사양은 아래와
7. 플랜지 디지털 출력 사양 | pages [130] | no_match keyword=0.00 semantic_rank=18 | 플랜지 디지털 출력은 PNP 사양으로 Photo coupler 출력이 output 에 구성되어 있습니다 . 디지털 출력이 활성화되면 해당 출력 채널의 상태는 +24V 가 됩니다 . 디지털 출력이 비활성화 되면 해당 출력 채널의 상태는 open(floating) 됩니다 . 디지털 출력의 전기적 사양은 아래와 같습니다 . P
8. 6.10.2 I/O Overview | pages [333] | no_match keyword=0.00 semantic_rank=- | I/O Overview 화면 구성 항목 설명 1 제어기 디지털 입력 제어기 디지털 입력 설정을 할 수 있습니다 . 2 안전 입력 안전 입력 설정을 할 수 있습니다 . 3 제어기 디지털 출력 제어기 디지털 출력 설정을 할 수 있습니다 . 4 제어기 아날로그 입력 제어기 아날로그 입력 설정을 할 수 있습니다 . 5 제어기 아
9. ................................................................ 126 | pages [5] | no_match keyword=0.17 semantic_rank=- | 4.1 플랜지 I/O.......................................................................................... 126 4.1.1 Schematic Diagram ..................................................
10. 원격 제어 모드 | pages [260] | no_match keyword=0.17 semantic_rank=- | 항목 설명 1 제어기 디지털 입력 제어기 디지털 입력 설정을 표시합니다 . 2 안전 입력 안전 입력 설정을 표시합니다 . 3 제어기 디지털 출력 제어기 디지털 출력 설정을 표시합니다 . 4 플랜지 디지털 입력 플랜지 디지털 입력 설정을 표시합니다 . 5 플랜지 디지털 출력 플랜지 디지털 출력 설정을 표시합니다 . 6 제어",3,O,2,O,1,O,1,O
Q52,추가,컨트롤러 I/O 단자를 통해 연결할 수 있는 대표적인 안전기기에는 무엇이 있습니까?,제어기 I/O/외부 장치 연결,장치 확인형,"비상정지 스위치, 라이트 커튼, 안전 매트 등을 연결할 수 있음",page_133_img_0_0.jpeg,1,O,"page; keyword:비상정지,스위치,라이트,커튼,안전,매트; semantic_rank:2","1. 연결 | pages [133] | page; keyword:비상정지,스위치,라이트,커튼,안전,매트; semantic_rank:2 | 컨트롤러 I/O 단자를 이용하여 매니퓰레이터와 티치펜던트 이외에 외부 장비를 컨트롤러와 연결하여 사용할 수 있습 니다 . 비상정지 스위치 , 라이트 커튼 , 안전 매트와 같은 안전기기와 더불어 공압용 솔밸브 , 릴레이 , PLC, 컨베이어 벨 트 엔코더 등 로봇 작업 셀을 구성할 때 필요한 다양한 주변기기를 연결할 수 있
2. 구성하기 | pages [137] | no_match keyword=0.00 semantic_rank=- | 컨트롤러는 외부 엔코더를 입력할 수 있는 TBEN 2 개 단자를 제공합니다 . 엔코더의 A, B, Z 상을 입력 받을 수 있으며 입력전압 12Vdc 기준으로 카운트합니다 . 또한 S 상은 컨베이어의 Start 센서로 사용이 가능합니다 .
3. 구성하기 | pages [142] | no_match keyword=0.11 semantic_rank=- | Negative common & Sink type 입력기기와 연결하는 경우 디지털 IO 의 출력을 Sink type 의 입력기기와 연결하는 경우 , TBCO1 ~ TBCO4 단자블록의 Oxx 단자를 외부기기의 입 력단자에 연결하고 , GIO 를 외부기기의 Negative common 에 연결하여 공통 ground 를 구성
4. 로봇 모션 속성 알아보기 | pages [267] | no_match keyword=0.00 semantic_rank=- | 대표적인 모션인 MoveJ 와 MoveL 명령어의 속성 (Property) 화면입니다 . 이 외의 모션에서도 거의 유사한 속성들을 확인할 수 있습니다 . 최소한의 설정으로 모션을 생성하는 경우 자세 정보 ( 아래 그림의 5 번 ) 만 입력하시면 됩니다 .
5. 구성하기 | pages [143] | keyword:스위치,라이트,커튼,안전,연결할 | Configurable 디지털 IO 를 Safety IO 로 사용할 경우 O01 & O02, … , O15 & O16, I01 & I02, .. I15 & I16 으로 인접한 두 개의 IO 단자를 동일 안전신호로 이중화하여 입출력 할 수 있습니다 . 안전용 접점 출력 단자 (TBSFT) 의 전용입력단자는 오직 접점형태 (
6. 안전정격 입출력 | pages [27] | keyword:스위치,안전,등을,연결할 | 두산로봇은 안전보호장치로부터 보호 장치 , 비상 정지 스위치 , 활성화 스위치 및 제어 장치 등을 연결할 수 있는 안전 정격 입력 인터페이스를 제공합니다 . 또한 로봇의 모드 및 상태 정보는 물론 TCP 가 다양한 유형의 안전 영역에 있는 지 여부를 출력할 수 있는 안전 정격 출력 인터페이스를 제공합니다 . 안전 기능 기
7. 이동 및 설치를 위한 인양 지점 | pages [97] | no_match keyword=0.11 semantic_rank=- | 제품의 전원을 연결할 때 , 전원 플러그와 케이블을 젖은 손으로 마지지 마십시오 .
8. 로봇의 모드 | pages [15] | no_match keyword=0.22 semantic_rank=- | 수동 모드 (Manual Mode) 로봇이 사용자의 직접적인 개입을 통하여 작동되는 모드입니다 . 작동과 관련된 버튼을 누르고 있는 상태에서만 로봇 이 움직이며 , 버튼에서 손을 떼면 로봇이 작동을 멈춥니다 . 수동 모드에서는 로봇 안전 규정에 따라 TCP 의 이동 속도가 250 mm/s 이하로 제한됩니다 . 단 , 핸드
9. 구성하기 | pages [134] | no_match keyword=0.00 semantic_rank=- | 컨트롤러는 전압모드 또는 전류모드로 설정할 수 있는 아날로그 I/O 2 단자를 제공합니다 . 아날로그 I/O 로 구동되는 외부기기를 이용하여 전압 / 전류를 출력하거나 , 아날로그 전압 / 전류를 출력하는 센서로부터 신호를 입력 받을 수 있 습니다 . 아날로그 입력 정확도를 최대한 확보하기 위해 다음 사항을 준수하십시오
10. 시스템 연결 | pages [119] | no_match keyword=0.22 semantic_rank=- | 컨트롤러와 티치펜던트 연결하기 티치펜던트 케이블을 컨트롤러의 해당 연결부에 딸깍 소리가 날 때까지 연결하여 케이블이 빠지지 않도록 하십시오 . 컨트롤러가 전자파 노이즈의 영향을 받거나 다른 기기에 영향을 줄 경우 정상적인 사용을 위해 매니퓰 레이터 케이블 양단에 페라이트코어를 설치하는 것을 권장합니다 . 설치 위치는 아래",1,O,"page; keyword:비상정지,스위치,라이트,커튼,안전,매트; semantic_rank:2","1. 연결 | pages [133] | page; keyword:비상정지,스위치,라이트,커튼,안전,매트; semantic_rank:2 | 컨트롤러 I/O 단자를 이용하여 매니퓰레이터와 티치펜던트 이외에 외부 장비를 컨트롤러와 연결하여 사용할 수 있습 니다 . 비상정지 스위치 , 라이트 커튼 , 안전 매트와 같은 안전기기와 더불어 공압용 솔밸브 , 릴레이 , PLC, 컨베이어 벨 트 엔코더 등 로봇 작업 셀을 구성할 때 필요한 다양한 주변기기를 연결할 수 있
2. 구성하기 | pages [145] | keyword:비상정지,스위치,라이트,커튼,안전,매트 | 컨트롤러의 안전 입출력 (Safety I/O) 은 안전장치 연결을 위한 이중화된 전용 접점입력단자로 구성되어 있습니다 . 이 단자는 용도에 따라 두 영역으로 나누어져 있습니다 . 하부 2 쌍의 External Emergency Contact In: 외부 비상 스위치 등 비상정지에 필요한 장치 연결 상부 2 쌍의 Prote
3. 이동 및 설치를 위한 인양 지점 | pages [97] | no_match keyword=0.11 semantic_rank=- | 컨트롤러와 연결하여 사용할 안전 장비는 반드시 안전용 접점입력 단자 또는 Safety IO 로 설정한 Configurable 디지털 IO 에 이중신호로 연결하십시오 . 일반 IO 에 연결하거나 단일신호로 연결하여 사용 할 경우 , 규정된 안전수준을 달성할 수 없습니다 .
4. 로봇 시스템 구성 및 설명 | pages [102] | keyword:스위치,등을,연결할; semantic_rank:12 | 컨트롤러 No. 항목 설명 1 I/O 연결 단자 ( 내부 ) 다른 로봇의 컨트롤러나 주변 기기와 연결할 수 있습니다 . 2 네트워크 연결 단자 컨트롤러 내 네트워크 연결단자에 연결하여 랩탑 , TCP/IP 장비 , Modbus 장비 등을 사용할 수 있습니다 . 3 전원 연결 단 자 / 스위치 컨트롤러의 주 전원을 연결하여
5. 구성하기 | pages [143] | keyword:스위치,라이트,커튼,안전,연결할 | Configurable 디지털 IO 를 Safety IO 로 사용할 경우 O01 & O02, … , O15 & O16, I01 & I02, .. I15 & I16 으로 인접한 두 개의 IO 단자를 동일 안전신호로 이중화하여 입출력 할 수 있습니다 . 안전용 접점 출력 단자 (TBSFT) 의 전용입력단자는 오직 접점형태 (
6. 6.7.3 Safety Settings | pages [215] | no_match keyword=0.11 semantic_rank=- | 항목 설명 10 Save 해당 설정을 저장할 수 있습니다 . Safety I/O 이중화된 단자로 안전 관련 신호를 입출력하는 기능입니다 . 안전 입출력 신호 중 어느 하나라도 이중화된 신호가 다 른 것이 감지되면 단선이나 하드웨어 고장으로 판단하여 로봇을 STO 정지 모드로 정지시킵니다 . 안전 신호 입출력 (Safety
7. (CS-12P) | pages [397] | no_match keyword=0.22 semantic_rank=18 | 제품 소개 (CS-12P) 각 부 명칭과 기능 번호 항목 설명 1 I/O 연결 단자 ( 내부 ) 다른 로봇의 컨트롤러나 주변 기기와 연결할 수 있 습니다 . 2 전원 스위치 컨트롤러의 주 전원을 켜거나 끌 수 있습니다 . 3 티치펜던트 케이블 연결 단자 티치펜던트의 케이블을 컨트롤러와 연결합니다 . 4 로봇 케이블 연결
8. 구성하기 | pages [139] | no_match keyword=0.11 semantic_rank=- | 컨트롤러에는 디지털 입력 16 개 , 디지털 출력 16 개의 디지털 I/O 가 구성되어 있습니다 . 아래 그림과 같은 디지털 I/O 는 로봇 제어에 필요한 주변기기와 연결하여 사용하거나 이중화된 Safety IO 로 설정하여 안전신호 입출력 용도로 사 용할 수 있습니다 . Configurable 디지털 I/O 의 전기적
9. 구성하기 | pages [144] | no_match keyword=0.11 semantic_rank=- | VIO 와 GIO 는 컨트롤러 전면에 위치한 Safety Controller 의 디지털 I/O 에 사용되는 전원으로 , 컨트롤러 내부의 SMPS 에서 공급하는 VCC24V 와 GND 와 분리되어 있습니다 . 만약 , 사용자가 Configurable 디지털 I/O 용으로 2A 이하의 전류 를 사용하고 , IO 연결기기와 컨
10. 구성하기 | pages [147] | no_match keyword=0.11 semantic_rank=- | Safety Controller 는 테스트펄스가 포함된 안전신호를 연결 가능한 전용 안전 입력단자 (SI1, SI2, SI3, SI4) 를 제공합 니다 . Protective Device 는 위험상황을 감지했을 때 로봇 등의 기계에 신호를 전달하기 위한 출력을 갖고있습니다 . Protective Device 는 이 신호의",1,O,1,O,1,O,1,O
Q53,추가,컨트롤러의 외부 엔코더 입력 단자 TBEN은 어떤 엔코더 상을 입력받을 수 있습니까?,제어기 I/O/엔코더 입력,배선 확인형,"A상, B상, Z상을 입력받을 수 있음",page_137_img_0_0.jpeg,3,O,page; semantic_rank:4,"1. ................................................................ 126 | pages [5] | no_match keyword=0.00 semantic_rank=- | 4.1 플랜지 I/O.......................................................................................... 126 4.1.1 Schematic Diagram ..................................................
2. 연결 | pages [133] | no_match keyword=0.00 semantic_rank=- | 컨트롤러 I/O 단자를 이용하여 매니퓰레이터와 티치펜던트 이외에 외부 장비를 컨트롤러와 연결하여 사용할 수 있습 니다 . 비상정지 스위치 , 라이트 커튼 , 안전 매트와 같은 안전기기와 더불어 공압용 솔밸브 , 릴레이 , PLC, 컨베이어 벨 트 엔코더 등 로봇 작업 셀을 구성할 때 필요한 다양한 주변기기를 연결할 수 있
3. 구성하기 | pages [137] | page; semantic_rank:4 | 컨트롤러는 외부 엔코더를 입력할 수 있는 TBEN 2 개 단자를 제공합니다 . 엔코더의 A, B, Z 상을 입력 받을 수 있으며 입력전압 12Vdc 기준으로 카운트합니다 . 또한 S 상은 컨베이어의 Start 센서로 사용이 가능합니다 .
4. (CS-12P) | pages [397] | no_match keyword=0.00 semantic_rank=- | 제품 소개 (CS-12P) 각 부 명칭과 기능 번호 항목 설명 1 I/O 연결 단자 ( 내부 ) 다른 로봇의 컨트롤러나 주변 기기와 연결할 수 있 습니다 . 2 전원 스위치 컨트롤러의 주 전원을 켜거나 끌 수 있습니다 . 3 티치펜던트 케이블 연결 단자 티치펜던트의 케이블을 컨트롤러와 연결합니다 . 4 로봇 케이블 연결
5. 로봇 시스템 구성 및 설명 | pages [102] | no_match keyword=0.00 semantic_rank=- | 컨트롤러 No. 항목 설명 1 I/O 연결 단자 ( 내부 ) 다른 로봇의 컨트롤러나 주변 기기와 연결할 수 있습니다 . 2 네트워크 연결 단자 컨트롤러 내 네트워크 연결단자에 연결하여 랩탑 , TCP/IP 장비 , Modbus 장비 등을 사용할 수 있습니다 . 3 전원 연결 단 자 / 스위치 컨트롤러의 주 전원을 연결하여
6. 구성하기 | pages [140] | no_match keyword=0.29 semantic_rank=- | Configurable 디지털 입출력 (I/O) 을 일반적인 디지털 입출력 (I/O) 으로 사용할 경우 , 전압용 솔밸브와 같은 저전류 장 비의 구동 또는 PLC 시스템이나 주변장치와 신호 교환 등 다양한 방법으로 활용할 수 있습니다 . 이와 같은 방법을 사 용하는 방법은 아래와 같습니다 . Dry Contact 입력을
7. 구성하기 | pages [141] | no_match keyword=0.00 semantic_rank=- | 단순부하를 구동하는 경우 TBCO1~ TBCO4 단자블록의 Oxx 단자와 GIO 단자 사이에 부하를 연결하는 방식입니다 . 각각의 단자는 최대 1A 까지 출력이 가능하지만 , 전체 구동가능한 총 전류량은 발열량과 부하에 따라 제한될 수 있습니다 . 공장출고 세팅대로 내부의 전원을 통해 디지털 I/O 의 전원 (VIO/GI
8. 로봇 시스템 구성 및 설명 | pages [102] | no_match keyword=0.00 semantic_rank=- | 4 USB 연결 단자 로봇 동작 중 발생하는 로그를 USB 저장매체에 저장하거나 태스크 내보내기 , 가져 오기를 할 수 있습니다 . 5 매니퓰레이터 케이블 연결 단 자 매니퓰레이터의 케이블을 컨트롤러와 연결합니다 . 6 티치펜던트 케 이블 연결 단자 티치펜던트의 케이블을 컨트롤러와 연결합니다 .
9. (Safety I/O) | pages [35] | no_match keyword=0.14 semantic_rank=- | 신호명 설명 Safe Torque Off (L) High: 로봇이 서보 오프 , 비상 정지 상태가 아님 Low: 로봇이 서보 오프 , 비상 정지 상태 Safe Operating Stop (L) High : 로봇이 대기 상태 (Standby State) 가 아님 Low : 로봇이 대기 상태 (Standby State) 이고
10. 구성하기 | pages [145] | no_match keyword=0.00 semantic_rank=- | 컨트롤러의 안전 입출력 (Safety I/O) 은 안전장치 연결을 위한 이중화된 전용 접점입력단자로 구성되어 있습니다 . 이 단자는 용도에 따라 두 영역으로 나누어져 있습니다 . 하부 2 쌍의 External Emergency Contact In: 외부 비상 스위치 등 비상정지에 필요한 장치 연결 상부 2 쌍의 Prote",1,O,page; semantic_rank:4,"1. 구성하기 | pages [137] | page; semantic_rank:4 | 컨트롤러는 외부 엔코더를 입력할 수 있는 TBEN 2 개 단자를 제공합니다 . 엔코더의 A, B, Z 상을 입력 받을 수 있으며 입력전압 12Vdc 기준으로 카운트합니다 . 또한 S 상은 컨베이어의 Start 센서로 사용이 가능합니다 .
2. 구성하기 | pages [136] | no_match keyword=0.00 semantic_rank=- | 전압 / 전류 출력 TBAIO 단자블록의 AOx 단자와 GND 단자 사이에서 외부기기로 전압 또는 전류 신호를 출력합니다 . 상대기기의 입력 이 전압인 경우 , 0 ~10Vdc 신호를 출력합니다 . 상대기기의 입력이 전류인 경우 4~20mA 신호를 출력할 수 있습니다 . 상대 기기의 입력신호 ( 전압 / 전류 ) 에 따라
3. 구성하기 | pages [145] | no_match keyword=0.00 semantic_rank=- | 컨트롤러의 안전 입출력 (Safety I/O) 은 안전장치 연결을 위한 이중화된 전용 접점입력단자로 구성되어 있습니다 . 이 단자는 용도에 따라 두 영역으로 나누어져 있습니다 . 하부 2 쌍의 External Emergency Contact In: 외부 비상 스위치 등 비상정지에 필요한 장치 연결 상부 2 쌍의 Prote
4. 구성하기 | pages [135] | no_match keyword=0.00 semantic_rank=- | Terminal 매개변수 사양 [AOx-GND] 전류 - [AOx-GND] 저항 1 ohm [AOx-GND] 분해능 16 bit 전압 / 전류 입력 TBAIO 단자블록의 AIx 단자와 GND 단자 사이에 외부기기로부터 전압 또는 전류 신호를 입력 받습니다 . 상대기기의 출력이 전압인 경우 , 0 ~10Vdc 신호를 입력으
5. 연결 | pages [133] | no_match keyword=0.00 semantic_rank=- | 컨트롤러 I/O 단자를 이용하여 매니퓰레이터와 티치펜던트 이외에 외부 장비를 컨트롤러와 연결하여 사용할 수 있습 니다 . 비상정지 스위치 , 라이트 커튼 , 안전 매트와 같은 안전기기와 더불어 공압용 솔밸브 , 릴레이 , PLC, 컨베이어 벨 트 엔코더 등 로봇 작업 셀을 구성할 때 필요한 다양한 주변기기를 연결할 수 있
6. 구성하기 | pages [147] | no_match keyword=0.00 semantic_rank=- | Safety Controller 는 테스트펄스가 포함된 안전신호를 연결 가능한 전용 안전 입력단자 (SI1, SI2, SI3, SI4) 를 제공합 니다 . Protective Device 는 위험상황을 감지했을 때 로봇 등의 기계에 신호를 전달하기 위한 출력을 갖고있습니다 . Protective Device 는 이 신호의
7. 구성하기 | pages [134] | no_match keyword=0.00 semantic_rank=- | 컨트롤러는 전압모드 또는 전류모드로 설정할 수 있는 아날로그 I/O 2 단자를 제공합니다 . 아날로그 I/O 로 구동되는 외부기기를 이용하여 전압 / 전류를 출력하거나 , 아날로그 전압 / 전류를 출력하는 센서로부터 신호를 입력 받을 수 있 습니다 . 아날로그 입력 정확도를 최대한 확보하기 위해 다음 사항을 준수하십시오
8. ................................................................ 126 | pages [5] | no_match keyword=0.00 semantic_rank=- | 4.1 플랜지 I/O.......................................................................................... 126 4.1.1 Schematic Diagram ..................................................
9. 구성하기 | pages [140] | no_match keyword=0.29 semantic_rank=- | Configurable 디지털 입출력 (I/O) 을 일반적인 디지털 입출력 (I/O) 으로 사용할 경우 , 전압용 솔밸브와 같은 저전류 장 비의 구동 또는 PLC 시스템이나 주변장치와 신호 교환 등 다양한 방법으로 활용할 수 있습니다 . 이와 같은 방법을 사 용하는 방법은 아래와 같습니다 . Dry Contact 입력을
10. 구성하기 | pages [137] | page | 신호입력 정확도를 최대한 확보하기 위해 다음 사항을 준수하십시오 . 노이즈 저감을 위하여 쉴드 트위스트 페어 된 케이블을 사용하십시오 . 케이블 쉴드는 컨트롤러 내부 접지단자에 연결하십시오 . S 상 입력의 경우 플로팅 상태를 방지하기 위하여 센서 종류 (NPN/PNP) 에 따라 풀업 , 풀다운 저항을 연결하십시오 . 아",1,O,1,O,1,O,1,O
Q54,추가,컨트롤러의 Configurable 디지털 I/O는 디지털 입력과 디지털 출력을 각각 몇 개씩 제공합니까?,제어기 I/O/디지털 입출력,사양 확인형,디지털 입력 16개와 디지털 출력 16개로 구성됨,page_139_img_0_0.jpeg,1,O,semantic_rank:12,"1. 6.7.1 Robot Settings | pages [187] | semantic_rank:12 | I/O Alias & Mount I/O Alias 메뉴 구성 항목 설명 1 제어기 디지털 I/O 제어기 디지털 I/O 의 이름을 각각 설정할 수 있습니다 . 2 플랜지 디지털 I/O 플랜지 디지털 I/O 의 이름을 각각 설정할 수 있습니다 . 3 제어기 아날로그 I/O 제어기 아날로그 I/O 의 이름을 각각 설정할 수 있
2. 6.10.2 I/O Overview | pages [336] | semantic_rank:15 | 플랜지 디지털 출력 1. 플랜지에 연결된 기기의 포트 번호를 확인하십시오 . 포트 번호에 해당하는 On/Off 아이콘을 눌러 디지털 출력을 활성화하거나 비활성화하십시오 . On 아이콘을 누르면 색상이 연두색으로 변경되고 해당 포트가 활성화됩니다 . Off 아이콘을 누르면 색상이 연두색으로 변경되고 해당 포트가 비활성화됩니
3. 구성하기 | pages [139] | page; semantic_rank:1 | 컨트롤러에는 디지털 입력 16 개 , 디지털 출력 16 개의 디지털 I/O 가 구성되어 있습니다 . 아래 그림과 같은 디지털 I/O 는 로봇 제어에 필요한 주변기기와 연결하여 사용하거나 이중화된 Safety IO 로 설정하여 안전신호 입출력 용도로 사 용할 수 있습니다 . Configurable 디지털 I/O 의 전기적
4. 6.10.2 I/O Overview | pages [335] | no_match keyword=0.20 semantic_rank=19 | 제어기 디지털 출력 1. 컨트롤러나 플랜지에 연결된 기기의 포트 번호를 확인하십시오 . 포트 번호에 해당하는 On/Off 아이콘을 눌러 디지털 출력을 활성화하거나 비활성화하십시오 . On 아이콘을 누르면 색상이 연두색으로 변경되고 해당 포트가 활성화됩니다 . Off 아이콘을 누르면 색상이 연두색으로 변경되고 해당 포트가
5. 6.7.1 Robot Settings | pages [199] | semantic_rank:8 | 메뉴 구성 항목 설명 1 Supply Voltage 공급 전압을 설정 하는 기능을 제공 합니다 . 0V(=Off)/ 12V/ 24V 중 한개의 전압을 선택 할 수 있습니다 . 2 Digital Output Type 디지털 출력 타입을 X1, X2 포트별로 각각 설정하는 기능을 제공합니다 . 로봇 모델이 A 모델일 경우에는
6. 구성하기 | pages [144] | no_match keyword=0.20 semantic_rank=- | VIO 와 GIO 는 컨트롤러 전면에 위치한 Safety Controller 의 디지털 I/O 에 사용되는 전원으로 , 컨트롤러 내부의 SMPS 에서 공급하는 VCC24V 와 GND 와 분리되어 있습니다 . 만약 , 사용자가 Configurable 디지털 I/O 용으로 2A 이하의 전류 를 사용하고 , IO 연결기기와 컨
7. ................................................................ 126 | pages [5] | semantic_rank:13 | 4.1 플랜지 I/O.......................................................................................... 126 4.1.1 Schematic Diagram ..................................................
8. 구성하기 | pages [140] | semantic_rank:10 | Configurable 디지털 입출력 (I/O) 을 일반적인 디지털 입출력 (I/O) 으로 사용할 경우 , 전압용 솔밸브와 같은 저전류 장 비의 구동 또는 PLC 시스템이나 주변장치와 신호 교환 등 다양한 방법으로 활용할 수 있습니다 . 이와 같은 방법을 사 용하는 방법은 아래와 같습니다 . Dry Contact 입력을
9. 구성하기 | pages [143] | no_match keyword=0.20 semantic_rank=- | Configurable 디지털 IO 를 Safety IO 로 사용할 경우 O01 & O02, … , O15 & O16, I01 & I02, .. I15 & I16 으로 인접한 두 개의 IO 단자를 동일 안전신호로 이중화하여 입출력 할 수 있습니다 . 안전용 접점 출력 단자 (TBSFT) 의 전용입력단자는 오직 접점형태 (
10. 원격 제어 모드 | pages [260] | semantic_rank:4 | 항목 설명 1 제어기 디지털 입력 제어기 디지털 입력 설정을 표시합니다 . 2 안전 입력 안전 입력 설정을 표시합니다 . 3 제어기 디지털 출력 제어기 디지털 출력 설정을 표시합니다 . 4 플랜지 디지털 입력 플랜지 디지털 입력 설정을 표시합니다 . 5 플랜지 디지털 출력 플랜지 디지털 출력 설정을 표시합니다 . 6 제어",1,O,page; semantic_rank:1,"1. 구성하기 | pages [139] | page; semantic_rank:1 | 컨트롤러에는 디지털 입력 16 개 , 디지털 출력 16 개의 디지털 I/O 가 구성되어 있습니다 . 아래 그림과 같은 디지털 I/O 는 로봇 제어에 필요한 주변기기와 연결하여 사용하거나 이중화된 Safety IO 로 설정하여 안전신호 입출력 용도로 사 용할 수 있습니다 . Configurable 디지털 I/O 의 전기적
2. 구성하기 | pages [140] | semantic_rank:10 | Configurable 디지털 입출력 (I/O) 을 일반적인 디지털 입출력 (I/O) 으로 사용할 경우 , 전압용 솔밸브와 같은 저전류 장 비의 구동 또는 PLC 시스템이나 주변장치와 신호 교환 등 다양한 방법으로 활용할 수 있습니다 . 이와 같은 방법을 사 용하는 방법은 아래와 같습니다 . Dry Contact 입력을
3. 구성하기 | pages [144] | no_match keyword=0.20 semantic_rank=- | VIO 와 GIO 는 컨트롤러 전면에 위치한 Safety Controller 의 디지털 I/O 에 사용되는 전원으로 , 컨트롤러 내부의 SMPS 에서 공급하는 VCC24V 와 GND 와 분리되어 있습니다 . 만약 , 사용자가 Configurable 디지털 I/O 용으로 2A 이하의 전류 를 사용하고 , IO 연결기기와 컨
4. 6.10.2 I/O Overview | pages [333] | semantic_rank:2 | I/O Overview 화면 구성 항목 설명 1 제어기 디지털 입력 제어기 디지털 입력 설정을 할 수 있습니다 . 2 안전 입력 안전 입력 설정을 할 수 있습니다 . 3 제어기 디지털 출력 제어기 디지털 출력 설정을 할 수 있습니다 . 4 제어기 아날로그 입력 제어기 아날로그 입력 설정을 할 수 있습니다 . 5 제어기 아
5. 구성하기 | pages [134] | no_match keyword=0.00 semantic_rank=- | 컨트롤러는 전압모드 또는 전류모드로 설정할 수 있는 아날로그 I/O 2 단자를 제공합니다 . 아날로그 I/O 로 구동되는 외부기기를 이용하여 전압 / 전류를 출력하거나 , 아날로그 전압 / 전류를 출력하는 센서로부터 신호를 입력 받을 수 있 습니다 . 아날로그 입력 정확도를 최대한 확보하기 위해 다음 사항을 준수하십시오
6. 원격 제어 모드 | pages [260] | semantic_rank:4 | 항목 설명 1 제어기 디지털 입력 제어기 디지털 입력 설정을 표시합니다 . 2 안전 입력 안전 입력 설정을 표시합니다 . 3 제어기 디지털 출력 제어기 디지털 출력 설정을 표시합니다 . 4 플랜지 디지털 입력 플랜지 디지털 입력 설정을 표시합니다 . 5 플랜지 디지털 출력 플랜지 디지털 출력 설정을 표시합니다 . 6 제어
7. 6.7.1 Robot Settings | pages [199] | semantic_rank:8 | 메뉴 구성 항목 설명 1 Supply Voltage 공급 전압을 설정 하는 기능을 제공 합니다 . 0V(=Off)/ 12V/ 24V 중 한개의 전압을 선택 할 수 있습니다 . 2 Digital Output Type 디지털 출력 타입을 X1, X2 포트별로 각각 설정하는 기능을 제공합니다 . 로봇 모델이 A 모델일 경우에는
8. 플랜지 디지털 출력 사양 | pages [131] | semantic_rank:5 | 플랜지 입출력 (I/O) 초기 전원은 24V 로 설정되어 있으며 , 12V 또는 0V 로 설정 가능합니다 . 디지털 출력이 활성화되면 해당 출력 채널의 상태는 12V 또는 24V 가 출력됩니다 . 디지털 출력이 비활성화 되면 해당 출력 채널의 상태는 open(floating) 됩니다 . 디지털 출력의 전기적 사양은 아래와
9. 6.9.11 Signal Commands | pages [327] | no_match keyword=0.20 semantic_rank=- | Digital I/O Analog I/O Industrial Ethernet Modbus TCP/RTU TCP Client/Server Serial Communication 2. 타입별 설정 : Digital I/O : 포트 번호 선택 Analog I/O : 포트 번호 선택 , 타입 선택 Industrial Etherne
10. 연결 | pages [133] | no_match keyword=0.20 semantic_rank=- | 컨트롤러 I/O 단자를 이용하여 매니퓰레이터와 티치펜던트 이외에 외부 장비를 컨트롤러와 연결하여 사용할 수 있습 니다 . 비상정지 스위치 , 라이트 커튼 , 안전 매트와 같은 안전기기와 더불어 공압용 솔밸브 , 릴레이 , PLC, 컨베이어 벨 트 엔코더 등 로봇 작업 셀을 구성할 때 필요한 다양한 주변기기를 연결할 수 있",1,O,1,O,1,O,1,O
Q55,추가,단순 부하를 구동할 때 TBCO 단자블록에서 부하는 어떤 단자 사이에 연결합니까?,제어기 I/O/디지털 출력 배선,배선 확인형,TBCO1~TBCO4의 Oxx 단자와 GIO 단자 사이에 부하를 연결함,page_141_img_1_0.jpeg,1,O,"page; keyword:tbco1,tbco4,oxx,단자와,단자,gio; semantic_rank:1","1. 구성하기 | pages [141] | page; keyword:tbco1,tbco4,oxx,단자와,단자,gio; semantic_rank:1 | 단순부하를 구동하는 경우 TBCO1~ TBCO4 단자블록의 Oxx 단자와 GIO 단자 사이에 부하를 연결하는 방식입니다 . 각각의 단자는 최대 1A 까지 출력이 가능하지만 , 전체 구동가능한 총 전류량은 발열량과 부하에 따라 제한될 수 있습니다 . 공장출고 세팅대로 내부의 전원을 통해 디지털 I/O 의 전원 (VIO/GI
2. 구성하기 | pages [135] | keyword:단자와,단자,사이에,사이; semantic_rank:3 | Terminal 매개변수 사양 [AOx-GND] 전류 - [AOx-GND] 저항 1 ohm [AOx-GND] 분해능 16 bit 전압 / 전류 입력 TBAIO 단자블록의 AIx 단자와 GND 단자 사이에 외부기기로부터 전압 또는 전류 신호를 입력 받습니다 . 상대기기의 출력이 전압인 경우 , 0 ~10Vdc 신호를 입력으
3. 구성하기 | pages [142] | keyword:tbco1,tbco4,oxx,단자와,단자,gio; semantic_rank:2 | Negative common & Sink type 입력기기와 연결하는 경우 디지털 IO 의 출력을 Sink type 의 입력기기와 연결하는 경우 , TBCO1 ~ TBCO4 단자블록의 Oxx 단자를 외부기기의 입 력단자에 연결하고 , GIO 를 외부기기의 Negative common 에 연결하여 공통 ground 를 구성
4. (CS-12P) | pages [397] | semantic_rank:13 | 제품 소개 (CS-12P) 각 부 명칭과 기능 번호 항목 설명 1 I/O 연결 단자 ( 내부 ) 다른 로봇의 컨트롤러나 주변 기기와 연결할 수 있 습니다 . 2 전원 스위치 컨트롤러의 주 전원을 켜거나 끌 수 있습니다 . 3 티치펜던트 케이블 연결 단자 티치펜던트의 케이블을 컨트롤러와 연결합니다 . 4 로봇 케이블 연결
5. 서보 온 알아보기 | pages [177] | no_match keyword=0.00 semantic_rank=- | 서보 온 (Servo On) 이란 조인트에 전원을 투입하여 로봇 암을 구동할 수 있는 대기 상태를 의미합니다 . 비상 정지 버 튼을 누르거나 안전을 위한 제한 사항을 위반하는 상황이 발생하면 서보 오프 (Servo Off) 상태가 됩니다 . 서보 오프 상태에서는 조인트에 전원이 차단되어 로봇 암을 구동할 수 없으며 로봇
6. ................................................................ 126 | pages [5] | semantic_rank:7 | 4.1 플랜지 I/O.......................................................................................... 126 4.1.1 Schematic Diagram ..................................................
7. 로봇 시스템 구성 및 설명 | pages [102] | semantic_rank:10 | 4 USB 연결 단자 로봇 동작 중 발생하는 로그를 USB 저장매체에 저장하거나 태스크 내보내기 , 가져 오기를 할 수 있습니다 . 5 매니퓰레이터 케이블 연결 단 자 매니퓰레이터의 케이블을 컨트롤러와 연결합니다 . 6 티치펜던트 케 이블 연결 단자 티치펜던트의 케이블을 컨트롤러와 연결합니다 .
8. 로봇 시스템 구성 및 설명 | pages [102] | semantic_rank:15 | 컨트롤러 No. 항목 설명 1 I/O 연결 단자 ( 내부 ) 다른 로봇의 컨트롤러나 주변 기기와 연결할 수 있습니다 . 2 네트워크 연결 단자 컨트롤러 내 네트워크 연결단자에 연결하여 랩탑 , TCP/IP 장비 , Modbus 장비 등을 사용할 수 있습니다 . 3 전원 연결 단 자 / 스위치 컨트롤러의 주 전원을 연결하여
9. 잠재적 위험 | pages [43] | no_match keyword=0.17 semantic_rank=- | 베이스에 매니퓰레이터 설치 중 사이에 손가락 끼임 매니퓰레이터의 Upper 와 Lower 모듈 사이에 신체 끼임 (Joint3(J3) 과 (Joint4(J4) 사이의 신체 끼임 ). Joint1, 2(J1, J2) 와 Joint5, 6(J5, J6) 사이에 신체 끼임 툴의 날카로운 가장자리나 날카로운 부분이 피부 관통 로
10. 화면 | pages [387] | no_match keyword=0.00 semantic_rank=- | 2 홈 포지션 버튼 버튼 클릭 시 홈 포지션으로 이동합니다 . 3 정렬 버튼 버튼 클릭 시 정렬합니다 . 4 기준 좌표계 선택 포지션의 기준 좌표계를 선택합니다 . 5 툴 축 TCP 의 어떤 축을 정렬 시킬지 선택합니다 . 6 목표 방향 정렬 시킬 때의 방향을 선택합니다 . 7 정렬 방법 선택 정렬 방법을 선택합니다 .",1,O,"page; keyword:tbco1,tbco4,oxx,단자와,단자,gio; semantic_rank:1","1. 구성하기 | pages [141] | page; keyword:tbco1,tbco4,oxx,단자와,단자,gio; semantic_rank:1 | 단순부하를 구동하는 경우 TBCO1~ TBCO4 단자블록의 Oxx 단자와 GIO 단자 사이에 부하를 연결하는 방식입니다 . 각각의 단자는 최대 1A 까지 출력이 가능하지만 , 전체 구동가능한 총 전류량은 발열량과 부하에 따라 제한될 수 있습니다 . 공장출고 세팅대로 내부의 전원을 통해 디지털 I/O 의 전원 (VIO/GI
2. 구성하기 | pages [142] | keyword:tbco1,tbco4,oxx,단자와,단자,gio; semantic_rank:2 | Negative common & Sink type 입력기기와 연결하는 경우 디지털 IO 의 출력을 Sink type 의 입력기기와 연결하는 경우 , TBCO1 ~ TBCO4 단자블록의 Oxx 단자를 외부기기의 입 력단자에 연결하고 , GIO 를 외부기기의 Negative common 에 연결하여 공통 ground 를 구성
3. 연결 | pages [133] | semantic_rank:5 | 컨트롤러 I/O 단자를 이용하여 매니퓰레이터와 티치펜던트 이외에 외부 장비를 컨트롤러와 연결하여 사용할 수 있습 니다 . 비상정지 스위치 , 라이트 커튼 , 안전 매트와 같은 안전기기와 더불어 공압용 솔밸브 , 릴레이 , PLC, 컨베이어 벨 트 엔코더 등 로봇 작업 셀을 구성할 때 필요한 다양한 주변기기를 연결할 수 있
4. 구성하기 | pages [145] | semantic_rank:12 | 컨트롤러의 안전 입출력 (Safety I/O) 은 안전장치 연결을 위한 이중화된 전용 접점입력단자로 구성되어 있습니다 . 이 단자는 용도에 따라 두 영역으로 나누어져 있습니다 . 하부 2 쌍의 External Emergency Contact In: 외부 비상 스위치 등 비상정지에 필요한 장치 연결 상부 2 쌍의 Prote
5. 구성하기 | pages [143] | semantic_rank:9 | Configurable 디지털 IO 를 Safety IO 로 사용할 경우 O01 & O02, … , O15 & O16, I01 & I02, .. I15 & I16 으로 인접한 두 개의 IO 단자를 동일 안전신호로 이중화하여 입출력 할 수 있습니다 . 안전용 접점 출력 단자 (TBSFT) 의 전용입력단자는 오직 접점형태 (
6. 구성하기 | pages [136] | keyword:단자와,단자,사이에,사이; semantic_rank:4 | 전압 / 전류 출력 TBAIO 단자블록의 AOx 단자와 GND 단자 사이에서 외부기기로 전압 또는 전류 신호를 출력합니다 . 상대기기의 입력 이 전압인 경우 , 0 ~10Vdc 신호를 출력합니다 . 상대기기의 입력이 전류인 경우 4~20mA 신호를 출력할 수 있습니다 . 상대 기기의 입력신호 ( 전압 / 전류 ) 에 따라
7. (CS-12P) | pages [397] | semantic_rank:13 | 제품 소개 (CS-12P) 각 부 명칭과 기능 번호 항목 설명 1 I/O 연결 단자 ( 내부 ) 다른 로봇의 컨트롤러나 주변 기기와 연결할 수 있 습니다 . 2 전원 스위치 컨트롤러의 주 전원을 켜거나 끌 수 있습니다 . 3 티치펜던트 케이블 연결 단자 티치펜던트의 케이블을 컨트롤러와 연결합니다 . 4 로봇 케이블 연결
8. ................................................................ 126 | pages [5] | semantic_rank:7 | 4.1 플랜지 I/O.......................................................................................... 126 4.1.1 Schematic Diagram ..................................................
9. 구성하기 | pages [140] | keyword:단자와,단자,gio,사이에,사이; semantic_rank:8 | Configurable 디지털 입출력 (I/O) 을 일반적인 디지털 입출력 (I/O) 으로 사용할 경우 , 전압용 솔밸브와 같은 저전류 장 비의 구동 또는 PLC 시스템이나 주변장치와 신호 교환 등 다양한 방법으로 활용할 수 있습니다 . 이와 같은 방법을 사 용하는 방법은 아래와 같습니다 . Dry Contact 입력을
10. 로봇 시스템 구성 및 설명 | pages [102] | semantic_rank:15 | 컨트롤러 No. 항목 설명 1 I/O 연결 단자 ( 내부 ) 다른 로봇의 컨트롤러나 주변 기기와 연결할 수 있습니다 . 2 네트워크 연결 단자 컨트롤러 내 네트워크 연결단자에 연결하여 랩탑 , TCP/IP 장비 , Modbus 장비 등을 사용할 수 있습니다 . 3 전원 연결 단 자 / 스위치 컨트롤러의 주 전원을 연결하여",1,O,1,O,1,O,1,O
Q56,추가,Sink type 입력기기와 연결할 때 Oxx 단자와 GIO 단자는 각각 어디에 연결합니까?,제어기 I/O/Sink 배선,배선 확인형,"Oxx는 외부기기의 입력단자에, GIO는 Negative common에 연결함",page_142_img_0_0.jpeg,1,O,"page; keyword:oxx,외부기기의,외부기기,gio,negative,common; semantic_rank:1","1. 구성하기 | pages [142] | page; keyword:oxx,외부기기의,외부기기,gio,negative,common; semantic_rank:1 | Negative common & Sink type 입력기기와 연결하는 경우 디지털 IO 의 출력을 Sink type 의 입력기기와 연결하는 경우 , TBCO1 ~ TBCO4 단자블록의 Oxx 단자를 외부기기의 입 력단자에 연결하고 , GIO 를 외부기기의 Negative common 에 연결하여 공통 ground 를 구성
2. 구성하기 | pages [141] | semantic_rank:6 | 단순부하를 구동하는 경우 TBCO1~ TBCO4 단자블록의 Oxx 단자와 GIO 단자 사이에 부하를 연결하는 방식입니다 . 각각의 단자는 최대 1A 까지 출력이 가능하지만 , 전체 구동가능한 총 전류량은 발열량과 부하에 따라 제한될 수 있습니다 . 공장출고 세팅대로 내부의 전원을 통해 디지털 I/O 의 전원 (VIO/GI
3. 구성하기 | pages [140] | semantic_rank:2 | Configurable 디지털 입출력 (I/O) 을 일반적인 디지털 입출력 (I/O) 으로 사용할 경우 , 전압용 솔밸브와 같은 저전류 장 비의 구동 또는 PLC 시스템이나 주변장치와 신호 교환 등 다양한 방법으로 활용할 수 있습니다 . 이와 같은 방법을 사 용하는 방법은 아래와 같습니다 . Dry Contact 입력을
4. 4.1.1 Schematic Diagram | pages [128] | semantic_rank:8 | X1 커넥터가 제공하는 상세한 I/O 구성은 아래 표를 참조하시기 바랍니다 . X1 구성 No Signal type Description 1 디지털 입력 1 PNP (Source Type, default) 2 디지털 출력 1 PNP (Source Type, default) / NPN (Sink Type) 선택 3 디지털
5. 플랜지 디지털 출력 사양 | pages [130] | no_match keyword=0.00 semantic_rank=- | 플랜지 디지털 출력은 PNP 사양으로 Photo coupler 출력이 output 에 구성되어 있습니다 . 디지털 출력이 활성화되면 해당 출력 채널의 상태는 +24V 가 됩니다 . 디지털 출력이 비활성화 되면 해당 출력 채널의 상태는 open(floating) 됩니다 . 디지털 출력의 전기적 사양은 아래와 같습니다 . P
6. 구성하기 | pages [139] | semantic_rank:10 | 컨트롤러에는 디지털 입력 16 개 , 디지털 출력 16 개의 디지털 I/O 가 구성되어 있습니다 . 아래 그림과 같은 디지털 I/O 는 로봇 제어에 필요한 주변기기와 연결하여 사용하거나 이중화된 Safety IO 로 설정하여 안전신호 입출력 용도로 사 용할 수 있습니다 . Configurable 디지털 I/O 의 전기적
7. 4.1.1 Schematic Diagram | pages [129] | no_match keyword=0.00 semantic_rank=- | Parameter Min Type Max Unit Supply voltage (12V mode) 11.4 12 12.6 V Supply voltage (24V mode) 22.8 24 25.2 V Supply current - - 1.5 A 경고 전원 차단 시 어떠한 위험상황이 발생하지 않도록 Tool 과 그리퍼를 구성하
8. 6.7.1 Robot Settings | pages [199] | no_match keyword=0.00 semantic_rank=- | 메뉴 구성 항목 설명 1 Supply Voltage 공급 전압을 설정 하는 기능을 제공 합니다 . 0V(=Off)/ 12V/ 24V 중 한개의 전압을 선택 할 수 있습니다 . 2 Digital Output Type 디지털 출력 타입을 X1, X2 포트별로 각각 설정하는 기능을 제공합니다 . 로봇 모델이 A 모델일 경우에는
9. 6.7.1 Robot Settings | pages [187] | no_match keyword=0.00 semantic_rank=- | I/O Alias & Mount I/O Alias 메뉴 구성 항목 설명 1 제어기 디지털 I/O 제어기 디지털 I/O 의 이름을 각각 설정할 수 있습니다 . 2 플랜지 디지털 I/O 플랜지 디지털 I/O 의 이름을 각각 설정할 수 있습니다 . 3 제어기 아날로그 I/O 제어기 아날로그 I/O 의 이름을 각각 설정할 수 있
10. 구성하기 | pages [144] | semantic_rank:4 | VIO 와 GIO 는 컨트롤러 전면에 위치한 Safety Controller 의 디지털 I/O 에 사용되는 전원으로 , 컨트롤러 내부의 SMPS 에서 공급하는 VCC24V 와 GND 와 분리되어 있습니다 . 만약 , 사용자가 Configurable 디지털 I/O 용으로 2A 이하의 전류 를 사용하고 , IO 연결기기와 컨",1,O,"page; keyword:oxx,외부기기의,외부기기,gio,negative,common; semantic_rank:1","1. 구성하기 | pages [142] | page; keyword:oxx,외부기기의,외부기기,gio,negative,common; semantic_rank:1 | Negative common & Sink type 입력기기와 연결하는 경우 디지털 IO 의 출력을 Sink type 의 입력기기와 연결하는 경우 , TBCO1 ~ TBCO4 단자블록의 Oxx 단자를 외부기기의 입 력단자에 연결하고 , GIO 를 외부기기의 Negative common 에 연결하여 공통 ground 를 구성
2. 구성하기 | pages [140] | semantic_rank:2 | Configurable 디지털 입출력 (I/O) 을 일반적인 디지털 입출력 (I/O) 으로 사용할 경우 , 전압용 솔밸브와 같은 저전류 장 비의 구동 또는 PLC 시스템이나 주변장치와 신호 교환 등 다양한 방법으로 활용할 수 있습니다 . 이와 같은 방법을 사 용하는 방법은 아래와 같습니다 . Dry Contact 입력을
3. 구성하기 | pages [144] | semantic_rank:4 | VIO 와 GIO 는 컨트롤러 전면에 위치한 Safety Controller 의 디지털 I/O 에 사용되는 전원으로 , 컨트롤러 내부의 SMPS 에서 공급하는 VCC24V 와 GND 와 분리되어 있습니다 . 만약 , 사용자가 Configurable 디지털 I/O 용으로 2A 이하의 전류 를 사용하고 , IO 연결기기와 컨
4. 구성하기 | pages [135] | semantic_rank:3 | Terminal 매개변수 사양 [AOx-GND] 전류 - [AOx-GND] 저항 1 ohm [AOx-GND] 분해능 16 bit 전압 / 전류 입력 TBAIO 단자블록의 AIx 단자와 GND 단자 사이에 외부기기로부터 전압 또는 전류 신호를 입력 받습니다 . 상대기기의 출력이 전압인 경우 , 0 ~10Vdc 신호를 입력으
5. 구성하기 | pages [143] | semantic_rank:7 | Configurable 디지털 IO 를 Safety IO 로 사용할 경우 O01 & O02, … , O15 & O16, I01 & I02, .. I15 & I16 으로 인접한 두 개의 IO 단자를 동일 안전신호로 이중화하여 입출력 할 수 있습니다 . 안전용 접점 출력 단자 (TBSFT) 의 전용입력단자는 오직 접점형태 (
6. 4.1.1 Schematic Diagram | pages [128] | semantic_rank:8 | X1 커넥터가 제공하는 상세한 I/O 구성은 아래 표를 참조하시기 바랍니다 . X1 구성 No Signal type Description 1 디지털 입력 1 PNP (Source Type, default) 2 디지털 출력 1 PNP (Source Type, default) / NPN (Sink Type) 선택 3 디지털
7. 구성하기 | pages [141] | semantic_rank:6 | 단순부하를 구동하는 경우 TBCO1~ TBCO4 단자블록의 Oxx 단자와 GIO 단자 사이에 부하를 연결하는 방식입니다 . 각각의 단자는 최대 1A 까지 출력이 가능하지만 , 전체 구동가능한 총 전류량은 발열량과 부하에 따라 제한될 수 있습니다 . 공장출고 세팅대로 내부의 전원을 통해 디지털 I/O 의 전원 (VIO/GI
8. 이동 및 설치를 위한 인양 지점 | pages [97] | semantic_rank:9 | 컨트롤러와 연결하여 사용할 안전 장비는 반드시 안전용 접점입력 단자 또는 Safety IO 로 설정한 Configurable 디지털 IO 에 이중신호로 연결하십시오 . 일반 IO 에 연결하거나 단일신호로 연결하여 사용 할 경우 , 규정된 안전수준을 달성할 수 없습니다 .
9. 구성하기 | pages [136] | semantic_rank:5 | 전압 / 전류 출력 TBAIO 단자블록의 AOx 단자와 GND 단자 사이에서 외부기기로 전압 또는 전류 신호를 출력합니다 . 상대기기의 입력 이 전압인 경우 , 0 ~10Vdc 신호를 출력합니다 . 상대기기의 입력이 전류인 경우 4~20mA 신호를 출력할 수 있습니다 . 상대 기기의 입력신호 ( 전압 / 전류 ) 에 따라
10. 연결 | pages [133] | semantic_rank:11 | 컨트롤러 I/O 단자를 이용하여 매니퓰레이터와 티치펜던트 이외에 외부 장비를 컨트롤러와 연결하여 사용할 수 있습 니다 . 비상정지 스위치 , 라이트 커튼 , 안전 매트와 같은 안전기기와 더불어 공압용 솔밸브 , 릴레이 , PLC, 컨베이어 벨 트 엔코더 등 로봇 작업 셀을 구성할 때 필요한 다양한 주변기기를 연결할 수 있",1,O,2,O,1,O,2,O
Q57,추가,테스트 펄스가 포함된 안전신호를 연결할 수 있는 Safety Controller 전용 안전 입력 단자는 무엇입니까?,안전 I/O/테스트 펄스,배선 확인형,"SI1, SI2, SI3, SI4 단자",page_147_img_0_0.jpeg,1,O,"page; keyword:si1,si2,si3,si4,단자; semantic_rank:1","1. 구성하기 | pages [147] | page; keyword:si1,si2,si3,si4,단자; semantic_rank:1 | Safety Controller 는 테스트펄스가 포함된 안전신호를 연결 가능한 전용 안전 입력단자 (SI1, SI2, SI3, SI4) 를 제공합 니다 . Protective Device 는 위험상황을 감지했을 때 로봇 등의 기계에 신호를 전달하기 위한 출력을 갖고있습니다 . Protective Device 는 이 신호의
2. 구성하기 | pages [146] | semantic_rank:11 | 알아두기 EMGA : Emergency Stop 채널 A(EM1) LED EMGB : Emergency Stop 채널 B(EM2) LED PRDA : Protective Stop 채널 A(PR1) LED PRDB : Protective Stop 채널 B(PR2) LED 주의 이 단자는 연결 끊김 및 선간 단락을 체크하기
3. 구성하기 | pages [145] | no_match keyword=0.20 semantic_rank=16 | 컨트롤러의 안전 입출력 (Safety I/O) 은 안전장치 연결을 위한 이중화된 전용 접점입력단자로 구성되어 있습니다 . 이 단자는 용도에 따라 두 영역으로 나누어져 있습니다 . 하부 2 쌍의 External Emergency Contact In: 외부 비상 스위치 등 비상정지에 필요한 장치 연결 상부 2 쌍의 Prote
4. 안전정격 입출력 | pages [27] | no_match keyword=0.00 semantic_rank=- | 두산로봇은 안전보호장치로부터 보호 장치 , 비상 정지 스위치 , 활성화 스위치 및 제어 장치 등을 연결할 수 있는 안전 정격 입력 인터페이스를 제공합니다 . 또한 로봇의 모드 및 상태 정보는 물론 TCP 가 다양한 유형의 안전 영역에 있는 지 여부를 출력할 수 있는 안전 정격 출력 인터페이스를 제공합니다 . 안전 기능 기
5. (Safety I/O) | pages [34] | no_match keyword=0.20 semantic_rank=- | TBCI - Protective Stop - STO (L) TBCI - Protective Stop - SS1 (L) TBCI - Protective Stop - SS2 (L) TBCI - Protective Stop (L) - Auto Reset & Resume (R) 보호정지 관련신호가 중단이 가능한 상태그룹과 이에
6. 6.7.4 Safety Setting Review | pages [246] | no_match keyword=0.00 semantic_rank=- | Robot Parameter 모듈 상에서 로봇 데이터 설정 값이 변경 된 경우 Safety Setting Review 팝업을 통해 바뀐 설정 값 들을 저장할 수 있습니다 . Safety Setting Review 팝업은 Header 의 Robot Parameter 파일 정보 항목을 클릭하거나 , Robot Paramete
7. (Safety I/O) | pages [33] | keyword:si1,si2,si3,si4 | 신호명 설명 Safety Zone Dynamic Enable (H) 안전 공간 제한 ( Space Limit ) 또는 구역 ( Zone ) 을 동적으로 활성화 또는 비활성화 시킬 때 사용 가능합니다 . 공간제한 , 구역 설정 시 동적 구역 활성화를 설정한 경우에만 이 신 호를 사용할 수 있습니다 . High : 이 신호에
8. 6.7.3 Safety Settings | pages [211] | no_match keyword=0.00 semantic_rank=- | 티치펜던트에 부착된 비상 정지 버튼을 누르거나 Safety I/O 에 연결한 안전 장치를 통해 로봇을 비상 정지할 수 있습 니다 . 티치펜던트 화면에서 Robot Parameters > Safety Settings > Safety I/O 기능을 활용하여 안전 장치를 비상 정지 또는 보호 정지로 연결할 수 있습니다 . 안전
9. 6.7.3 Safety Settings | pages [220] | no_match keyword=0.00 semantic_rank=- | 안전 정지 / 해제 방법 티치펜던트에 부착된 비상 정지 버튼을 누르거나 Safety I/O 에 연결한 안전 장치를 통해 로봇을 비상 정지할 수 있습 니다 . 티치펜던트 화면에서 Robot Parameters > Safety Settings > Safety I/O 기능을 활용하여 안전 장치를 비상 정지 또는 보호 정지로 연
10. 로봇의 모드 | pages [15] | no_match keyword=0.00 semantic_rank=- | 수동 모드 (Manual Mode) 로봇이 사용자의 직접적인 개입을 통하여 작동되는 모드입니다 . 작동과 관련된 버튼을 누르고 있는 상태에서만 로봇 이 움직이며 , 버튼에서 손을 떼면 로봇이 작동을 멈춥니다 . 수동 모드에서는 로봇 안전 규정에 따라 TCP 의 이동 속도가 250 mm/s 이하로 제한됩니다 . 단 , 핸드",1,O,"page; keyword:si1,si2,si3,si4,단자; semantic_rank:1","1. 구성하기 | pages [147] | page; keyword:si1,si2,si3,si4,단자; semantic_rank:1 | Safety Controller 는 테스트펄스가 포함된 안전신호를 연결 가능한 전용 안전 입력단자 (SI1, SI2, SI3, SI4) 를 제공합 니다 . Protective Device 는 위험상황을 감지했을 때 로봇 등의 기계에 신호를 전달하기 위한 출력을 갖고있습니다 . Protective Device 는 이 신호의
2. 구성하기 | pages [145] | no_match keyword=0.20 semantic_rank=16 | 컨트롤러의 안전 입출력 (Safety I/O) 은 안전장치 연결을 위한 이중화된 전용 접점입력단자로 구성되어 있습니다 . 이 단자는 용도에 따라 두 영역으로 나누어져 있습니다 . 하부 2 쌍의 External Emergency Contact In: 외부 비상 스위치 등 비상정지에 필요한 장치 연결 상부 2 쌍의 Prote
3. 이동 및 설치를 위한 인양 지점 | pages [97] | no_match keyword=0.20 semantic_rank=- | 컨트롤러와 연결하여 사용할 안전 장비는 반드시 안전용 접점입력 단자 또는 Safety IO 로 설정한 Configurable 디지털 IO 에 이중신호로 연결하십시오 . 일반 IO 에 연결하거나 단일신호로 연결하여 사용 할 경우 , 규정된 안전수준을 달성할 수 없습니다 .
4. 구성하기 | pages [146] | semantic_rank:11 | 알아두기 EMGA : Emergency Stop 채널 A(EM1) LED EMGB : Emergency Stop 채널 B(EM2) LED PRDA : Protective Stop 채널 A(PR1) LED PRDB : Protective Stop 채널 B(PR2) LED 주의 이 단자는 연결 끊김 및 선간 단락을 체크하기
5. 구성하기 | pages [143] | no_match keyword=0.20 semantic_rank=- | Configurable 디지털 IO 를 Safety IO 로 사용할 경우 O01 & O02, … , O15 & O16, I01 & I02, .. I15 & I16 으로 인접한 두 개의 IO 단자를 동일 안전신호로 이중화하여 입출력 할 수 있습니다 . 안전용 접점 출력 단자 (TBSFT) 의 전용입력단자는 오직 접점형태 (
6. 연결 | pages [133] | no_match keyword=0.20 semantic_rank=- | 컨트롤러 I/O 단자를 이용하여 매니퓰레이터와 티치펜던트 이외에 외부 장비를 컨트롤러와 연결하여 사용할 수 있습 니다 . 비상정지 스위치 , 라이트 커튼 , 안전 매트와 같은 안전기기와 더불어 공압용 솔밸브 , 릴레이 , PLC, 컨베이어 벨 트 엔코더 등 로봇 작업 셀을 구성할 때 필요한 다양한 주변기기를 연결할 수 있
7. 6.7.3 Safety Settings | pages [215] | no_match keyword=0.20 semantic_rank=- | 항목 설명 10 Save 해당 설정을 저장할 수 있습니다 . Safety I/O 이중화된 단자로 안전 관련 신호를 입출력하는 기능입니다 . 안전 입출력 신호 중 어느 하나라도 이중화된 신호가 다 른 것이 감지되면 단선이나 하드웨어 고장으로 판단하여 로봇을 STO 정지 모드로 정지시킵니다 . 안전 신호 입출력 (Safety
8. (Safety I/O) | pages [31] | no_match keyword=0.20 semantic_rank=- | 이중화된 단자로 안전 관련 신호를 입출력하는 기능입니다 . 안전 입출력 신호 중 어느 하나라도 이중화된 신호가 다 른 것이 감지되면 단선이나 하드웨어 고장으로 판단하여 로봇을 STO 정지 모드로 정지시킵니다 . 안전 신호 입출력 (Safety I/O) 은 Robot Parameter> Safety Settings > Sa
9. 안전정격 감시기능 | pages [26] | no_match keyword=0.00 semantic_rank=- | 안전 기능 안전기능 동작조건 Triggering Event 의도된 동작 Intended result PFHd PL, SIL 5 충돌 감지 Collision Detection 각 축에 가해지는 토크중 어느 하나라도 설정된 충 돌감지 민감도별 각 축 한 계치를 넘어선 경우 설정된 안전 정지모드에 따라 보호정지합니다 . STO
10. 구성하기 | pages [137] | no_match keyword=0.20 semantic_rank=- | 신호입력 정확도를 최대한 확보하기 위해 다음 사항을 준수하십시오 . 노이즈 저감을 위하여 쉴드 트위스트 페어 된 케이블을 사용하십시오 . 케이블 쉴드는 컨트롤러 내부 접지단자에 연결하십시오 . S 상 입력의 경우 플로팅 상태를 방지하기 위하여 센서 종류 (NPN/PNP) 에 따라 풀업 , 풀다운 저항을 연결하십시오 . 아",1,O,1,O,1,O,1,O
Q58,추가,컨트롤러 네트워크 연결에서 WAN 포트와 LAN 포트의 용도는 각각 무엇입니까?,네트워크/포트 연결,기능 확인형,"WAN은 외부 인터넷 망 연결, LAN은 TCP/IP 또는 Modbus 주변기기 연결에 사용됨",page_148_img_0_0.jpeg,1,O,"page; keyword:wan,외부,인터넷,연결,lan,tcp; semantic_rank:1","1. 네트워크 연결 | pages [148] | page; keyword:wan,외부,인터넷,연결,lan,tcp; semantic_rank:1 | 컨트롤러 내 네트워크 연결단자에 연결하여 랩탑 , TCP/IP 장비 , Modbus 장비 등을 사용할 수 있습니다 . 네트워크 용도에 따라 전용 포트에 케이블을 연결하십시오 . WAN: 외부 인터넷 망 연결 LAN: TCP/IP, Modbus 프로토콜을 사용하는 주변 기기 연결 아래 그림의 네트워크 연결 단자에 케이블을
2. 6.7.1 Robot Settings | pages [187] | no_match keyword=0.00 semantic_rank=- | I/O Alias & Mount I/O Alias 메뉴 구성 항목 설명 1 제어기 디지털 I/O 제어기 디지털 I/O 의 이름을 각각 설정할 수 있습니다 . 2 플랜지 디지털 I/O 플랜지 디지털 I/O 의 이름을 각각 설정할 수 있습니다 . 3 제어기 아날로그 I/O 제어기 아날로그 I/O 의 이름을 각각 설정할 수 있
3. 모듈 | pages [375] | no_match keyword=0.00 semantic_rank=- | 조그 이동에 대한 자세한 설명 및 이동과 정렬에 대한 설명은 각각 Jog 화면 (p. 375) 및 Move 화면 (p. 380) 을 참조하십시 오 .
4. 로봇 시스템 구성 및 설명 | pages [102] | semantic_rank:3 | 컨트롤러 No. 항목 설명 1 I/O 연결 단자 ( 내부 ) 다른 로봇의 컨트롤러나 주변 기기와 연결할 수 있습니다 . 2 네트워크 연결 단자 컨트롤러 내 네트워크 연결단자에 연결하여 랩탑 , TCP/IP 장비 , Modbus 장비 등을 사용할 수 있습니다 . 3 전원 연결 단 자 / 스위치 컨트롤러의 주 전원을 연결하여
5. 항목에서 설정하기 | pages [355] | semantic_rank:8 | PLC Ethernet/IP 와 PROFINET 탭으로 구분 되며 , 제어기의 EtherNet/IP 및 PROFINET 네트워크 정보 조회 및 통신 방식 , 데이터 설정을 구성할 수 있는 메뉴입니다 .
6. 6.9.11 Signal Commands | pages [328] | semantic_rank:10 | 프로토콜 설명 주요 용도 FOCAS FANUC CNC CNC 기계 문제 해결 자주 발생하는 문제 1. 연결 실패 네트워크 설정 확인 방화벽 설정 확인 장비 전원 상태 확인 2. 데이터 읽기 / 쓰기 실패 주소 범위 확인 데이터 타입 일치 확인 3. 성능 저하 폴링 주기 조정 불필요한 연결 제거 네트워크 대역폭 확인 디바이
7. 외부 장치 연결 | pages [150] | keyword:외부,연결,lan,ip,연결에; semantic_rank:6 | DRL(Doosan Robot Language) 의 외부 비전센서 기능에 대한 상세한 내용과 통합예제 등은 Programming manual 에서 확인 가능합니다 . 외부 장치 연결 – DART Platform DART Platform 는 Windows OS 기반의 Desktop 이나 Laptop 위에서 실행되는 소프트웨
8. 6.7.1 Robot Settings | pages [199] | no_match keyword=0.00 semantic_rank=- | 메뉴 구성 항목 설명 1 Supply Voltage 공급 전압을 설정 하는 기능을 제공 합니다 . 0V(=Off)/ 12V/ 24V 중 한개의 전압을 선택 할 수 있습니다 . 2 Digital Output Type 디지털 출력 타입을 X1, X2 포트별로 각각 설정하는 기능을 제공합니다 . 로봇 모델이 A 모델일 경우에는
9. 컨트롤러 전원 켜기 | pages [88] | no_match keyword=0.08 semantic_rank=- | MANDATORY EASY 1 MIN 1. 컨트롤러 하단에 있는 전원 스위치를 누르십시오 . 로봇 , 컨트롤러 , 티치펜던트와 같은 시스템에 필요한 전원이 켜 집니다 . 티치펜던트 화면이 켜질 때까지 전원 버튼 ( 그림 2 번 ) 을 길게 누르십시오 . 로봇 제어기와의 네트워크 연결이 완료될 때까지 티치펜던트 LED( 그
10. 외부 장치 연결 | pages [149] | keyword:외부,연결,lan,tcp,ip | 외부 장치 연결 - 비전센서 로봇과 비전센서 ( 물체위치 측정용 2D 카메라 ) 를 연결하여 사용할 수 있으며 , 네트워크를 통해 비전 센서 측정결과를 로봇에게 전달하여 로봇의 작업명령과 연동할 수 있습니다 . 비전센서 설정 통신 연결 설정 네트워크를 통해 비전센서의 측정데이터를 로봇에 전달하기 위하여 장치 간의 LAN",1,O,"page; keyword:wan,외부,인터넷,연결,lan,tcp; semantic_rank:1","1. 네트워크 연결 | pages [148] | page; keyword:wan,외부,인터넷,연결,lan,tcp; semantic_rank:1 | 컨트롤러 내 네트워크 연결단자에 연결하여 랩탑 , TCP/IP 장비 , Modbus 장비 등을 사용할 수 있습니다 . 네트워크 용도에 따라 전용 포트에 케이블을 연결하십시오 . WAN: 외부 인터넷 망 연결 LAN: TCP/IP, Modbus 프로토콜을 사용하는 주변 기기 연결 아래 그림의 네트워크 연결 단자에 케이블을
2. 로봇 시스템 구성 및 설명 | pages [102] | semantic_rank:3 | 컨트롤러 No. 항목 설명 1 I/O 연결 단자 ( 내부 ) 다른 로봇의 컨트롤러나 주변 기기와 연결할 수 있습니다 . 2 네트워크 연결 단자 컨트롤러 내 네트워크 연결단자에 연결하여 랩탑 , TCP/IP 장비 , Modbus 장비 등을 사용할 수 있습니다 . 3 전원 연결 단 자 / 스위치 컨트롤러의 주 전원을 연결하여
3. 외부 장치 연결 | pages [150] | keyword:외부,연결,lan,ip,연결에; semantic_rank:6 | DRL(Doosan Robot Language) 의 외부 비전센서 기능에 대한 상세한 내용과 통합예제 등은 Programming manual 에서 확인 가능합니다 . 외부 장치 연결 – DART Platform DART Platform 는 Windows OS 기반의 Desktop 이나 Laptop 위에서 실행되는 소프트웨
4. 연결 | pages [133] | semantic_rank:9 | 컨트롤러 I/O 단자를 이용하여 매니퓰레이터와 티치펜던트 이외에 외부 장비를 컨트롤러와 연결하여 사용할 수 있습 니다 . 비상정지 스위치 , 라이트 커튼 , 안전 매트와 같은 안전기기와 더불어 공압용 솔밸브 , 릴레이 , PLC, 컨베이어 벨 트 엔코더 등 로봇 작업 셀을 구성할 때 필요한 다양한 주변기기를 연결할 수 있
5. 시스템 연결 | pages [120] | no_match keyword=0.08 semantic_rank=- | 컨트롤러 전원 연결하기 컨트롤러에 전원을 연결하려면 표준 IEC 전원 플러그에 케이블을 연결하십시오 . 연결할 때에는 해당 국가의 표준 전원 플러그가 적용된 케이블을 사용하십시오 . 전원 플러그를 컨트롤러의 해당 연결부에 끝까지 연결하여 빠지지 않도록 하십시오 . 컨트롤러 아래의 표준 IEC C14 플러그와 해당 IEC
6. 구성하기 | pages [144] | no_match keyword=0.15 semantic_rank=- | VIO 와 GIO 는 컨트롤러 전면에 위치한 Safety Controller 의 디지털 I/O 에 사용되는 전원으로 , 컨트롤러 내부의 SMPS 에서 공급하는 VCC24V 와 GND 와 분리되어 있습니다 . 만약 , 사용자가 Configurable 디지털 I/O 용으로 2A 이하의 전류 를 사용하고 , IO 연결기기와 컨
7. 항목에서 설정하기 | pages [355] | semantic_rank:8 | PLC Ethernet/IP 와 PROFINET 탭으로 구분 되며 , 제어기의 EtherNet/IP 및 PROFINET 네트워크 정보 조회 및 통신 방식 , 데이터 설정을 구성할 수 있는 메뉴입니다 .
8. 전원 켜기 | pages [125] | no_match keyword=0.00 semantic_rank=- | 컨트롤러 하단에 전원 차단을 위한 전원 스위치가 설치되어 있습니다 . 컨트롤러 하단에 있는 전원 스위치를 누르십시 오 . 로봇 , 컨트롤러 , 티치펜던트와 같은 시스템에 필요한 전원이 켜집니다 .
9. 6.9.11 Signal Commands | pages [329] | semantic_rank:2 | Modbus RTU : Modbus RTU 프로토콜 통신 FOCAS : FANUC CNC 장비 연동 TCP Client : TCP 클라이언트 통신 TCP Server : TCP 서버 통신 Serial : 시리얼 포트 통신 본 섹션에서는 TCP Client 와 TCP Server 모듈을 활용한 연동 방법을 설명합니다 . 디
10. 구성하기 | pages [137] | no_match keyword=0.08 semantic_rank=- | 컨트롤러는 외부 엔코더를 입력할 수 있는 TBEN 2 개 단자를 제공합니다 . 엔코더의 A, B, Z 상을 입력 받을 수 있으며 입력전압 12Vdc 기준으로 카운트합니다 . 또한 S 상은 컨베이어의 Start 센서로 사용이 가능합니다 .",1,O,1,O,1,O,1,O
Q59,추가,"오른손 법칙에서 좌표계의 X축, Y축, Z축은 각각 어느 손가락에 대응됩니까?",좌표계/오른손 법칙,개념 확인형,"엄지는 X축, 검지는 Y축, 중지는 Z축에 대응됨",page_177_img_1_0.jpeg,6,△,semantic_rank:3,"1. 6.7.2 Tool Settings | pages [202] | no_match keyword=0.00 semantic_rank=- | 플랜지 좌표계의 z 축을 따라 A 각도 회전 2. 1) 을 통해 회전된 좌표계의 y’ 축을 따라 B 각도 회전 3. 2) 를 통해 회전된 좌표계의 z’’ 축을 따라 C 각도 회전 위의 방법을 따라 TCP 값을 설정하는 몇 가지 예를 들어보겠습니다 . [X, Y, Z, A, B, C] = [0, 0, 100, 0, 0, 0
2. 6.7.1 Robot Settings | pages [187] | no_match keyword=0.00 semantic_rank=- | I/O Alias & Mount I/O Alias 메뉴 구성 항목 설명 1 제어기 디지털 I/O 제어기 디지털 I/O 의 이름을 각각 설정할 수 있습니다 . 2 플랜지 디지털 I/O 플랜지 디지털 I/O 의 이름을 각각 설정할 수 있습니다 . 3 제어기 아날로그 I/O 제어기 아날로그 I/O 의 이름을 각각 설정할 수 있
3. 모듈 | pages [375] | no_match keyword=0.00 semantic_rank=- | 조그 이동에 대한 자세한 설명 및 이동과 정렬에 대한 설명은 각각 Jog 화면 (p. 375) 및 Move 화면 (p. 380) 을 참조하십시 오 .
4. 화면 | pages [387] | no_match keyword=0.00 semantic_rank=- | 2 홈 포지션 버튼 버튼 클릭 시 홈 포지션으로 이동합니다 . 3 정렬 버튼 버튼 클릭 시 정렬합니다 . 4 기준 좌표계 선택 포지션의 기준 좌표계를 선택합니다 . 5 툴 축 TCP 의 어떤 축을 정렬 시킬지 선택합니다 . 6 목표 방향 정렬 시킬 때의 방향을 선택합니다 . 7 정렬 방법 선택 정렬 방법을 선택합니다 .
5. 화면 | pages [389] | no_match keyword=0.00 semantic_rank=18 | 항목 설명 2 홈 포지션 버튼 버튼 클릭 시 홈 포지션으로 이동합니다 . 3 정렬 버튼 버튼 클릭 시 정렬합니다 . 4 기준 좌표계 선택 포지션의 기준 좌표계를 선택합니다 . 5 툴 축 TCP 의 어떤 축을 정렬 시킬지 선택합니다 . 6 목표 방향 정렬 시킬 때의 방향을 선택합니다 . 7 정렬 방법 선택 정렬 방법을 선택
6. 6.7.3 Safety Settings | pages [238] | semantic_rank:3 | 항목 설명 기울어진 직육면체 공간 제한 (Space Limit) / 구역 (Zone) 의 형태를 기울어진 직육면체로 구성합니다 . 4 포인트 입력 방식 기울어진 직육면체의 기준점 ( 포인트 1 ), x 축 끝점 ( 포인트 2 ), y 축 끝점 ( 포인트 3 ), z 축 끝점 ( 포인트 4 ) 을 입력한 후 , 포즈 저장
7. 알아보기 | pages [176] | page; semantic_rank:1 | 이를 오른손으로 간단하게 시각화할 수 있습니다 . 오른손을 다음과 같이 만드십시오 . 이를 오른손의 법칙이라고 부르 며 엄지 (X 축 ), 검지 (Y 축 ), 중지 (Z 축 ) 세 손가락이 서로 90 도를 이루도록 만들면 서로 수직인 X, Y, Z 축의 좌표계와 동일 해집니다 . 이제 오른손을 오른손 법칙 데카르트 자세로
8. 6.7.1 Robot Settings | pages [199] | no_match keyword=0.00 semantic_rank=- | 메뉴 구성 항목 설명 1 Supply Voltage 공급 전압을 설정 하는 기능을 제공 합니다 . 0V(=Off)/ 12V/ 24V 중 한개의 전압을 선택 할 수 있습니다 . 2 Digital Output Type 디지털 출력 타입을 X1, X2 포트별로 각각 설정하는 기능을 제공합니다 . 로봇 모델이 A 모델일 경우에는
9. 6.7.3 Safety Settings | pages [215] | no_match keyword=0.00 semantic_rank=- | 항목 설명 10 Save 해당 설정을 저장할 수 있습니다 . Safety I/O 이중화된 단자로 안전 관련 신호를 입출력하는 기능입니다 . 안전 입출력 신호 중 어느 하나라도 이중화된 신호가 다 른 것이 감지되면 단선이나 하드웨어 고장으로 판단하여 로봇을 STO 정지 모드로 정지시킵니다 . 안전 신호 입출력 (Safety
10. 6.7.1 Robot Settings | pages [192] | no_match keyword=0.00 semantic_rank=- | 항목 설명 12 Apply button 설정 값을 적용할 수 있습니다 . User Coordinates 메뉴 구성 항목 설명 1 Add New User Coordinate 을 추가할 수 있습니다 . 100 개 이하로 추가 가능합 니다 . 2 삭제 선택한 User Coordinate 을 삭제할 수 있습니다 . 3 Selec",1,O,page; semantic_rank:1,"1. 알아보기 | pages [176] | page; semantic_rank:1 | 이를 오른손으로 간단하게 시각화할 수 있습니다 . 오른손을 다음과 같이 만드십시오 . 이를 오른손의 법칙이라고 부르 며 엄지 (X 축 ), 검지 (Y 축 ), 중지 (Z 축 ) 세 손가락이 서로 90 도를 이루도록 만들면 서로 수직인 X, Y, Z 축의 좌표계와 동일 해집니다 . 이제 오른손을 오른손 법칙 데카르트 자세로
2. 화면 | pages [377] | semantic_rank:2 | 항목 설명 8 Force Monitoring Base, Tool, World, Reference 등을 기준으로 X, Y, Z 축의 힘을 설정 할 수 있습니다 . 9 기준 좌표계 선택 11 번의 Task 좌표를 표시하거나 jog 할 기준 좌표계를 선택합니다 . Base, World, User coordinate 를 선택할
3. 알아보기 | pages [175] | semantic_rank:4 | 오일러 각 (Euler Angle) 이란 물체의 방향을 서로 수직인 X, Y, Z 축의 각도로 표현하는 방법 중 하나 입니다 . 이때 A, B, C 는 순차적인 회전 각도를 의미합니다 . 로봇 브랜드 마다 이 A, B, C 회전의 순서를 Rz-Ry-Rz, Rz-Ry-Rx 그리고 Rx- Ry-Rz 등으로 다르게 정의합니다
4. 화면 | pages [381] | no_match keyword=0.00 semantic_rank=- | 메뉴 구성 항목 설명 16 기준 좌표계 선택 18 번 Task 좌표에 사용될 기준 좌표계를 선택합니다 . Base, World, User coordinate 를 선택할 수 있습니다 . 17 조인트 자세 현재 로봇 자세와 목표가 될 조인트 자세를 표시합니다 . 18 태스크 자세 선택한 기준 좌표계에 맞는 현재 로봇 자세와
5. 6.7.2 Tool Settings | pages [201] | no_match keyword=0.00 semantic_rank=- | Tool Center Point 공구중심점 (TCP) 를 설정할 때에 플랜지 좌표계를 기준으로 위치와 함께 회전각을 함께 정의해야 합니다 . 이때 , 플랜 지좌표계 기준 원점에서 공구중심점 (TCP) 까지 X, Y, Z 각 방향 별 거리가 10000mm 이상이 되도록 공구중심점 (TCP) 를 설정할 수 없습니다 . 그리고
6. 6.7.2 Tool Settings | pages [202] | no_match keyword=0.00 semantic_rank=- | 플랜지 좌표계의 z 축을 따라 A 각도 회전 2. 1) 을 통해 회전된 좌표계의 y’ 축을 따라 B 각도 회전 3. 2) 를 통해 회전된 좌표계의 z’’ 축을 따라 C 각도 회전 위의 방법을 따라 TCP 값을 설정하는 몇 가지 예를 들어보겠습니다 . [X, Y, Z, A, B, C] = [0, 0, 100, 0, 0, 0
7. 화면 | pages [379] | no_match keyword=0.00 semantic_rank=- | 로봇 베이스 기준으로 실행하기 로봇의 베이스 좌표를 기준으로 로봇을 이동하려면 : 1. 참조 좌표계를 베이스로 선택하십시오 . 태스크 패널에서 각도를 조절할 축 (X~RX) 을 선택하십시오 . 방향 버튼 (+,_) 을 길게 눌러 해당 축을 이동하십시오 . 월드 좌표계를 기준으로 실행하기 월드 좌표를 기준으로 로봇을 이동하
8. 화면 | pages [389] | no_match keyword=0.00 semantic_rank=18 | 항목 설명 2 홈 포지션 버튼 버튼 클릭 시 홈 포지션으로 이동합니다 . 3 정렬 버튼 버튼 클릭 시 정렬합니다 . 4 기준 좌표계 선택 포지션의 기준 좌표계를 선택합니다 . 5 툴 축 TCP 의 어떤 축을 정렬 시킬지 선택합니다 . 6 목표 방향 정렬 시킬 때의 방향을 선택합니다 . 7 정렬 방법 선택 정렬 방법을 선택
9. 로봇 모션 속성 알아보기 | pages [268] | no_match keyword=0.00 semantic_rank=- | 이름 설명 1 주석 (Annotation) Task 창에서 확인이 명령어의 설명 또는 주석 2 기준 좌표계 (Coordinates) MoveJ : 없음 MoveL : 기준 좌표계 (BASE/WORLD/TOOL/USER) 를 기준으로 입력된 자세 (Pose) 정보를 계산 3 이동 유형 선택 1. 절대 (Absolute) 이
10. 6.7.2 Tool Settings | pages [203] | semantic_rank:9 | [X, Y, Z, A, B, C] = [-100, 0, 300, 0, -45, 0]: 45 도 각도를 가진 우측 그리퍼 (TCP Coord.",1,O,6,△,1,O,4,O
Q60,추가,Recovery 모듈은 어떤 상황에서 로봇 위치와 각도를 설정하기 위해 사용합니까?,안전 복구/Recovery,기능 확인형,안전 위반이 지속되는 오류가 발생하거나 운반/포장을 위해 로봇을 설정할 때 사용함,page_181_img_0_0.jpeg,1,O,"page; keyword:안전,위반이,위반,지속되는,지속되,오류가; semantic_rank:1","1. 모듈 | pages [181] | page; keyword:안전,위반이,위반,지속되는,지속되,오류가; semantic_rank:1 | Recovery Module: 안전 위반이 지속되는 오류가 발생하거나 운반 / 운송을 위해 로봇을 포장할 경우 안전복구 모드를 이용해 사용자가 지정한 위치와 각도로 로봇을 설정할 수 있습니다 . Recovery 모듈은 하단의 Recovery 버튼을 통해 들어갈 수 있습니다 . 소프트웨어 복구 : 로봇이 운전 영역을 벗어나
2. 기타 안전 대책 | pages [42] | keyword:안전,위반이,위반,지속되는,지속되,오류가; semantic_rank:2 | 사용자 안전 및 로봇의 안전복구를 위해 안전복구 모드 , 무동력동작 기능을 제공합니다 . 안전복구 모드 : 안전 위반이 지속되는 오류가 발생하거나 로봇을 패키지 할 경우 안전복구 모드에서 사용자가 지정 한 위치와 각도로 로봇을 설정할 수 있습니다 . 안전복구 모드에 대한 자세한 내용은 Recovery 모듈 (p. 180)
3. 알아보기 | pages [169] | no_match keyword=0.00 semantic_rank=- | 항목 설명 1 서보 스위치 서보 ON/OFF 할 수 있습니다 . 2 무동력 동작 모드 Backdrive 모듈을 실행 합니다 . 3 복구 모드 Recovery 모듈을 실행 합니다 . 4 즐겨찾기 모듈 Home 모듈에서 설정한 즐겨찾기 모듈이 표시됩니다 . ※ Home 모듈은 항상 표시됩니다 .
4. 소프트웨어 복구 모드 사용하기 | pages [183] | no_match keyword=0.12 semantic_rank=- | 항목 설명 8 Joint/Task 원하는 값을 입력하여 로봇을 움직일 수 있습니다 . 소프트웨어 복구 모드를 사용하려면 : 1. 주 메뉴 창에서 Recovery 메뉴를 탭 하십시오 . Recovery 창에서 소프트웨어 복구 화면이 자동으로 활성화됩니다 . 소프트웨어 복구 화면 오른쪽 조인트 설정 창에서 각 조인트 버튼을
5. 모듈 | pages [178] | no_match keyword=0.12 semantic_rank=- | Backdrive 란 모터 구동 전원을 차단한 상태로 브레이크만을 해제하여 외력에 의해 로봇의 조인트를 움직일 수 있습 니다 . Recovery 모드나 핸드가이딩으로 로봇을 정상 상태로 복귀시킬 수 없는 경우에 사용할 수 있습니다 . Backdrive 모드를 실행하면 로봇의 각 조인트의 브레이크를 사용자가 해제하거나 체결
6. 모듈 | pages [331] | no_match keyword=0.00 semantic_rank=- | Status 모듈은 제어기 , 플랜지의 입출력 및 통신 레지스터를 모니터링할 수 있는 모듈입니다 .
7. 화면 | pages [378] | no_match keyword=0.06 semantic_rank=- | 로봇의 조인트 기준으로 실행하기 로봇의 조인트를 기준으로 각도를 조절하려면 : 1. 조인트 패널에서 각도를 조절할 축 (J1~J6) 을 선택하십시오 . 방향 버튼 ( , ) 을 길게 눌러 해당 축의 각도를 조절하십시오 .
8. (Safety I/O) | pages [35] | no_match keyword=0.12 semantic_rank=- | 신호명 설명 Safe Torque Off (L) High: 로봇이 서보 오프 , 비상 정지 상태가 아님 Low: 로봇이 서보 오프 , 비상 정지 상태 Safe Operating Stop (L) High : 로봇이 대기 상태 (Standby State) 가 아님 Low : 로봇이 대기 상태 (Standby State) 이고
9. 소프트웨어 복구 모드 사용하기 | pages [182] | no_match keyword=0.06 semantic_rank=- | 소프트웨어 복구 모드 메뉴 구성 항목 설명 1 Servo On to Start Recovery Recovery 모드를 시작하기 전에 서보를 활성화하는 버튼입니다 . 2 Exit Recovery Recovery 모듈에서 나갈 수 있는 버튼입니다 . 3 Header 소프트웨어 복구 모드 혹은 팩 / 언팩 모드 중 하나를 선택
10. 화면 | pages [387] | no_match keyword=0.00 semantic_rank=- | 2 홈 포지션 버튼 버튼 클릭 시 홈 포지션으로 이동합니다 . 3 정렬 버튼 버튼 클릭 시 정렬합니다 . 4 기준 좌표계 선택 포지션의 기준 좌표계를 선택합니다 . 5 툴 축 TCP 의 어떤 축을 정렬 시킬지 선택합니다 . 6 목표 방향 정렬 시킬 때의 방향을 선택합니다 . 7 정렬 방법 선택 정렬 방법을 선택합니다 .",1,O,"page; keyword:안전,위반이,위반,지속되는,지속되,오류가; semantic_rank:1","1. 모듈 | pages [181] | page; keyword:안전,위반이,위반,지속되는,지속되,오류가; semantic_rank:1 | Recovery Module: 안전 위반이 지속되는 오류가 발생하거나 운반 / 운송을 위해 로봇을 포장할 경우 안전복구 모드를 이용해 사용자가 지정한 위치와 각도로 로봇을 설정할 수 있습니다 . Recovery 모듈은 하단의 Recovery 버튼을 통해 들어갈 수 있습니다 . 소프트웨어 복구 : 로봇이 운전 영역을 벗어나
2. 기타 안전 대책 | pages [42] | keyword:안전,위반이,위반,지속되는,지속되,오류가; semantic_rank:2 | 사용자 안전 및 로봇의 안전복구를 위해 안전복구 모드 , 무동력동작 기능을 제공합니다 . 안전복구 모드 : 안전 위반이 지속되는 오류가 발생하거나 로봇을 패키지 할 경우 안전복구 모드에서 사용자가 지정 한 위치와 각도로 로봇을 설정할 수 있습니다 . 안전복구 모드에 대한 자세한 내용은 Recovery 모듈 (p. 180)
3. 소프트웨어 복구 모드 사용하기 | pages [183] | no_match keyword=0.12 semantic_rank=- | 항목 설명 8 Joint/Task 원하는 값을 입력하여 로봇을 움직일 수 있습니다 . 소프트웨어 복구 모드를 사용하려면 : 1. 주 메뉴 창에서 Recovery 메뉴를 탭 하십시오 . Recovery 창에서 소프트웨어 복구 화면이 자동으로 활성화됩니다 . 소프트웨어 복구 화면 오른쪽 조인트 설정 창에서 각 조인트 버튼을
4. 안전검사 고시 | pages [47] | no_match keyword=0.19 semantic_rank=- | 수동 리셋 , 기동과 재기동 로봇 시스템은 예기치 않은 기동을 방지하기 위하여 다음 각 목에 적합할 것 가 . 기동과 재기동은 모든 안전기능 및 보호 대책이 정상 작동 시에만 가 능할 것 나 . 동력 공급이 중단되었다가 재개되는 경우 위험한 동작이 자동으로 시 작되는 것을 방지하기 위하여 기동 연동 장치가 설치되어야 하며
5. ................................................ 162 | pages [6] | no_match keyword=0.06 semantic_rank=- | 6.3.1 로봇 각 시리즈 별 기능 제한 ................................................................................... 170 6.3.2 로봇 시리즈 별 힘 모니터링 기능 제한 .........................................
6. 로봇의 모드 | pages [16] | no_match keyword=0.19 semantic_rank=- | 수동 모드에서는 Robot Parameter 로 로봇의 주변 장치에 대한 설정하거나 Task Editor 를 통해 로봇의 태스크 프로 그래밍을 할 수 있으며 , 로봇이 안전 제한치 초과 등의 이유로 정상 조작이 불가능할 때 정상 상태로 움직이기 위한 복 구 기능을 사용할 수 있습니다 . 자동 모드 (Automatic Mo
7. 패키징 자세 해제하기 | pages [90] | keyword:안전,위반,운반,포장,로봇을,로봇 | MANDATORY EASY 3 MIN 로봇은 운반이나 포장에 용이하도록 패키징 자세로 설정되어 있습니다 . 로봇을 사용하려면 패키징 자세를 해제해야 합니다 . 패키징 자세에서는 로봇이 로봇 각도 제한치 (Joint Angle Limit) 를 초과하는 자세를 유지하기 때문에 안전 제 한치 위반으로 서보 온 상태로 전환하는
8. 패키징 자세 해제하기 | pages [91] | no_match keyword=0.12 semantic_rank=- | 패키징 자세를 설정하는 방법은 다음과 같습니다 . 헤더 창에서 Recovery 메뉴를 탭 하십시오 . 패키징 모드 탭을 선택하십시오 . Servo On to Start Recovery 버튼을 탭 해 패키징 모드를 활성화하십시오 . 설정된 패키징 포즈로 로봇이 자동으로 이동합니다 . Pack 버튼으로 로봇을 팩 자세로 만들
9. 언팩 사용하기 | pages [184] | no_match keyword=0.06 semantic_rank=- | 메뉴 구성 항목 설명 1 모델 이름 연결된 로봇 모델의 이름이 나타납니다 . 2 Pack/Unpack Pack 과 Unpack 중 하나를 선택할 수 있습니다 . 3 Packaging Pose/Joint Limit 자세 및 조인트 제한치 값이 나타납니다 . 4 Speed Ratio 팩 혹은 언팩 모드의 속력을 슬라이더 혹은
10. 언팩 사용하기 | pages [185] | no_match keyword=0.12 semantic_rank=- | 패키징 모드 탭을 선택하십시오 . Servo On to Start Recovery 버튼을 탭 해 패키징 모드를 활성화하십시오 . 설정된 패키징 포즈로 로봇이 자동으로 이동합니다 . Pack 버튼으로 로봇을 팩 자세로 만들거나 Unpack 버튼으로 Default Home Position 을 만들 수 있습니다 .",1,O,1,O,1,O,1,O
Q61,추가,Robot Settings 화면의 더보기 버튼은 어떤 파일 작업을 수행할 수 있게 합니까?,DART-Platform/Robot Settings,화면 구성형,"새 파일 생성, 기존 파일 불러오기, 저장, 내보내기 등을 수행할 수 있음",page_186_img_0_0.jpeg,1,O,semantic_rank:9,"1. 모듈 | pages [263] | semantic_rank:9 | 항목 설명 3 Command 태스크 리스트에 추가할 명령어 목록을 표시합니다 . 명령어를 선택하면 해당 항목이 Task List 에 추가됩니다 . 4 Property 태스크 리스트에 추가된 명령어의 설정을 확인하고 수정할 수 있습니다 . 5 Monitoring 태스크 리스트에 추가된 명령어들을 시뮬레이션하고 상세 설정할
2. 6.7.3 Safety Settings | pages [245] | no_match keyword=0.00 semantic_rank=- | Nudge 협동 작업 구역 내에서 안전 정지 모드 SS2 또는 RS1 으로 정지한 경우 , Interrupted 상태에서는 리셋할 수 있고 넛지 입력을 통해 작업을 재개할 수 있습니다 Nudge 를 설정하려면 Robot Parameters > 넛지 (Nudge) 아이템을 선택하십시오 . 자세한 내용은 넛지 (Nudge)
3. 모듈 | pages [186] | page; keyword:파일,생성,기존,내보내기,등을; semantic_rank:3 | 메뉴 구성 항목 설명 1 Project name 프로젝트 이름이 들어가 있습니다 . 2 더보기 이 버튼을 클릭하면 새로운 파일을 생성하거나 기존의 파일 불러내기 , 저 장 , 내보내기 등을 할 수 있습니다 . 3 Accordion menu 항목을 클릭하면 관련 메뉴들의 리스트가 나옵니다 . 4 Sub menu 메뉴들을 클
4. 명령어 예제 따라하기 | pages [302] | semantic_rank:7 | 파일 이름을 Task_demo_force_ctrl 로 변경하십시오 . 저장 버튼을 눌러 파일 이름을 저장 하십시오 .
5. 로봇 모션 속성 알아보기 | pages [270] | no_match keyword=0.11 semantic_rank=- | 반경은 기본 값 으로 0mm 로 설정되어 있습니다 . 블렌딩 모드 (Blending Mode) 선행 모션의 옵션에 반경 (Radius) 을 적용했을 때 후행 모션의 블렌딩 모드 (Blending Mode) 에 따라 선행 모션을 유지 할지 선행 모션을 무시하고 덮어쓰는 방식으로 후행 모션을 실행할지를 결정하는 옵션입니다 주
6. 6.7.4 Safety Setting Review | pages [246] | no_match keyword=0.22 semantic_rank=- | Robot Parameter 모듈 상에서 로봇 데이터 설정 값이 변경 된 경우 Safety Setting Review 팝업을 통해 바뀐 설정 값 들을 저장할 수 있습니다 . Safety Setting Review 팝업은 Header 의 Robot Parameter 파일 정보 항목을 클릭하거나 , Robot Paramete
7. 명령어 예제 따라하기 | pages [300] | semantic_rank:2 | 파일 버튼을 누르십시오 .
8. 6.7.3 Safety Settings | pages [212] | no_match keyword=0.00 semantic_rank=- | 2 TCP/Robot Robot limits 의 대 분류입니다 .
9. 6.7.3 Safety Settings | pages [211] | no_match keyword=0.00 semantic_rank=- | 로봇 제한치 및 안전 Robot Limits 로봇 제한치 (Robot Limits) 에서는 로봇에 관련된 여러 제한치를 설정할 수 있습니다 . 설정한 제한치 내에서 로봇을 안전하게 구동 시키기 위해 사용합니다 . 로봇 제한치는 Robot Parameter> Safety Settings > Robot Limits 를 선택하
10. 로봇 업데이트 및 복원 | pages [360] | semantic_rank:15 | 업데이트 Robot Update > Update 메뉴에서는 업데이트 파일을 사용하여 시스템을 업데이트 하는 기능을 제공합니다 . 업데이트 영역에서 원하는 업데이트 파일을 업로드합니다 . 업로드가 완료되면 업데이트 버튼이 표시되며 , 해당 버 튼을 통해서 업데이트를 수행할 수 있습니다 . 메뉴 구성 항목 설명 1 Curre",2,O,"page; keyword:파일,생성,기존,내보내기,등을; semantic_rank:3","1. 알아보기 | pages [168] | no_match keyword=0.11 semantic_rank=20 | 항목 설명 3 로봇 파라미터 파일 정보 현재 설정된 로봇 파라미터 파일의 이름이 표시됩니다 . 로봇 파라미터 파일의 설정값과 제어기에 설정된 정보가 일치하지 않는 경우 아래와 같이 표시됩니다 . 4 안전 체크섬 제어기에 설정된 로봇 파라미터에 대한 체크섬 정보가 표시됩니다 . 5 Tool 설정 현재의 TCP, Tool W
2. 모듈 | pages [186] | page; keyword:파일,생성,기존,내보내기,등을; semantic_rank:3 | 메뉴 구성 항목 설명 1 Project name 프로젝트 이름이 들어가 있습니다 . 2 더보기 이 버튼을 클릭하면 새로운 파일을 생성하거나 기존의 파일 불러내기 , 저 장 , 내보내기 등을 할 수 있습니다 . 3 Accordion menu 항목을 클릭하면 관련 메뉴들의 리스트가 나옵니다 . 4 Sub menu 메뉴들을 클
3. 6.7.1 Robot Settings | pages [196] | no_match keyword=0.00 semantic_rank=- | 메뉴 구성 항목 설명 1 콕핏 이미지 콕핏 설정을 위한 이미지 입니다 . 2 리셋 설정한 값들을 초기화 시킬 수 있습니다 . 3 1 버튼 설정 1 버튼에 설정할 기능을 선택할 수 있습니다 . 4 2 버튼 설정 2 버튼에 설정할 기능을 선택할 수 있습니다 . 5 1+2 버튼 설정 1+2 버튼 clamping 활성화 여부를
4. 6.7.4 Safety Setting Review | pages [246] | no_match keyword=0.22 semantic_rank=- | Robot Parameter 모듈 상에서 로봇 데이터 설정 값이 변경 된 경우 Safety Setting Review 팝업을 통해 바뀐 설정 값 들을 저장할 수 있습니다 . Safety Setting Review 팝업은 Header 의 Robot Parameter 파일 정보 항목을 클릭하거나 , Robot Paramete
5. 로봇 업데이트 및 복원 | pages [360] | semantic_rank:15 | 업데이트 Robot Update > Update 메뉴에서는 업데이트 파일을 사용하여 시스템을 업데이트 하는 기능을 제공합니다 . 업데이트 영역에서 원하는 업데이트 파일을 업로드합니다 . 업로드가 완료되면 업데이트 버튼이 표시되며 , 해당 버 튼을 통해서 업데이트를 수행할 수 있습니다 . 메뉴 구성 항목 설명 1 Curre
6. 화면 | pages [376] | no_match keyword=0.00 semantic_rank=- | 메뉴 구성 항목 설명 1 패널 타입 선택 동작 버튼의 위치를 선택 할 수 있습니다 . 2 3D simulation 3D 뷰어에서 로봇의 모습을 보여줍니다 . 3 Simulator Alignment 시뮬레이터의 정렬 방법 항목입니다 . 4 Use Increment 각도 혹은 위치 increment 의 활성화 버튼입니다 .
7. 명령어 예제 따라하기 | pages [284] | no_match keyword=0.00 semantic_rank=- | 하단 메뉴에서 Robot Parameters 모듈을 선택하십시오 .
8. 명령어 예제 따라하기 | pages [300] | semantic_rank:2 | 파일 버튼을 누르십시오 .
9. 모듈 | pages [263] | semantic_rank:9 | 항목 설명 3 Command 태스크 리스트에 추가할 명령어 목록을 표시합니다 . 명령어를 선택하면 해당 항목이 Task List 에 추가됩니다 . 4 Property 태스크 리스트에 추가된 명령어의 설정을 확인하고 수정할 수 있습니다 . 5 Monitoring 태스크 리스트에 추가된 명령어들을 시뮬레이션하고 상세 설정할
10. ................................................ 162 | pages [6] | no_match keyword=0.00 semantic_rank=- | 6.3.1 로봇 각 시리즈 별 기능 제한 ................................................................................... 170 6.3.2 로봇 시리즈 별 힘 모니터링 기능 제한 .........................................",2,O,3,O,2,O,3,O
Q62,추가,Cockpit 설정 화면에서 1번 버튼에 수행할 기능을 지정하는 항목은 무엇입니까?,직접교시/Cockpit 설정,화면 구성형,1 버튼 설정 항목에서 기능을 선택함,page_196_img_0_0.jpeg,1,O,"page; keyword:버튼,항목,기능을,기능; semantic_rank:10","1. 6.7.1 Robot Settings | pages [196] | page; keyword:버튼,항목,기능을,기능; semantic_rank:10 | 메뉴 구성 항목 설명 1 콕핏 이미지 콕핏 설정을 위한 이미지 입니다 . 2 리셋 설정한 값들을 초기화 시킬 수 있습니다 . 3 1 버튼 설정 1 버튼에 설정할 기능을 선택할 수 있습니다 . 4 2 버튼 설정 2 버튼에 설정할 기능을 선택할 수 있습니다 . 5 1+2 버튼 설정 1+2 버튼 clamping 활성화 여부를
2. 6.7.3 Safety Settings | pages [211] | keyword:항목,기능을,기능 | Robot Limits 에는 크게 세 항목으로 나누어 집니다 . 각각의 항목은 다음과 같은 화면 및 기능을 포함합니다 .
3. 6.7.1 Robot Settings | pages [199] | keyword:항목에서,항목,기능을,기능 | 메뉴 구성 항목 설명 1 Supply Voltage 공급 전압을 설정 하는 기능을 제공 합니다 . 0V(=Off)/ 12V/ 24V 중 한개의 전압을 선택 할 수 있습니다 . 2 Digital Output Type 디지털 출력 타입을 X1, X2 포트별로 각각 설정하는 기능을 제공합니다 . 로봇 모델이 A 모델일 경우에는
4. 6.7.1 Robot Settings | pages [200] | keyword:항목에서,항목,기능을,기능 | 항목 설명 3 Analog Input/RS485 모드 설정 Analog Input 또는 RS485 를 선택할 수 있도록 기능을 제공합니다 . 로봇 모델이 A 모델일 경우에는 Analog Input/RS485 항목에서 X1 포 트만 지원합니다 . 로봇 모델이 M/H 모델일 경우에는 Analog Input/RS485 항목은
5. 6.7.3 Safety Settings | pages [211] | keyword:버튼,기능을,기능 | 티치펜던트에 부착된 비상 정지 버튼을 누르거나 Safety I/O 에 연결한 안전 장치를 통해 로봇을 비상 정지할 수 있습 니다 . 티치펜던트 화면에서 Robot Parameters > Safety Settings > Safety I/O 기능을 활용하여 안전 장치를 비상 정지 또는 보호 정지로 연결할 수 있습니다 . 안전
6. 6.7.3 Safety Settings | pages [220] | keyword:버튼,기능을,기능 | 안전 정지 / 해제 방법 티치펜던트에 부착된 비상 정지 버튼을 누르거나 Safety I/O 에 연결한 안전 장치를 통해 로봇을 비상 정지할 수 있습 니다 . 티치펜던트 화면에서 Robot Parameters > Safety Settings > Safety I/O 기능을 활용하여 안전 장치를 비상 정지 또는 보호 정지로 연
7. 로봇 업데이트 및 복원 | pages [360] | keyword:버튼,항목,기능을,기능 | 업데이트 Robot Update > Update 메뉴에서는 업데이트 파일을 사용하여 시스템을 업데이트 하는 기능을 제공합니다 . 업데이트 영역에서 원하는 업데이트 파일을 업로드합니다 . 업로드가 완료되면 업데이트 버튼이 표시되며 , 해당 버 튼을 통해서 업데이트를 수행할 수 있습니다 . 메뉴 구성 항목 설명 1 Curre
8. 힘 제어 개념 알아보기 | pages [281] | no_match keyword=0.00 semantic_rank=- | Thread 커맨드 Task editor 에서 thread 를 생성하여 수행할 수 있습니다 .
9. 모듈 | pages [262] | keyword:버튼,항목,기능을,기능 | 메뉴 구성 항목 설명 1 명령어 편집 도구 (CTR) 복사 : 명령어를 복사합니다 . 잘라내기 : 명령어를 잘라냅니다 . 붙여넣기 : 복사 또는 잘라낸 명령어를 붙입니다 . 삭제 : 명령어를 삭제 합니다 . 줄 올림 : 명령어 줄을 한 칸 올립니다 . 줄 내림 : 명령어 줄을 한 칸 내립니다 . 주석 : 명령어를 주석 처
10. 색상 | pages [16] | keyword:기능을,기능 | 수동 모드 모드 상태 설명 플랜지 and/or 베이스 LED 수동 Manual Standby 교시 조작 중의 기본 상태입니다 . Robot Parameter, Task Editor 를 통해 작업 환경 설정을 하 거나 태스크 프로그래밍을 수행할 수 있습니다 . SOS(Safe Operating Stop) 로 정지 상태를 모",1,O,"page; keyword:버튼,항목,기능을,기능; semantic_rank:10","1. 6.7.1 Robot Settings | pages [196] | page; keyword:버튼,항목,기능을,기능; semantic_rank:10 | 메뉴 구성 항목 설명 1 콕핏 이미지 콕핏 설정을 위한 이미지 입니다 . 2 리셋 설정한 값들을 초기화 시킬 수 있습니다 . 3 1 버튼 설정 1 버튼에 설정할 기능을 선택할 수 있습니다 . 4 2 버튼 설정 2 버튼에 설정할 기능을 선택할 수 있습니다 . 5 1+2 버튼 설정 1+2 버튼 clamping 활성화 여부를
2. 6.7.1 Robot Settings | pages [193] | keyword:버튼,항목에서,항목 | 항목 설명 6 Information icon User Coordinates 에 대한 가이드가 안내됩니다 . 7 Coordinates 원하는 값에 대해 기준으로 Base 혹은 World 중 선택할 수 있습니 다 . 8 Point1 setting Point 1 의 6 축 각각에 값을 넣고 , Get Pose 혹은 Move T
3. 로봇 시스템 구성 및 설명 | pages [101] | keyword:항목,기능 | 주요 기능 No. 항목 설명 1 콕핏 (Cockpit) [ 옵션 ] 직접 교시를 위한 콘트롤러입니다 . 2 툴 플랜지 (Tool Flange) 툴을 장착하는 부위입니다 . 3 플랜지 I/O 툴 제어를 위한 입출력 포트입니다 . ( 디지털 입력 2ch, 출력 2ch) 4 LED(1 축 ) 로봇의 상태를 색상으로 표시합니다
4. 화면 | pages [381] | keyword:버튼,항목; semantic_rank:9 | 메뉴 구성 항목 설명 16 기준 좌표계 선택 18 번 Task 좌표에 사용될 기준 좌표계를 선택합니다 . Base, World, User coordinate 를 선택할 수 있습니다 . 17 조인트 자세 현재 로봇 자세와 목표가 될 조인트 자세를 표시합니다 . 18 태스크 자세 선택한 기준 좌표계에 맞는 현재 로봇 자세와
5. 6.7.1 Robot Settings | pages [191] | no_match keyword=0.17 semantic_rank=- | 메뉴 구성 항목 설명 1 Lock Toggle Button 설정된 값이 잠금 상태가 됩니다 . 수정을 위해서는 Safety Password 입력을 해야 합니다 . 2 Information Image 설정에 필요한 이미지 팁입니다 . 3 Information Message 설정에 필요한 팁 메시지입니다 . 4 Mountin
6. 6.7.1 Robot Settings | pages [189] | keyword:버튼,항목 | 메뉴 구성 항목 설명 1 잠금 토글 버튼 설정된 값이 잠금 상태가 됩니다 . 수정을 위해서는 Safety Password 입 력이 필요합니다 . 2 Use Mount Mount 사용을 활성화 하는 버튼입니다 . 버튼의 활성화는 잠금을 푼 이후 가능합니다 . 3 Auto Measure 명령 내려진 작동을 자동으로 합니다 .
7. 소프트웨어 복구 모드 사용하기 | pages [183] | keyword:버튼,항목 | 항목 설명 8 Joint/Task 원하는 값을 입력하여 로봇을 움직일 수 있습니다 . 소프트웨어 복구 모드를 사용하려면 : 1. 주 메뉴 창에서 Recovery 메뉴를 탭 하십시오 . Recovery 창에서 소프트웨어 복구 화면이 자동으로 활성화됩니다 . 소프트웨어 복구 화면 오른쪽 조인트 설정 창에서 각 조인트 버튼을
8. 6.7.3 Safety Settings | pages [220] | keyword:버튼,항목 | 메뉴 구성 항목 설명 1 Lock 토글 버튼 설정된 값이 잠금 상태 됩니다 . 수정을 위해서는 Safety Password 입력이 필요합니다 . 2 Information message 설정을 위해 필요한 정보가 있는 메시지 입니다 . 3 Reset 설정의 초기화를 위한 버튼입니다 .
9. 6.7.3 Safety Settings | pages [236] | no_match keyword=0.00 semantic_rank=- | 3 Coordinates Base 와 World 중 좌표계를 설정할 수 있습니다 . 4 Upper 상단 값을 입력할 수 있습니다 . 5 Lower 하단 값을 입력할 수 있습니다 . 6 Plane Start X, Y 면의 시작 점 값을 입력할 수 있습니다 . 7 Pane End X,Y 면의 끝 점 값을 입력할 수 있습니다
10. 6.7.3 Safety Settings | pages [229] | no_match keyword=0.17 semantic_rank=- | 3 Coordinates Base 와 World 중 좌표계를 설정할 수 있습니다 . 4 Radius 반지름 값을 입력할 수 있습니다 . 5 Upper 상단 값이 들어갑니다 . 6 Lower 하단 값이 들어갑니다 . 7 Center Position 중앙 값을 X 축 , Y 축 각각에 설정할 수 있습니다 . 8 Auto Ca",1,O,1,O,1,O,1,O
Q63,추가,툴 무게를 설정하기 위해 Robot Parameters에서 선택해야 하는 메뉴 경로는 무엇입니까?,툴 설정/Tool Weight,메뉴 경로형,Robot Parameters > Tool Settings > Tool Weight,page_205_img_1_0.jpeg,3,O,"page; keyword:robot,parameters,tool,settings,weight; semantic_rank:1","1. 설정하기 | pages [357] | no_match keyword=0.20 semantic_rank=- | Robot 정보 설정하기 메뉴 구성 항목 설명 1 제어기 시리얼 번호 제어기 시리얼 번호가 보여집니다 . 2 제어기 시리얼 번호 복사 시리얼 번호를 복사할 수 있습니다 . 3 로봇 시리얼 번호 로봇 시리얼 번호가 보여집니다 . 4 로봇 모델 로봇 모델명이 나타납니다 . Robot 유휴 서보 오프 일정 시간 동안 로봇 유휴
2. 알아보기 | pages [175] | no_match keyword=0.00 semantic_rank=- | 속도 가변 : 경로는 지키지만 특이점 근처에서 감속합니다 .
3. 6.7.2 Tool Settings | pages [205] | page; keyword:robot,parameters,tool,settings,weight; semantic_rank:1 | Tool Weight 툴 무게 (Tool Weight) 를 추가하여 플랜지에 장착된 Tool 의 무게를 설정할 수 있습니다 . 툴 무게는 Robot Parameters > Tool Settings > Tool Weight 를 선택하여 설정할 수 있습니다 . 자동 계산 (Auto Measure) 기능을 사용하여 툴 무게를
4. (Robot Limits) | pages [41] | keyword:robot,tool | 충돌 민감도 감소 구역 (Collision Sensitivity Reduction Zone) 설정하기 (p. 239) 툴 방향 전환 제한 구역 (Tool Orientation Limit Zone) 설정하기 (p. 239) 사용자 정의 구역 (Custom Zone) 설정하기 (p.
5. 6.7.1 Robot Settings | pages [199] | keyword:robot,settings | 메뉴 구성 항목 설명 1 Supply Voltage 공급 전압을 설정 하는 기능을 제공 합니다 . 0V(=Off)/ 12V/ 24V 중 한개의 전압을 선택 할 수 있습니다 . 2 Digital Output Type 디지털 출력 타입을 X1, X2 포트별로 각각 설정하는 기능을 제공합니다 . 로봇 모델이 A 모델일 경우에는
6. 로봇 업데이트 및 복원 | pages [360] | no_match keyword=0.20 semantic_rank=- | 업데이트 Robot Update > Update 메뉴에서는 업데이트 파일을 사용하여 시스템을 업데이트 하는 기능을 제공합니다 . 업데이트 영역에서 원하는 업데이트 파일을 업로드합니다 . 업로드가 완료되면 업데이트 버튼이 표시되며 , 해당 버 튼을 통해서 업데이트를 수행할 수 있습니다 . 메뉴 구성 항목 설명 1 Curre
7. 설정하기 | pages [358] | no_match keyword=0.00 semantic_rank=- | 메뉴 항목 항목 설명 1 유휴 서보 오프 활성화 유휴 서보 오프를 활성화 시킬 수 있습니다 . 2 서보 오프 설정 유휴 서보 오프를 분 단위로 설정 가능합니다 . 3 Save 변경한 설정을 저장할 수 있습니다 .
8. ................................................ 162 | pages [7] | keyword:robot,settings | 6.11 Logs 모듈 .......................................................................................... 338 6.12 Store 모듈 ..........................................................
9. (Robot Limits) | pages [40] | no_match keyword=0.20 semantic_rank=- | 알아두기 구역 (Zone) 워크셀 아이템을 추가하면 지정한 구역에만 별도의 안전 제한치를 설정할 수 있습니다 . 구역의 종 류에 따라 오버라이드가 가능한 안전 제한치가 지정되어있습니다 . 자세한 내용은 다음의 링크를 확인하시기 바랍니다 . 협동 작업 구역 (Collaborative Zone) 설정하기 (p. 239) 협착
10. 6.7.1 Robot Settings | pages [188] | keyword:robot,parameters,settings | 항목 설명 5 I/O 이름 최대 40 자로 이름 설정이 가능합니다 . Mount 로봇 설치 자세 (Mount) 메뉴에서 로봇 설치 자세를 설정할 수 있습니다 . 로봇이 평평한 바닥에 설치되는 경우에는 이 과정을 건너뛸 수 있습니다 . 로봇 설치 자세는 Robot Parameters > Robot Settings > Mou",1,O,"page; keyword:robot,parameters,tool,settings,weight; semantic_rank:1","1. 6.7.2 Tool Settings | pages [205] | page; keyword:robot,parameters,tool,settings,weight; semantic_rank:1 | Tool Weight 툴 무게 (Tool Weight) 를 추가하여 플랜지에 장착된 Tool 의 무게를 설정할 수 있습니다 . 툴 무게는 Robot Parameters > Tool Settings > Tool Weight 를 선택하여 설정할 수 있습니다 . 자동 계산 (Auto Measure) 기능을 사용하여 툴 무게를
2. 6.7.2 Tool Settings | pages [207] | keyword:tool,settings; semantic_rank:6 | 로봇은 로봇 끝단의 TCP(Tool Center Point) 와 로봇 본체를 기준으로 공간 제한 위반 여부를 판단합니다 . 실제 로 봇에 설정된 TCP 보다 툴 형상이 더 큰 경우에는 툴 형상을 추가해야만 작업물과 툴을 보호할 수 있습니다 . 툴 형상을 너무 크게 설정하면 실제로 로봇을 움직일 수 있는 영역이 좁아지므로
3. 명령어 예제 따라하기 | pages [284] | keyword:robot,parameters; semantic_rank:7 | 하단 메뉴에서 Robot Parameters 모듈을 선택하십시오 .
4. 6.7.1 Robot Settings | pages [188] | keyword:robot,parameters,settings | 항목 설명 5 I/O 이름 최대 40 자로 이름 설정이 가능합니다 . Mount 로봇 설치 자세 (Mount) 메뉴에서 로봇 설치 자세를 설정할 수 있습니다 . 로봇이 평평한 바닥에 설치되는 경우에는 이 과정을 건너뛸 수 있습니다 . 로봇 설치 자세는 Robot Parameters > Robot Settings > Mou
5. 화면 | pages [381] | no_match keyword=0.00 semantic_rank=- | 메뉴 구성 항목 설명 16 기준 좌표계 선택 18 번 Task 좌표에 사용될 기준 좌표계를 선택합니다 . Base, World, User coordinate 를 선택할 수 있습니다 . 17 조인트 자세 현재 로봇 자세와 목표가 될 조인트 자세를 표시합니다 . 18 태스크 자세 선택한 기준 좌표계에 맞는 현재 로봇 자세와
6. 힘 제어 개념 알아보기 | pages [279] | keyword:tool,weight; semantic_rank:3 | 강성 (Stiffness) 값이 현재 강성 값에서 설정 된 강성 값으로 도달하는데 소요 되는 시간 (0~1s) 주의 툴 무게 (Tool Weight) 및 TCP(Tool Center Point) 를 정확하게 설정 해야 합니다 . 잘못된 툴 무게 설정으 로 로봇이 툴 무게를 외력으로 감지하게 되면 Compliance 명령어
7. 화면 | pages [385] | no_match keyword=0.00 semantic_rank=- | 툴 기준으로 좌표값을 설정해서 이동하기 로봇의 툴 좌표를 기준으로 로봇을 이동하려면 : 1. 이동 탭을 선택한 후 툴 라디오 버튼을 선택하십시오 2. 이동하고자 하는 포즈를 툴 기준으로 설정하십시오 . 해당 태스크 포지션으로 이동 버튼을 길게 탭 해 설정한 좌표로 이동하십시오 .
8. 로봇 모션 속성 알아보기 | pages [268] | no_match keyword=0.20 semantic_rank=- | 이름 설명 1 주석 (Annotation) Task 창에서 확인이 명령어의 설명 또는 주석 2 기준 좌표계 (Coordinates) MoveJ : 없음 MoveL : 기준 좌표계 (BASE/WORLD/TOOL/USER) 를 기준으로 입력된 자세 (Pose) 정보를 계산 3 이동 유형 선택 1. 절대 (Absolute) 이
9. 명령어 예제 따라하기 | pages [289] | no_match keyword=0.00 semantic_rank=- | 3 번 줄의 MoveJ 명령어를 선택하십시오 18. 속성 (Property) 탭을 선택하십시오 . MoveJ 의 목표 위치를 (0, 0, 90, 0, 90, 0)deg 로 수정하십시오 . 로봇의 설치 공간에 따라 J1 의 각도는 변경해도 상관 없습니다 .
10. 언팩 사용하기 | pages [184] | no_match keyword=0.00 semantic_rank=- | 메뉴 구성 항목 설명 1 모델 이름 연결된 로봇 모델의 이름이 나타납니다 . 2 Pack/Unpack Pack 과 Unpack 중 하나를 선택할 수 있습니다 . 3 Packaging Pose/Joint Limit 자세 및 조인트 제한치 값이 나타납니다 . 4 Speed Ratio 팩 혹은 언팩 모드의 속력을 슬라이더 혹은",1,O,1,O,1,O,1,O
Q64,추가,Tool Shape 팝업에서 새 툴 형상을 등록할 때 입력해야 하는 기본 항목은 무엇입니까?,툴 설정/Tool Shape,화면 구성형,Tool Shape의 이름을 입력해야 함,page_209_img_0_0.jpeg,1,O,"keyword:tool,shape; semantic_rank:10","1. 6.7.2 Tool Settings | pages [207] | keyword:tool,shape; semantic_rank:10 | 로봇은 로봇 끝단의 TCP(Tool Center Point) 와 로봇 본체를 기준으로 공간 제한 위반 여부를 판단합니다 . 실제 로 봇에 설정된 TCP 보다 툴 형상이 더 큰 경우에는 툴 형상을 추가해야만 작업물과 툴을 보호할 수 있습니다 . 툴 형상을 너무 크게 설정하면 실제로 로봇을 움직일 수 있는 영역이 좁아지므로
2. 6.7.2 Tool Settings | pages [207] | keyword:tool,shape; semantic_rank:4 | 항목 설명 16 CZ 입력 CZ 를 입력할 수 있습니다 . 17 관성 사용 여부 관성 사용 여부를 선택할 수 있는 체크박스입니다 . 18 lxx 입력 관성의 lxx 항목을 입력할 수 있습니다 . 19 lyy 입력 관성의 lyy 항목을 입력할 수 있습니다 . 20 lzz 입력 관성의 lzz 항목을 입력할 수 있습니다 . 2
3. 6.7.2 Tool Settings | pages [208] | keyword:tool,shape,이름; semantic_rank:2 | 2 3D Simulation 설정한 Tool Shape 의 결과를 3D Simulation 해볼 수 있습니다 . 3 Tool Shape 이름 설정된 Tool 의 이름입니다 . 4 Tool Shape 모양 설정된 Tool 의 Shape 형식입니다 . 5 Tool Shape 편집하기 설정된 Tool Shape 를 편집할 수
4. 6.7.2 Tool Settings | pages [209] | page; keyword:tool,shape,이름을,이름; semantic_rank:1 | 메뉴 구성 항목 설명 1 Tool Shape Tool Shape 팝업임을 표시합니다 . 2 이름 입력하기 Tool Shape 의 이름을 입력할 수 있습니다 . 3 주의 사항 메시지 설정 시 주의 사항 메시지입니다 .
5. 안전기능의 설정 | pages [29] | keyword:tool,shape | 구분 안전 설정 기능 설명 1 기본 / 전역 설정 월드 좌표계 (World Coordinates) 설정 (p. 189) 로봇 및 작업대상을 포함한 작업영역을 대표하 는 좌표계를 설정할 수 있습니다 . 로봇 제한치 (Robot Limits) 설정 (p. 210) 조인트와 로봇 /TCP 안전 정격 감시기능의 전역 안전 제한치
6. 6.7.2 Tool Settings | pages [207] | keyword:tool,shape; semantic_rank:3 | 알아두기 툴 형상 (Tool Shape) 은 최대 50 개까지 등록 할 수 있습니다 .
7. 6.7.1 Robot Settings | pages [199] | no_match keyword=0.00 semantic_rank=- | 메뉴 구성 항목 설명 1 Supply Voltage 공급 전압을 설정 하는 기능을 제공 합니다 . 0V(=Off)/ 12V/ 24V 중 한개의 전압을 선택 할 수 있습니다 . 2 Digital Output Type 디지털 출력 타입을 X1, X2 포트별로 각각 설정하는 기능을 제공합니다 . 로봇 모델이 A 모델일 경우에는
8. 6.7.2 Tool Settings | pages [205] | no_match keyword=0.17 semantic_rank=18 | Tool Weight 툴 무게 (Tool Weight) 를 추가하여 플랜지에 장착된 Tool 의 무게를 설정할 수 있습니다 . 툴 무게는 Robot Parameters > Tool Settings > Tool Weight 를 선택하여 설정할 수 있습니다 . 자동 계산 (Auto Measure) 기능을 사용하여 툴 무게를
9. 알아보기 | pages [168] | keyword:tool,shape,이름 | 항목 설명 3 로봇 파라미터 파일 정보 현재 설정된 로봇 파라미터 파일의 이름이 표시됩니다 . 로봇 파라미터 파일의 설정값과 제어기에 설정된 정보가 일치하지 않는 경우 아래와 같이 표시됩니다 . 4 안전 체크섬 제어기에 설정된 로봇 파라미터에 대한 체크섬 정보가 표시됩니다 . 5 Tool 설정 현재의 TCP, Tool W
10. 6.7.3 Safety Settings | pages [229] | semantic_rank:9 | 항목 설명 1 Shape Type 원하는 Shape 타입을 선택할 수 있습니다 . 2 Shape Image 선택한 Type 의 이미지입니다 .",1,O,"page; keyword:tool,shape,이름을,이름; semantic_rank:1","1. 6.7.2 Tool Settings | pages [209] | page; keyword:tool,shape,이름을,이름; semantic_rank:1 | 메뉴 구성 항목 설명 1 Tool Shape Tool Shape 팝업임을 표시합니다 . 2 이름 입력하기 Tool Shape 의 이름을 입력할 수 있습니다 . 3 주의 사항 메시지 설정 시 주의 사항 메시지입니다 .
2. 6.7.2 Tool Settings | pages [207] | keyword:tool,shape; semantic_rank:4 | 항목 설명 16 CZ 입력 CZ 를 입력할 수 있습니다 . 17 관성 사용 여부 관성 사용 여부를 선택할 수 있는 체크박스입니다 . 18 lxx 입력 관성의 lxx 항목을 입력할 수 있습니다 . 19 lyy 입력 관성의 lyy 항목을 입력할 수 있습니다 . 20 lzz 입력 관성의 lzz 항목을 입력할 수 있습니다 . 2
3. 6.7.2 Tool Settings | pages [207] | keyword:tool,shape; semantic_rank:3 | 알아두기 툴 형상 (Tool Shape) 은 최대 50 개까지 등록 할 수 있습니다 .
4. 6.7.2 Tool Settings | pages [208] | keyword:tool,shape,이름; semantic_rank:2 | 2 3D Simulation 설정한 Tool Shape 의 결과를 3D Simulation 해볼 수 있습니다 . 3 Tool Shape 이름 설정된 Tool 의 이름입니다 . 4 Tool Shape 모양 설정된 Tool 의 Shape 형식입니다 . 5 Tool Shape 편집하기 설정된 Tool Shape 를 편집할 수
5. 6.7.2 Tool Settings | pages [206] | keyword:tool,이름을,이름 | 메뉴 구성 항목 설명 1 Lock 토글 버튼 설정된 값이 잠금 상태가 됩니다 . 수정을 위해서는 Safety Password 입력이 필요합니다 . 2 추가하기 새로운 Tool Weight 를 추가할 수 있습니다 . 3 삭제하기 Tool Weight 를 삭제할 수 있습니다 . 4 Tool Weight 리스트 설정한 Tool
6. 6.7.2 Tool Settings | pages [207] | keyword:tool,shape; semantic_rank:10 | 로봇은 로봇 끝단의 TCP(Tool Center Point) 와 로봇 본체를 기준으로 공간 제한 위반 여부를 판단합니다 . 실제 로 봇에 설정된 TCP 보다 툴 형상이 더 큰 경우에는 툴 형상을 추가해야만 작업물과 툴을 보호할 수 있습니다 . 툴 형상을 너무 크게 설정하면 실제로 로봇을 움직일 수 있는 영역이 좁아지므로
7. 원격 제어 모드 | pages [259] | no_match keyword=0.00 semantic_rank=- | 항목 설명 7 툴 무게 태스크에서 지정된 툴 무게를 표시합니다 . 8 툴 모양 태스크에서 지정 된 툴 모양을 표시합니다 . 9 신호 입출력 각각의 신호 입출력 값들을 표시합니다 . 10 로그 시스템 로그 정보를 표시합니다 . 11 속력 태스크의 속도를 설정할 수 있습니다 . 12 TCP 힘 TCP 에 가한 힘을 실시간으로
8. 모듈 | pages [186] | semantic_rank:14 | 메뉴 구성 항목 설명 1 Project name 프로젝트 이름이 들어가 있습니다 . 2 더보기 이 버튼을 클릭하면 새로운 파일을 생성하거나 기존의 파일 불러내기 , 저 장 , 내보내기 등을 할 수 있습니다 . 3 Accordion menu 항목을 클릭하면 관련 메뉴들의 리스트가 나옵니다 . 4 Sub menu 메뉴들을 클
9. 6.7.3 Safety Settings | pages [226] | semantic_rank:11 | 메뉴 구성 항목 설명 1 Shape Type 원하는 Shape 타입을 선택할 수 있습니다 . 2 Shape Image 선택한 Type 의 이미지입니다 .
10. 6.7.3 Safety Settings | pages [236] | semantic_rank:12 | 메뉴 구성 항목 설명 1 Shape Type 원하는 Shape 타입을 선택할 수 있습니다 . 2 Shape Image 선택한 Type 의 이미지입니다 .",1,O,1,O,1,O,1,O
Q65,추가,구 형태의 안전 영역을 설정할 때 중심 위치는 어떤 축 값으로 입력합니까?,안전 설정/구역 설정,설정 절차형,"Center Position에서 X축, Y축, Z축 값을 입력함",page_226_img_0_0.jpeg,1,O,semantic_rank:4,"1. 툴의 중심 위치 | pages [110] | semantic_rank:4 | 툴의 중심 위치는 아래 그림을 참조하세요 .
2. 모듈 | pages [181] | no_match keyword=0.00 semantic_rank=- | Recovery Module: 안전 위반이 지속되는 오류가 발생하거나 운반 / 운송을 위해 로봇을 포장할 경우 안전복구 모드를 이용해 사용자가 지정한 위치와 각도로 로봇을 설정할 수 있습니다 . Recovery 모듈은 하단의 Recovery 버튼을 통해 들어갈 수 있습니다 . 소프트웨어 복구 : 로봇이 운전 영역을 벗어나
3. 6.7.3 Safety Settings | pages [224] | no_match keyword=0.00 semantic_rank=- | Safety Zone Safety Zone 설정 화면 메뉴 구성 항목 설명 1 Lock 토글 버튼 설정된 값이 잠금 상태 됩니다 . 수정을 위해서는 Safety Password 입력 이 필요합니다 . 2 활성화 여부 선택 생성된 안전 영역을 적용 / 적용해제 할 수 있습니다 . 3 Zone Name 사용자가 안전 영역 생
4. 6.7.2 Tool Settings | pages [206] | semantic_rank:5 | 10 Weight 입력 원하는 무게를 입력할 수 있습니다 . 11 무게 중심 CX 사용 선택 무게 중심 CX 사용 여부를 선택할 수 있습니다 . 12 CX 입력 CX 를 입력할 수 있습니다 . 13 무게 중심 CY 사용 선택 무게 중심 CY 사용 여부를 선택할 수 있습니다 . 14 CY 입력 CY 를 입력할 수 있습니다
5. 6.7.1 Robot Settings | pages [194] | no_match keyword=0.25 semantic_rank=- | 항목 설명 2 Default Position 값 Default Position 에 해당하는 값으로 모든 항목이 0 입니다 . 3 Custom Position option Custom Position 옵션을 선택할 수 있습니다 . 4 Custom Position 값 현재 설정된 Custom Position 값과 현재 로봇의
6. 안전기능의 설정 | pages [29] | no_match keyword=0.00 semantic_rank=- | 구분 안전 설정 기능 설명 1 기본 / 전역 설정 월드 좌표계 (World Coordinates) 설정 (p. 189) 로봇 및 작업대상을 포함한 작업영역을 대표하 는 좌표계를 설정할 수 있습니다 . 로봇 제한치 (Robot Limits) 설정 (p. 210) 조인트와 로봇 /TCP 안전 정격 감시기능의 전역 안전 제한치
7. 비상 정지 버튼 해제하기 | pages [89] | no_match keyword=0.00 semantic_rank=- | 알아두기 두산 로봇의 시리즈 별 LED 위치는 다음과 같습니다 . A : 플랜지 LED B : 1 축 LED
8. 설치 환경 | pages [113] | no_match keyword=0.00 semantic_rank=- | 로봇을 설치할 때 , 로봇이 충분히 움직일 수 있도록 공간을 확보해야 합니다 . 로봇의 작업 영역을 확인하여 외부와 부 딪히지 않도록 하십시오 .
9. 작업영역내에서의 최대 가반하중 | pages [108] | no_match keyword=0.00 semantic_rank=- | 작업 영역 내에서 로봇의 최대 가반하중은 무게 중심 거리에 따라 달라집니다 . 거리별 가반 하중은 다음과 같습니다 .
10. (Safety I/O) | pages [36] | no_match keyword=0.12 semantic_rank=- | 신호명 설명 Tool Orientation Limit Zone (L) High : 로봇의 TCP 가 어떤 툴 방향전환 제한 구역 (Tool Orientation Limit Zone) 에 도 위치해 있지 않음 Low : 로봇의 TCP 가 툴 방향전환 제한 구역 (Tool Orientation Limit Zone) 중 하나",9,△,semantic_rank:8,"1. 안전기능의 설정 | pages [29] | no_match keyword=0.00 semantic_rank=- | 구분 안전 설정 기능 설명 1 기본 / 전역 설정 월드 좌표계 (World Coordinates) 설정 (p. 189) 로봇 및 작업대상을 포함한 작업영역을 대표하 는 좌표계를 설정할 수 있습니다 . 로봇 제한치 (Robot Limits) 설정 (p. 210) 조인트와 로봇 /TCP 안전 정격 감시기능의 전역 안전 제한치
2. 6.7.3 Safety Settings | pages [240] | no_match keyword=0.00 semantic_rank=- | 공간 제한과 구역의 설정 공통 사항 유효 면적 (Effective Area) 은 내부 / 외부 중 하나를 선택할 수 있습니다 . 모양 유형 (Shape Type) 은 구 , 원기둥 , 직육면체 , 기울어진 직육면체 , 다면상자 중 하나를 선택할 수 있으며 자세한 내용은 공간 제한과 구역의 형태 알아보기 (p. 236) 를
3. 6.7.3 Safety Settings | pages [239] | no_match keyword=0.00 semantic_rank=17 | 항목 설명 원기둥 공간 제한 (Space Limit) / 구역 (Zone) 의 형태를 원기둥으로 구성합니다 . 원기둥의 반지름 거리의 점 , 윗면의 한 점 , 밑면의 한 점을 입력한 후 , 포즈 저장 버튼을 탭 하십시오 . 다면 상자 공간 제한 (Space Limit) / 구역 (Zone) 의 형태를 다면 상자로 구성합니
4. 6.7.3 Safety Settings | pages [224] | no_match keyword=0.00 semantic_rank=- | Safety Zone Safety Zone 설정 화면 메뉴 구성 항목 설명 1 Lock 토글 버튼 설정된 값이 잠금 상태 됩니다 . 수정을 위해서는 Safety Password 입력 이 필요합니다 . 2 활성화 여부 선택 생성된 안전 영역을 적용 / 적용해제 할 수 있습니다 . 3 Zone Name 사용자가 안전 영역 생
5. 6.7.3 Safety Settings | pages [237] | no_match keyword=0.00 semantic_rank=- | 안전 매뉴얼 (p. 8) 에서 다음의 내용을 참고하십 시오 . 공간 제한 (Space Limit) (p. 38) 구역 (Zone) (p. 37) 공간 제한과 구역의 형태 알아보기 공간 제한 (Space Limit) / 구역 (Zone) 의 형태에 대한 설정 방법은 다음과 같습니다 . 항목 설명 직육면체 공간 제한 (Spa
6. 6.7.3 Safety Settings | pages [241] | no_match keyword=0.00 semantic_rank=- | 사용자 정의 구역 (Custom Zone) 설정하기 사용자 정의 구역 (Custom Zone) 은 안전 매개변수를 자유롭게 설정할 수 있는 가장 유연한 안전 구역입니다 . 로봇 제 한 , 안전 정지 모드 , 관절 속도 및 각도 제한 등 모든 설정을 요구에 맞게 구성할 수 있습니다 . Robot Parameters > 안전
7. 안전정격 감시기능 | pages [26] | no_match keyword=0.00 semantic_rank=- | 안전 기능 안전기능 동작조건 Triggering Event 의도된 동작 Intended result PFHd PL, SIL 5 충돌 감지 Collision Detection 각 축에 가해지는 토크중 어느 하나라도 설정된 충 돌감지 민감도별 각 축 한 계치를 넘어선 경우 설정된 안전 정지모드에 따라 보호정지합니다 . STO
8. (Zone) | pages [38] | no_match keyword=0.00 semantic_rank=- | 응용에 따라 특정 공간에서는 로봇 제한치 (Robot Limits) 설정 (p. 210) 에서 지정한 전역 안전제한치와는 다른 안전제 한치 적용이 필요할 수 있습니다 . 구역설정 기능을 이용하면 지정한 구역에만 별도의 안전제한치를 설정할 수 있습니 다 . 구역의 종류에 따라 오버라이드가 가능한 안전제한치가 지정되어있습니다
9. 6.7.2 Tool Settings | pages [201] | semantic_rank:8 | Tool Center Point 공구중심점 (TCP) 를 설정할 때에 플랜지 좌표계를 기준으로 위치와 함께 회전각을 함께 정의해야 합니다 . 이때 , 플랜 지좌표계 기준 원점에서 공구중심점 (TCP) 까지 X, Y, Z 각 방향 별 거리가 10000mm 이상이 되도록 공구중심점 (TCP) 를 설정할 수 없습니다 . 그리고
10. 안전기능의 설정 | pages [31] | no_match keyword=0.00 semantic_rank=- | 구분 안전 설정 기능 설명 사용자 정의 구역 (Custom Zone) 설정하기 (p. 239) 로봇 응용의 필요에 따라 안전 제한치들을 구 역별로 다르게 적용하는데 사용될 수 있습니 다 . 선택한 안전 제한치들이 , 구역 (Zone) 내에 서 별도적용 (Override) 됩니다 . 협동 작업 구역 혹은 높은 우선순위 구역",9,△,,X,10,△,3,O
Q66,추가,공간 제한 구역에서 두 점을 사용하는 형상 설정 시 입력해야 하는 주요 위치 항목은 무엇입니까?,안전 설정/공간 제한 구역,설정 절차형,Point 1과 Point 2 값을 입력함,page_230_img_0_0.jpeg,,X,,"1. 6.7.3 Safety Settings | pages [240] | no_match keyword=0.00 semantic_rank=- | 공간 제한과 구역의 설정 공통 사항 유효 면적 (Effective Area) 은 내부 / 외부 중 하나를 선택할 수 있습니다 . 모양 유형 (Shape Type) 은 구 , 원기둥 , 직육면체 , 기울어진 직육면체 , 다면상자 중 하나를 선택할 수 있으며 자세한 내용은 공간 제한과 구역의 형태 알아보기 (p. 236) 를
2. 6.7.3 Safety Settings | pages [239] | no_match keyword=0.00 semantic_rank=- | 항목 설명 원기둥 공간 제한 (Space Limit) / 구역 (Zone) 의 형태를 원기둥으로 구성합니다 . 원기둥의 반지름 거리의 점 , 윗면의 한 점 , 밑면의 한 점을 입력한 후 , 포즈 저장 버튼을 탭 하십시오 . 다면 상자 공간 제한 (Space Limit) / 구역 (Zone) 의 형태를 다면 상자로 구성합니
3. 안전기능의 설정 | pages [29] | no_match keyword=0.00 semantic_rank=- | 구분 안전 설정 기능 설명 1 기본 / 전역 설정 월드 좌표계 (World Coordinates) 설정 (p. 189) 로봇 및 작업대상을 포함한 작업영역을 대표하 는 좌표계를 설정할 수 있습니다 . 로봇 제한치 (Robot Limits) 설정 (p. 210) 조인트와 로봇 /TCP 안전 정격 감시기능의 전역 안전 제한치
4. 6.7.3 Safety Settings | pages [237] | no_match keyword=0.00 semantic_rank=- | 공간 제한과 구역의 형태 공간 제한 (Space Limit) 과 구역 (Zone) 설정 알아보기 공간 제한 (Space Limit) 과 구역 (Zone) 에 관한 자세한 내용은 PART 1.
5. 6.7.3 Safety Settings | pages [237] | no_match keyword=0.00 semantic_rank=- | 안전 매뉴얼 (p. 8) 에서 다음의 내용을 참고하십 시오 . 공간 제한 (Space Limit) (p. 38) 구역 (Zone) (p. 37) 공간 제한과 구역의 형태 알아보기 공간 제한 (Space Limit) / 구역 (Zone) 의 형태에 대한 설정 방법은 다음과 같습니다 . 항목 설명 직육면체 공간 제한 (Spa
6. (Space Limit) | pages [39] | no_match keyword=0.25 semantic_rank=- | 로봇 제한치 (Robot Limits) (p. 210) 의 로봇의 조인트 각도 제한치 외에 , 직교 좌표상에서 로봇이 작동 공간을 제한할 수 있습니다 . 로봇 또는 TCP 가 자동운전 또는 수동모드에서 공간제한을 위반하면 안전 정지 모드 (Safety Stop Mode) 설정에 따라 정지합니다 . 핸드가이딩으로 직접교시
7. 6.7.2 Tool Settings | pages [207] | no_match keyword=0.25 semantic_rank=- | 로봇은 로봇 끝단의 TCP(Tool Center Point) 와 로봇 본체를 기준으로 공간 제한 위반 여부를 판단합니다 . 실제 로 봇에 설정된 TCP 보다 툴 형상이 더 큰 경우에는 툴 형상을 추가해야만 작업물과 툴을 보호할 수 있습니다 . 툴 형상을 너무 크게 설정하면 실제로 로봇을 움직일 수 있는 영역이 좁아지므로
8. 6.7.1 Robot Settings | pages [199] | no_match keyword=0.00 semantic_rank=- | 메뉴 구성 항목 설명 1 Supply Voltage 공급 전압을 설정 하는 기능을 제공 합니다 . 0V(=Off)/ 12V/ 24V 중 한개의 전압을 선택 할 수 있습니다 . 2 Digital Output Type 디지털 출력 타입을 X1, X2 포트별로 각각 설정하는 기능을 제공합니다 . 로봇 모델이 A 모델일 경우에는
9. 알아보기 | pages [173] | no_match keyword=0.00 semantic_rank=- | 다관절 로봇에서 특이점 (Singularity) 란 간단하게 설명하면 로봇이 이동 중 자신의 다음 자세를 계산하기 어려워하는 위치 ( 또는 점 ) 입니다 . 다관절 로봇의 경우 로봇의 끝단을 기준으로 이동하는 동안의 각 관절의 각도를 계산합니다 . 예를 들면 아래 그림 1 의 상태에서 로봇이 빨간 점으로 이동하고자 할 때
10. 화면 | pages [387] | no_match keyword=0.00 semantic_rank=19 | 2 홈 포지션 버튼 버튼 클릭 시 홈 포지션으로 이동합니다 . 3 정렬 버튼 버튼 클릭 시 정렬합니다 . 4 기준 좌표계 선택 포지션의 기준 좌표계를 선택합니다 . 5 툴 축 TCP 의 어떤 축을 정렬 시킬지 선택합니다 . 6 목표 방향 정렬 시킬 때의 방향을 선택합니다 . 7 정렬 방법 선택 정렬 방법을 선택합니다 .",4,O,"page; keyword:point,값을; semantic_rank:1","1. 6.7.3 Safety Settings | pages [239] | no_match keyword=0.00 semantic_rank=- | 항목 설명 원기둥 공간 제한 (Space Limit) / 구역 (Zone) 의 형태를 원기둥으로 구성합니다 . 원기둥의 반지름 거리의 점 , 윗면의 한 점 , 밑면의 한 점을 입력한 후 , 포즈 저장 버튼을 탭 하십시오 . 다면 상자 공간 제한 (Space Limit) / 구역 (Zone) 의 형태를 다면 상자로 구성합니
2. 6.7.3 Safety Settings | pages [237] | no_match keyword=0.00 semantic_rank=- | 안전 매뉴얼 (p. 8) 에서 다음의 내용을 참고하십 시오 . 공간 제한 (Space Limit) (p. 38) 구역 (Zone) (p. 37) 공간 제한과 구역의 형태 알아보기 공간 제한 (Space Limit) / 구역 (Zone) 의 형태에 대한 설정 방법은 다음과 같습니다 . 항목 설명 직육면체 공간 제한 (Spa
3. 6.7.3 Safety Settings | pages [240] | no_match keyword=0.00 semantic_rank=- | 공간 제한과 구역의 설정 공통 사항 유효 면적 (Effective Area) 은 내부 / 외부 중 하나를 선택할 수 있습니다 . 모양 유형 (Shape Type) 은 구 , 원기둥 , 직육면체 , 기울어진 직육면체 , 다면상자 중 하나를 선택할 수 있으며 자세한 내용은 공간 제한과 구역의 형태 알아보기 (p. 236) 를
4. 6.7.3 Safety Settings | pages [230] | page; keyword:point,값을; semantic_rank:1 | 3 Coordinates Base 와 World 중 좌표계를 설정할 수 있습니다 . 4 Point 1 Point 1 의 값을 입력합니다 . 5 Point 2 Point 2 의 값을 입력합니다 . 6 Space Expansion 공간 확장을 설정할 수 있습니다 .
5. 6.7.3 Safety Settings | pages [238] | semantic_rank:8 | 항목 설명 기울어진 직육면체 공간 제한 (Space Limit) / 구역 (Zone) 의 형태를 기울어진 직육면체로 구성합니다 . 4 포인트 입력 방식 기울어진 직육면체의 기준점 ( 포인트 1 ), x 축 끝점 ( 포인트 2 ), y 축 끝점 ( 포인트 3 ), z 축 끝점 ( 포인트 4 ) 을 입력한 후 , 포즈 저장
6. 6.7.3 Safety Settings | pages [234] | keyword:point,값을; semantic_rank:3 | 3 Coordinates Base 와 World 중 좌표계를 설정할 수 있습니다 . 4 Point 1 Point 1 의 값을 입력합니다 . 5 Point 2 Point 2 의 값을 입력합니다 . 6 Point 3 Point 3 의 값을 입력합니다 . 7 크기 설정 Length, Width, Height 값을 입력합니다 .
7. 6.7.3 Safety Settings | pages [232] | keyword:point,값을; semantic_rank:2 | 3 Coordinates Base 와 World 중 좌표계를 설정할 수 있습니다 . 4 Point 1 Point 1 의 값을 입력합니다 . 5 Point 2 Point 2 의 값을 입력합니다 . 6 Point 3 Point 3 의 값을 입력합니다 . 7 Point 4 Point 4 의 값을 입력합니다 . 8 Space E
8. 6.7.3 Safety Settings | pages [236] | keyword:point,값을; semantic_rank:5 | 3 Coordinates Base 와 World 중 좌표계를 설정할 수 있습니다 . 4 Upper 상단 값을 입력할 수 있습니다 . 5 Lower 하단 값을 입력할 수 있습니다 . 6 Plane Start X, Y 면의 시작 점 값을 입력할 수 있습니다 . 7 Pane End X,Y 면의 끝 점 값을 입력할 수 있습니다
9. 6.7.2 Tool Settings | pages [207] | no_match keyword=0.25 semantic_rank=- | 로봇은 로봇 끝단의 TCP(Tool Center Point) 와 로봇 본체를 기준으로 공간 제한 위반 여부를 판단합니다 . 실제 로 봇에 설정된 TCP 보다 툴 형상이 더 큰 경우에는 툴 형상을 추가해야만 작업물과 툴을 보호할 수 있습니다 . 툴 형상을 너무 크게 설정하면 실제로 로봇을 움직일 수 있는 영역이 좁아지므로
10. 6.7.3 Safety Settings | pages [227] | keyword:point,값을; semantic_rank:6 | 항목 설명 5 Center Position 중앙 값을 X 축 , Y 축 , Z 축 각각에 설정할 수 있습니다 . 6 Auto Calculation 자동 측정 옵션을 활성화 시킬 수 있습니다 . 7 Auto Calculation Image 자동 측정에 필요한 이미지가 제공됩니다 . 자동 측정 옵션을 활성 화 했을 때 나타납",4,O,5,O,4,O,5,O
Q67,추가,충돌 민감도 감소 구역은 어떤 목적의 안전 구역입니까?,안전 설정/충돌 민감도 감소 구역,개념 확인형,로봇이 다양한 재료나 표면과 작업할 때 충돌 감지 민감도를 조정하는 구역임,page_243_img_0_0.jpeg,1,O,"page; keyword:로봇이,로봇,다양한,재료나,표면과,표면; semantic_rank:1","1. 6.7.3 Safety Settings | pages [243] | page; keyword:로봇이,로봇,다양한,재료나,표면과,표면; semantic_rank:1 | 충돌 민감도 감소 구역 (Collision Sensitivity Reduction Zone) 설정하기 충돌 민감도 감소 구역 (Collision Sensitivity Reduction Zone) 은 로봇이 다양한 재료나 표면과 작업할 때 충돌 감지 민감도를 조정하는 구역입니다 . 힘과 충돌 민감도 설정을 제공합니다 . R
2. (Robot Limits) | pages [41] | semantic_rank:6 | 충돌 민감도 감소 구역 (Collision Sensitivity Reduction Zone) 설정하기 (p. 239) 툴 방향 전환 제한 구역 (Tool Orientation Limit Zone) 설정하기 (p. 239) 사용자 정의 구역 (Custom Zone) 설정하기 (p.
3. (Safety I/O) | pages [35] | no_match keyword=0.29 semantic_rank=18 | 신호명 설명 Safe Torque Off (L) High: 로봇이 서보 오프 , 비상 정지 상태가 아님 Low: 로봇이 서보 오프 , 비상 정지 상태 Safe Operating Stop (L) High : 로봇이 대기 상태 (Standby State) 가 아님 Low : 로봇이 대기 상태 (Standby State) 이고
4. 안전기능의 설정 | pages [30] | semantic_rank:2 | 구분 안전 설정 기능 설명 4 구역 (Zone) 협동 작업 구역 (Collaborative Zone) 설정 하기 (p. 239) 로봇과 인간의 협동작업을 위해 지정할 수 있 는 구역 입니다 . 넛지 (Nudge) 나 핸드가이딩컨트롤 (HGC) 기 능은 협동작업 구역 내에서만 실행가능 합 니다 . 감속률을 설정하여 태스크
5. 명령어 예제 따라하기 | pages [284] | no_match keyword=0.14 semantic_rank=20 | 이 예제에서는 순응 제어 사용 시 충돌 민감도 (Collision Sensitivity) 를 낮춰야 하는 이유를 설명하기 위해 충돌 민감도 (Collision Sensitivity) 를 95% 로 설정합니다 .
6. 원격 제어 모드 | pages [258] | no_match keyword=0.21 semantic_rank=- | 대시보드 메뉴 구성 항목 설명 1 입력 신호 안전입출력에서 설정 된 안전 입력 신호 항목 중 , 원격 제어 활성화 시그 널을 받아 표시합니다 . 2 전체 시간 태스크가 실행된 시간을 표시합니다 . 3 사이클 횟수 태스크 반복 횟수를 표시합니다 . 4 사이클 시간 태스크의 원 사이클 시간을 표시합니다 . 5 충돌 민감도 충
7. 명령어 예제 따라하기 | pages [295] | semantic_rank:10 | 충돌 문제 해결을 위해서는 안전 설정 중 충돌 민감도 (Collision Sensitivity) 를 낮춰야 합니다 .(TCP Force Limit 문 제가 있을 경우에는 TCP Force 항목을 높여야함 ) 하단 메뉴에서 Robot Parameters 모듈을 선택하십시오 . 혹은 왼 쪽 상단의 Robot parameter
8. (Zone) | pages [38] | no_match keyword=0.07 semantic_rank=- | 경고 높은 우선 순위 구역 (High Priority Zone) 은 다른 영역 및 전역 로봇 제한 설정보다 우선합니다 . 여러 개의 높 은 우선 순위 구역이 중첩되는 경우 안전 기능은 가장 적은 제한 안전 제한을 우선합니다 . 이러한 이유로 안전 을 위해 높은 우선 순위 구역은 가능한 최소 크기로 지정하여야 합니다 .
9. 힘 제어 개념 알아보기 | pages [277] | semantic_rank:15 | 순응 (Compliance) 제어 순응 제어 (Compliance Control) 란 로봇 끝단의 TCP 에 힘이 가해질 때 설정된 강성에 따라 외력에 순응 하는 기능입 니다 . 목표점에서 힘 평형을 이루며 평형점을 기준으로 변위가 발생했을 때 반력 발생하는 제어 방식이며 순응 제어 를 상태에서는 로봇 끝단이 마치 용수철
10. 6.7.3 Safety Settings | pages [242] | keyword:로봇,작업할,충돌,감지,민감도; semantic_rank:3 | 협동 작업 구역 (Collaborative Zone) 설정하기 협동 작업 구역 (Collaborative Zone) 은 로봇과 안전하게 함께 작업할 수 있도록 설계된 구역입니다 . 근접 작업에 필 요한 감속률 등의 로봇 제한 , 안전 정지 모드 설정을 제공합니다 . Robot Parameters > 안전 구역 > 추가 >",1,O,"page; keyword:로봇이,로봇,다양한,재료나,표면과,표면; semantic_rank:1","1. 6.7.3 Safety Settings | pages [243] | page; keyword:로봇이,로봇,다양한,재료나,표면과,표면; semantic_rank:1 | 충돌 민감도 감소 구역 (Collision Sensitivity Reduction Zone) 설정하기 충돌 민감도 감소 구역 (Collision Sensitivity Reduction Zone) 은 로봇이 다양한 재료나 표면과 작업할 때 충돌 감지 민감도를 조정하는 구역입니다 . 힘과 충돌 민감도 설정을 제공합니다 . R
2. 6.7.3 Safety Settings | pages [242] | keyword:로봇,작업할,충돌,감지,민감도; semantic_rank:3 | 협동 작업 구역 (Collaborative Zone) 설정하기 협동 작업 구역 (Collaborative Zone) 은 로봇과 안전하게 함께 작업할 수 있도록 설계된 구역입니다 . 근접 작업에 필 요한 감속률 등의 로봇 제한 , 안전 정지 모드 설정을 제공합니다 . Robot Parameters > 안전 구역 > 추가 >
3. 안전기능의 설정 | pages [30] | semantic_rank:2 | 구분 안전 설정 기능 설명 4 구역 (Zone) 협동 작업 구역 (Collaborative Zone) 설정 하기 (p. 239) 로봇과 인간의 협동작업을 위해 지정할 수 있 는 구역 입니다 . 넛지 (Nudge) 나 핸드가이딩컨트롤 (HGC) 기 능은 협동작업 구역 내에서만 실행가능 합 니다 . 감속률을 설정하여 태스크
4. 안전정격 감시기능 | pages [26] | no_match keyword=0.21 semantic_rank=- | 안전 기능 안전기능 동작조건 Triggering Event 의도된 동작 Intended result PFHd PL, SIL 5 충돌 감지 Collision Detection 각 축에 가해지는 토크중 어느 하나라도 설정된 충 돌감지 민감도별 각 축 한 계치를 넘어선 경우 설정된 안전 정지모드에 따라 보호정지합니다 . STO
5. (Robot Limits) | pages [41] | semantic_rank:6 | 충돌 민감도 감소 구역 (Collision Sensitivity Reduction Zone) 설정하기 (p. 239) 툴 방향 전환 제한 구역 (Tool Orientation Limit Zone) 설정하기 (p. 239) 사용자 정의 구역 (Custom Zone) 설정하기 (p.
6. 명령어 예제 따라하기 | pages [284] | no_match keyword=0.14 semantic_rank=20 | 이 예제에서는 순응 제어 사용 시 충돌 민감도 (Collision Sensitivity) 를 낮춰야 하는 이유를 설명하기 위해 충돌 민감도 (Collision Sensitivity) 를 95% 로 설정합니다 .
7. 명령어 예제 따라하기 | pages [295] | semantic_rank:10 | 충돌 문제 해결을 위해서는 안전 설정 중 충돌 민감도 (Collision Sensitivity) 를 낮춰야 합니다 .(TCP Force Limit 문 제가 있을 경우에는 TCP Force 항목을 높여야함 ) 하단 메뉴에서 Robot Parameters 모듈을 선택하십시오 . 혹은 왼 쪽 상단의 Robot parameter
8. (Safety Stop Modes) | pages [37] | semantic_rank:12 | 안전 정지 모드 설명 6 TCP/ 로봇 위치 제한 위반 (TCP/ Robot Position Limit Violation) 공구중심점 (TCP) 과 로봇의 위치가 워크셀 매니저의 로봇에서 설정한 공 간 제한을 위반할 때 활성화되는 정지 모드를 설정합니다 . 또한 TCP 가 안전 영역 ( 협동 작업 구역 (Collabora
9. 6.7.3 Safety Settings | pages [241] | no_match keyword=0.07 semantic_rank=17 | 사용자 정의 구역 (Custom Zone) 설정하기 사용자 정의 구역 (Custom Zone) 은 안전 매개변수를 자유롭게 설정할 수 있는 가장 유연한 안전 구역입니다 . 로봇 제 한 , 안전 정지 모드 , 관절 속도 및 각도 제한 등 모든 설정을 요구에 맞게 구성할 수 있습니다 . Robot Parameters > 안전
10. (Safety I/O) | pages [33] | no_match keyword=0.14 semantic_rank=- | 신호명 설명 Safety Zone Dynamic Enable (H) 안전 공간 제한 ( Space Limit ) 또는 구역 ( Zone ) 을 동적으로 활성화 또는 비활성화 시킬 때 사용 가능합니다 . 공간제한 , 구역 설정 시 동적 구역 활성화를 설정한 경우에만 이 신 호를 사용할 수 있습니다 . High : 이 신호에",1,O,1,O,1,O,1,O
Q68,추가,Safety Setting Review 팝업은 어떤 설정 값이 변경되었을 때 저장을 위해 사용됩니까?,안전 설정/Safety Review,상태 확인형,Robot Parameter 모듈에서 로봇 데이터 설정 값이 변경된 경우 사용됨,page_248_img_0_0.jpeg,1,O,page,"1. 6.7.4 Safety Setting Review | pages [248] | page | 파라미터 모듈 내 단일 설정 리뷰 팝업은 다음과 같습니다 .
2. 6.7.4 Safety Setting Review | pages [246] | keyword:robot,parameter,모듈,로봇,데이터,값이; semantic_rank:1 | Robot Parameter 모듈 상에서 로봇 데이터 설정 값이 변경 된 경우 Safety Setting Review 팝업을 통해 바뀐 설정 값 들을 저장할 수 있습니다 . Safety Setting Review 팝업은 Header 의 Robot Parameter 파일 정보 항목을 클릭하거나 , Robot Paramete
3. 6.7.4 Safety Setting Review | pages [247] | no_match keyword=0.00 semantic_rank=- | Header 를 통해 Safety Setting Review 팝업에 진입 하였으나 변경 사항이 없을 경우에는 Close 버튼만 표시됩니다 . 알아두기 파라미터 파일의 경우 Manual 상태에서만 수정이 가능합니다 .
4. 6.7.1 Robot Settings | pages [191] | no_match keyword=0.22 semantic_rank=- | 메뉴 구성 항목 설명 1 Lock Toggle Button 설정된 값이 잠금 상태가 됩니다 . 수정을 위해서는 Safety Password 입력을 해야 합니다 . 2 Information Image 설정에 필요한 이미지 팁입니다 . 3 Information Message 설정에 필요한 팁 메시지입니다 . 4 Mountin
5. 명령어 예제 따라하기 | pages [296] | semantic_rank:6 | Safety Settings 의 Robot Limits 를 선택하십시오 . 파라미터 편집 가능 상태를 활성화 하십시오 . 비밀번호 입력창이 나올 시에는 6~7 의 순서를 확인하십시오 . 충돌 민감도 (Collision Sensitivity) 를 50% 로 수정하십시오 . 설정 저장 (Save) 버튼을 누르십시오 . 이후
6. 6.7.3 Safety Settings | pages [212] | no_match keyword=0.11 semantic_rank=- | 메뉴 구성 항목 설명 1 Lock 토글 버튼 설정된 값이 잠금 상태가 됩니다 . 수정을 위해서는 Safety Password 입 력이 필요합니다 .
7. 6.7.3 Safety Settings | pages [213] | no_match keyword=0.11 semantic_rank=- | 메뉴 구성 항목 설명 1 Lock 토글 버튼 설정된 값이 잠금 상태가 됩니다 . 수정을 위해서는 Safety Password 입력이 필요합니다 .
8. 6.7.3 Safety Settings | pages [214] | no_match keyword=0.11 semantic_rank=- | 메뉴 구성 항목 설명 1 Lock 토글 버튼 설정된 값이 잠금 상태가 됩니다 . 수정을 위해서는 Safety Password 입 력이 필요합니다 .
9. 6.7.3 Safety Settings | pages [229] | no_match keyword=0.11 semantic_rank=- | 3 Coordinates Base 와 World 중 좌표계를 설정할 수 있습니다 . 4 Radius 반지름 값을 입력할 수 있습니다 . 5 Upper 상단 값이 들어갑니다 . 6 Lower 하단 값이 들어갑니다 . 7 Center Position 중앙 값을 X 축 , Y 축 각각에 설정할 수 있습니다 . 8 Auto Ca
10. ................................................ 162 | pages [6] | keyword:robot,parameter,모듈,로봇 | 6.3.1 로봇 각 시리즈 별 기능 제한 ................................................................................... 170 6.3.2 로봇 시리즈 별 힘 모니터링 기능 제한 .........................................",1,O,"keyword:robot,parameter,모듈,로봇,데이터,값이; semantic_rank:1","1. 6.7.4 Safety Setting Review | pages [246] | keyword:robot,parameter,모듈,로봇,데이터,값이; semantic_rank:1 | Robot Parameter 모듈 상에서 로봇 데이터 설정 값이 변경 된 경우 Safety Setting Review 팝업을 통해 바뀐 설정 값 들을 저장할 수 있습니다 . Safety Setting Review 팝업은 Header 의 Robot Parameter 파일 정보 항목을 클릭하거나 , Robot Paramete
2. 6.7.4 Safety Setting Review | pages [247] | no_match keyword=0.00 semantic_rank=- | Header 를 통해 Safety Setting Review 팝업에 진입 하였으나 변경 사항이 없을 경우에는 Close 버튼만 표시됩니다 . 알아두기 파라미터 파일의 경우 Manual 상태에서만 수정이 가능합니다 .
3. 6.7.3 Safety Settings | pages [223] | no_match keyword=0.00 semantic_rank=- | 항목 설명 16 Save 설정 값들을 저장할 수 있습니다 . 알아두기 Information 메시지에는 다음과 같은 팝업이 뜹니다 .
4. 6.7.2 Tool Settings | pages [208] | no_match keyword=0.11 semantic_rank=- | 메뉴 구성 항목 설명 1 Lock 토글 버튼 설정된 값이 잠금 상태 됩니다 . 수정을 위해서는 Safety Password 입 력이 필요합니다 .
5. 6.7.3 Safety Settings | pages [213] | no_match keyword=0.11 semantic_rank=- | 메뉴 구성 항목 설명 1 Lock 토글 버튼 설정된 값이 잠금 상태가 됩니다 . 수정을 위해서는 Safety Password 입력이 필요합니다 .
6. 6.7.3 Safety Settings | pages [212] | no_match keyword=0.11 semantic_rank=- | 메뉴 구성 항목 설명 1 Lock 토글 버튼 설정된 값이 잠금 상태가 됩니다 . 수정을 위해서는 Safety Password 입 력이 필요합니다 .
7. 6.7.3 Safety Settings | pages [214] | no_match keyword=0.11 semantic_rank=- | 메뉴 구성 항목 설명 1 Lock 토글 버튼 설정된 값이 잠금 상태가 됩니다 . 수정을 위해서는 Safety Password 입 력이 필요합니다 .
8. 6.7.2 Tool Settings | pages [203] | no_match keyword=0.11 semantic_rank=- | R) 메뉴 구성 항목 설명 1 Lock 토글 버튼 설정된 값이 잠금됩니다 . 값을 수정하기 위해서는 Safety Password 의 입력이 필요합니다 .
9. 6.7.3 Safety Settings | pages [220] | no_match keyword=0.11 semantic_rank=- | 메뉴 구성 항목 설명 1 Lock 토글 버튼 설정된 값이 잠금 상태 됩니다 . 수정을 위해서는 Safety Password 입력이 필요합니다 . 2 Information message 설정을 위해 필요한 정보가 있는 메시지 입니다 . 3 Reset 설정의 초기화를 위한 버튼입니다 .
10. 6.7.3 Safety Settings | pages [245] | no_match keyword=0.11 semantic_rank=- | 메뉴 구성 항목 설명 1 Lock 토글 버튼 설정된 값이 잠금 상태 됩니다 . 수정을 위해서는 Safety Password 입력이 필요합니다 . 2 Nudge 사용 여부 넛지 사용 여부를 선택할 수 있습니다 . 3 Force 입력 원하는 Force 값을 입력할 수 있습니다 . 4 Delay Time 지연 시간을 설정할 수",1,O,,X,1,O,4,O
Q69,추가,Remote Control 모듈의 필수 설정에서는 원격 제어를 위해 어떤 항목들을 설정해야 합니까?,원격 제어/필수 설정,설정 절차형,모듈 및 태스크를 설정하고 안전 입력 신호를 설정해야 함,page_251_img_2_0.jpeg,1,O,"page; keyword:모듈,태스크를,태스크,안전,신호를,신호; semantic_rank:1","1. 설정 항목 | pages [250] | page; keyword:모듈,태스크를,태스크,안전,신호를,신호; semantic_rank:1 | 필수 설정 필수 설정에서는 리모트 컨트롤 실행에 반드시 필요한 항목을 설정해야 합니다 . 이 설정을 완료해야 Remote Control 기능을 사용할 수 있습니다 . 모듈과 태스크 선택 원격 제어를 지원하는 모듈을 선택하고 , 해당 모듈 내에서 제어할 태스크를 지정합니다 . 안전 입력 신호 원격 제어 활성화 신호를 설정합
2. 원격 제어 모드 실행 절차 | pages [254] | keyword:모듈,태스크를,태스크,안전,신호를,신호; semantic_rank:3 | 필수 설정 구성 리모트 컨트롤 모듈에서 다음 항목을 필수로 설정해야 합니다 . 모듈 및 태스크 선택 목록에서 실행할 모듈과 태스크를 선택합니다 . 원격 제어 활성화 신호 지정 Robot Parameter 모듈의 안전 입출력 메뉴에서 Remote Control Enable 신호를 선택하고 , 사용할 포트를 할당합니다 . 고
3. 설정 항목 | pages [251] | keyword:모듈,안전,신호를,신호 | 고급 설정 고급 설정에서는 리모트 컨트롤 사용 시 필요한 선택 기능을 추가로 설정할 수 있습니다 . 이 설정들은 선택 사항이며 , 설정하지 않아도 기본 Remote Control 기능은 사용 가능합니다 . 재부팅 시 원격 제어 자동 시작 토글 버튼을 ON 으로 설정 시 , 로봇 재부팅 후 원격 제어 모드 화면으로 자동 진
4. 모듈 | pages [250] | page; keyword:모듈,태스크를,태스크,설정하고,안전,신호를 | 메뉴 구성 항목 설명 1 주의사항 모듈을 사용할 때 필요한 주의 사항을 안내합니다 . 2 필수 설정 원격 제어를 위해 필수적으로 설정해야 할 항목입니다 . 모듈 및 태스크를 설정하고 안전 입력 신호를 설정할 수 있습니다 . 3 고급 설정 원격 제어를 위한 고급 설정이 가능한 항목입니다 . 태스크의 시작 / 일시정지 / 정
5. 모듈 | pages [249] | no_match keyword=0.25 semantic_rank=- | Remote Control 모듈은 이미 만든 태스크에 대해 원격 제어를 실행할 수 있는 모듈입니다 . 작업자 권한에서는 리모트 컨트롤 모드를 시작할 수 있으나 IO 설정은 수정할 수 없습니다 . IO 설정 변경은 수 동 모드에서만 수행할 수 있습니다 .
6. 원격 제어 모드 | pages [257] | keyword:태스크를,태스크,신호를,신호 | 원격 제어 시작 시 Remote Control Mode 화면으로 이동 가능합니다 . 예를 들어 , 리모트 컨트롤 모드 진입 이후 로봇에서 지정된 태스크를 실행하고자 한다면 , 먼저 Servo On( 상승 엣지 ) 신호를 통해 지정한 포트로 서보를 활성화한 뒤 , Task Start( 상승 엣지 ) 신호를 입력하여 필수 설
7. (Safety I/O) | pages [35] | no_match keyword=0.25 semantic_rank=- | 신호명 설명 Safe Torque Off (L) High: 로봇이 서보 오프 , 비상 정지 상태가 아님 Low: 로봇이 서보 오프 , 비상 정지 상태 Safe Operating Stop (L) High : 로봇이 대기 상태 (Standby State) 가 아님 Low : 로봇이 대기 상태 (Standby State) 이고
8. (Safety I/O) | pages [33] | no_match keyword=0.25 semantic_rank=- | 신호명 설명 Safety Zone Dynamic Enable (H) 안전 공간 제한 ( Space Limit ) 또는 구역 ( Zone ) 을 동적으로 활성화 또는 비활성화 시킬 때 사용 가능합니다 . 공간제한 , 구역 설정 시 동적 구역 활성화를 설정한 경우에만 이 신 호를 사용할 수 있습니다 . High : 이 신호에
9. 알아보기 | pages [314] | no_match keyword=0.12 semantic_rank=- | Sub 명령어 추가하기 1. Task Editor 모듈의 우측 Command 메뉴의 Flow Control 항목에서 Sub 명령어를 추가합니다 . 서브 루틴 이름을 작성합니다 . CallSub 명령어 추가하기 1. Task Editor 모듈의 우측 Command 메뉴의 Flow Control 항목에서 Call Sub 명령
10. 명령어 예제 따라하기 | pages [288] | no_match keyword=0.00 semantic_rank=- | Compliance 명령어를 2 개 추가하십시오 . 이 명령어는 순응 제어 (Compliance Control) 을 활성화 / 비활성화하는데 사용될 예정입니다 . Compliance 명령어 사이에 Wait 명령어를 추가하십시오 . 이 명령어는 순응 제어를 유지하기 위해 사용될 예정입 니다 .",1,O,"page; keyword:모듈,태스크를,태스크,안전,신호를,신호; semantic_rank:1","1. 설정 항목 | pages [250] | page; keyword:모듈,태스크를,태스크,안전,신호를,신호; semantic_rank:1 | 필수 설정 필수 설정에서는 리모트 컨트롤 실행에 반드시 필요한 항목을 설정해야 합니다 . 이 설정을 완료해야 Remote Control 기능을 사용할 수 있습니다 . 모듈과 태스크 선택 원격 제어를 지원하는 모듈을 선택하고 , 해당 모듈 내에서 제어할 태스크를 지정합니다 . 안전 입력 신호 원격 제어 활성화 신호를 설정합
2. 원격 제어 모드 실행 절차 | pages [254] | keyword:모듈,태스크를,태스크,안전,신호를,신호; semantic_rank:3 | 필수 설정 구성 리모트 컨트롤 모듈에서 다음 항목을 필수로 설정해야 합니다 . 모듈 및 태스크 선택 목록에서 실행할 모듈과 태스크를 선택합니다 . 원격 제어 활성화 신호 지정 Robot Parameter 모듈의 안전 입출력 메뉴에서 Remote Control Enable 신호를 선택하고 , 사용할 포트를 할당합니다 . 고
3. 모듈 | pages [250] | page; keyword:모듈,태스크를,태스크,설정하고,안전,신호를 | 메뉴 구성 항목 설명 1 주의사항 모듈을 사용할 때 필요한 주의 사항을 안내합니다 . 2 필수 설정 원격 제어를 위해 필수적으로 설정해야 할 항목입니다 . 모듈 및 태스크를 설정하고 안전 입력 신호를 설정할 수 있습니다 . 3 고급 설정 원격 제어를 위한 고급 설정이 가능한 항목입니다 . 태스크의 시작 / 일시정지 / 정
4. 모듈 | pages [249] | no_match keyword=0.25 semantic_rank=- | Remote Control 모듈은 이미 만든 태스크에 대해 원격 제어를 실행할 수 있는 모듈입니다 . 작업자 권한에서는 리모트 컨트롤 모드를 시작할 수 있으나 IO 설정은 수정할 수 없습니다 . IO 설정 변경은 수 동 모드에서만 수행할 수 있습니다 .
5. 설정 항목 | pages [251] | keyword:모듈,안전,신호를,신호 | 고급 설정 고급 설정에서는 리모트 컨트롤 사용 시 필요한 선택 기능을 추가로 설정할 수 있습니다 . 이 설정들은 선택 사항이며 , 설정하지 않아도 기본 Remote Control 기능은 사용 가능합니다 . 재부팅 시 원격 제어 자동 시작 토글 버튼을 ON 으로 설정 시 , 로봇 재부팅 후 원격 제어 모드 화면으로 자동 진
6. 원격 제어 모드 실행 절차 | pages [256] | no_match keyword=0.12 semantic_rank=- | Start, Stop, Pause, Resume 명령어용 디지털 입력 포트를 설정합니다 . 리모트 컨트롤 모드 진입 설정이 완료되면 리모트 컨트롤 모드에 진입할 수 있습니다 . 리모트 컨트롤 모듈 화면에서 원격 제어 시작하기 버튼을 클릭합니다 . 원격 제어 실행 지정한 프로그램을 원격으로 실행하고 , 상태를 모니터링할 수
7. 원격 제어 모드 | pages [257] | keyword:태스크를,태스크,신호를,신호 | 원격 제어 시작 시 Remote Control Mode 화면으로 이동 가능합니다 . 예를 들어 , 리모트 컨트롤 모드 진입 이후 로봇에서 지정된 태스크를 실행하고자 한다면 , 먼저 Servo On( 상승 엣지 ) 신호를 통해 지정한 포트로 서보를 활성화한 뒤 , Task Start( 상승 엣지 ) 신호를 입력하여 필수 설
8. 안전기능의 설정 | pages [29] | semantic_rank:11 | 구분 안전 설정 기능 설명 1 기본 / 전역 설정 월드 좌표계 (World Coordinates) 설정 (p. 189) 로봇 및 작업대상을 포함한 작업영역을 대표하 는 좌표계를 설정할 수 있습니다 . 로봇 제한치 (Robot Limits) 설정 (p. 210) 조인트와 로봇 /TCP 안전 정격 감시기능의 전역 안전 제한치
9. 하드웨어 설치 | pages [115] | no_match keyword=0.00 semantic_rank=- | 로봇을 사용하기 전에 시스템 필수 요소인 로봇 , 컨트롤러 , 티치펜던트를 작업 영역에 설치하고 전원을 연결해야 합 니다 . 각 요소를 설치하는 방법은 아래와 같습니다 .
10. 6.7.3 Safety Settings | pages [217] | no_match keyword=0.25 semantic_rank=- | 항목 설명 3 Signal Setting 각 port 에 설정한 옵션입니다 . 설정할 수 있는 옵션은 다음과 같습니다 . Not Used Emergence Stop (L) Emergence Stop - No Loopback (L) Protective Stop (L) Protective Stop - STO (L) Prote",1,O,3,O,1,O,3,O
Q70,추가,I/O Overview에서 제어기 디지털 입력이 High 신호일 때와 Low 신호일 때 아이콘 색상은 각각 어떻게 표시됩니까?,상태 확인/I/O Overview,화면 판독형,"High 신호는 연두색, Low 신호는 회색으로 표시됨",page_336_img_0_0.jpeg,1,O,"keyword:high,신호,연두색,low,회색으로,회색; semantic_rank:2","1. 6.10.2 I/O Overview | pages [334] | keyword:high,신호,연두색,low,회색으로,회색; semantic_rank:2 | 제어기 입출력 제어기 디지털 입력 1. 컨트롤러에 연결된 기기의 포트 번호를 확인하십시오 . 해당 번호의 디지털 입력 상태에 따라 다음과 같이 표시됩니다 . 디지털 신호가 High 신호일 경우 , 아이콘의 색상이 연두색으로 표시됩니다 . 디지털 신호가 Low 신호일 경우 , 아이콘 색상이 회색으로 표시됩니다 .
2. 6.10.2 I/O Overview | pages [334] | keyword:high,신호,연두색,low,회색으로,회색; semantic_rank:1 | 안전 입력 1. 컨트롤러에 연결된 기기의 포트 번호를 확인하십시오 . 해당 번호의 디지털 입력 상태에 따라 다음과 같이 표시됩니다 . 디지털 신호가 High 신호일 경우 , 아이콘의 색상이 연두색으로 표시됩니다 . 디지털 신호가 Low 신호일 경우 , 아이콘 색상이 회색으로 표시됩니다 . 알아두기 디지털 입력을 안전 입력
3. 6.10.2 I/O Overview | pages [336] | page; keyword:high,신호,연두색,low,회색으로,회색; semantic_rank:11 | 컨트롤러 아날로그 출력에 있는 드롭다운 목록을 눌러 설정할 항목을 선택하십시오 . 선택한 항목에 따라 드롭다운 목록 오른쪽에 아날로그 출력 정보가 표시됩니다 . 아날로그 출력 신호 타입의 기본값은 전압입니다 . 아날로그 출력 값을 변경하십시오 . 플랜지 입출력 플랜지 디지털 입력 1. 플랜지에 연결된 기기의 포트 번호를
4. 6.7.1 Robot Settings | pages [187] | no_match keyword=0.00 semantic_rank=- | I/O Alias & Mount I/O Alias 메뉴 구성 항목 설명 1 제어기 디지털 I/O 제어기 디지털 I/O 의 이름을 각각 설정할 수 있습니다 . 2 플랜지 디지털 I/O 플랜지 디지털 I/O 의 이름을 각각 설정할 수 있습니다 . 3 제어기 아날로그 I/O 제어기 아날로그 I/O 의 이름을 각각 설정할 수 있
5. 6.10.2 I/O Overview | pages [336] | page; keyword:high,신호,연두색,low,회색으로,회색; semantic_rank:7 | 플랜지 디지털 출력 1. 플랜지에 연결된 기기의 포트 번호를 확인하십시오 . 포트 번호에 해당하는 On/Off 아이콘을 눌러 디지털 출력을 활성화하거나 비활성화하십시오 . On 아이콘을 누르면 색상이 연두색으로 변경되고 해당 포트가 활성화됩니다 . Off 아이콘을 누르면 색상이 연두색으로 변경되고 해당 포트가 비활성화됩니
6. (Safety I/O) | pages [35] | keyword:high,신호,low; semantic_rank:3 | 신호명 설명 Safe Torque Off (L) High: 로봇이 서보 오프 , 비상 정지 상태가 아님 Low: 로봇이 서보 오프 , 비상 정지 상태 Safe Operating Stop (L) High : 로봇이 대기 상태 (Standby State) 가 아님 Low : 로봇이 대기 상태 (Standby State) 이고
7. 플랜지 디지털 입력 사양 | pages [131] | no_match keyword=0.25 semantic_rank=- | 플랜지 디지털 입력은 Photo coupler 입력으로 구성되어 있습니다 . 입력 24V 기준으로 전류는 내부 저항에 의해 5mA 로 제한됩니다 . 디지털 입력의 전기적 사양은 아래와 같습니다 . Parameter Min Type Max Unit Input voltage 0 - 26 V Logical high 4.4 -
8. (Safety I/O) | pages [32] | keyword:high,신호는,신호,low; semantic_rank:5 | 신호명 설명 Protective Stop – SS1 (L) High : 정상 작동 Low : 제어 정지 후 , 모터의 전원을 차단하고 브레이크를 작동시킵니다 . Protective Stop – SS2 (L) High : 정상 작동 Low : 제어 정지 후 , Safe Operating Stop Protective Stop
9. 플랜지 디지털 출력 사양 | pages [130] | no_match keyword=0.25 semantic_rank=- | 플랜지 디지털 출력은 PNP 사양으로 Photo coupler 출력이 output 에 구성되어 있습니다 . 디지털 출력이 활성화되면 해당 출력 채널의 상태는 +24V 가 됩니다 . 디지털 출력이 비활성화 되면 해당 출력 채널의 상태는 open(floating) 됩니다 . 디지털 출력의 전기적 사양은 아래와 같습니다 . P
10. (Safety I/O) | pages [33] | keyword:high,신호는,신호,low; semantic_rank:10 | 신호명 설명 Safety Zone Dynamic Enable (H) 안전 공간 제한 ( Space Limit ) 또는 구역 ( Zone ) 을 동적으로 활성화 또는 비활성화 시킬 때 사용 가능합니다 . 공간제한 , 구역 설정 시 동적 구역 활성화를 설정한 경우에만 이 신 호를 사용할 수 있습니다 . High : 이 신호에",1,O,"keyword:high,신호,연두색,low,회색으로,회색; semantic_rank:2","1. 6.10.2 I/O Overview | pages [334] | keyword:high,신호,연두색,low,회색으로,회색; semantic_rank:2 | 제어기 입출력 제어기 디지털 입력 1. 컨트롤러에 연결된 기기의 포트 번호를 확인하십시오 . 해당 번호의 디지털 입력 상태에 따라 다음과 같이 표시됩니다 . 디지털 신호가 High 신호일 경우 , 아이콘의 색상이 연두색으로 표시됩니다 . 디지털 신호가 Low 신호일 경우 , 아이콘 색상이 회색으로 표시됩니다 .
2. 6.10.2 I/O Overview | pages [334] | keyword:high,신호,연두색,low,회색으로,회색; semantic_rank:1 | 안전 입력 1. 컨트롤러에 연결된 기기의 포트 번호를 확인하십시오 . 해당 번호의 디지털 입력 상태에 따라 다음과 같이 표시됩니다 . 디지털 신호가 High 신호일 경우 , 아이콘의 색상이 연두색으로 표시됩니다 . 디지털 신호가 Low 신호일 경우 , 아이콘 색상이 회색으로 표시됩니다 . 알아두기 디지털 입력을 안전 입력
3. 6.10.2 I/O Overview | pages [336] | page; keyword:high,신호,연두색,low,회색으로,회색; semantic_rank:11 | 컨트롤러 아날로그 출력에 있는 드롭다운 목록을 눌러 설정할 항목을 선택하십시오 . 선택한 항목에 따라 드롭다운 목록 오른쪽에 아날로그 출력 정보가 표시됩니다 . 아날로그 출력 신호 타입의 기본값은 전압입니다 . 아날로그 출력 값을 변경하십시오 . 플랜지 입출력 플랜지 디지털 입력 1. 플랜지에 연결된 기기의 포트 번호를
4. 6.10.2 I/O Overview | pages [336] | page; keyword:high,신호,연두색,low,회색으로,회색; semantic_rank:7 | 플랜지 디지털 출력 1. 플랜지에 연결된 기기의 포트 번호를 확인하십시오 . 포트 번호에 해당하는 On/Off 아이콘을 눌러 디지털 출력을 활성화하거나 비활성화하십시오 . On 아이콘을 누르면 색상이 연두색으로 변경되고 해당 포트가 활성화됩니다 . Off 아이콘을 누르면 색상이 연두색으로 변경되고 해당 포트가 비활성화됩니
5. (Safety I/O) | pages [35] | keyword:high,신호,low; semantic_rank:3 | 신호명 설명 Safe Torque Off (L) High: 로봇이 서보 오프 , 비상 정지 상태가 아님 Low: 로봇이 서보 오프 , 비상 정지 상태 Safe Operating Stop (L) High : 로봇이 대기 상태 (Standby State) 가 아님 Low : 로봇이 대기 상태 (Standby State) 이고
6. 6.10.2 I/O Overview | pages [333] | no_match keyword=0.00 semantic_rank=- | I/O Overview 화면 구성 항목 설명 1 제어기 디지털 입력 제어기 디지털 입력 설정을 할 수 있습니다 . 2 안전 입력 안전 입력 설정을 할 수 있습니다 . 3 제어기 디지털 출력 제어기 디지털 출력 설정을 할 수 있습니다 . 4 제어기 아날로그 입력 제어기 아날로그 입력 설정을 할 수 있습니다 . 5 제어기 아
7. (Safety I/O) | pages [32] | keyword:high,신호는,신호,low; semantic_rank:5 | 신호명 설명 Protective Stop – SS1 (L) High : 정상 작동 Low : 제어 정지 후 , 모터의 전원을 차단하고 브레이크를 작동시킵니다 . Protective Stop – SS2 (L) High : 정상 작동 Low : 제어 정지 후 , Safe Operating Stop Protective Stop
8. 6.10.2 I/O Overview | pages [335] | no_match keyword=0.12 semantic_rank=20 | 제어기 디지털 출력 1. 컨트롤러나 플랜지에 연결된 기기의 포트 번호를 확인하십시오 . 포트 번호에 해당하는 On/Off 아이콘을 눌러 디지털 출력을 활성화하거나 비활성화하십시오 . On 아이콘을 누르면 색상이 연두색으로 변경되고 해당 포트가 활성화됩니다 . Off 아이콘을 누르면 색상이 연두색으로 변경되고 해당 포트가
9. 설정 항목 | pages [253] | semantic_rank:8 | 전원 켜기 / 끄기 용 입력 포트를 설정할 수 있습니다 . 신호 포트 옆에 표시되는 설명은 해당 신호의 동작 조건을 나타냅니다 . 상승 엣지 입력 신호가 상승하는 경우 활성화 됩니다 . 예를 들어 , 태스크 시작 신호는 입력이 0V 에서 24V 로 상승하는 순간 활성화됩니다 . 재시도 시 신호를 다시 0V 로 낮춘 후 상
10. 구성하기 | pages [139] | no_match keyword=0.12 semantic_rank=- | 컨트롤러에는 디지털 입력 16 개 , 디지털 출력 16 개의 디지털 I/O 가 구성되어 있습니다 . 아래 그림과 같은 디지털 I/O 는 로봇 제어에 필요한 주변기기와 연결하여 사용하거나 이중화된 Safety IO 로 설정하여 안전신호 입출력 용도로 사 용할 수 있습니다 . Configurable 디지털 I/O 의 전기적",1,O,2,O,1,O,2,O
